Time (s),VGS_A,VGS_B,VDS_A,VDS_B
0.0,4.9374993152,-0.1250001664,-2.4999956480000023,34.375000576
5e-10,4.8124993279999995,-0.1250001664,-1.8749957120000005,34.375000576
1e-09,4.8124993279999995,-0.1250001664,-1.8749957120000005,34.375000576
1.5000000000000002e-09,4.8749993216,-0.1250001664,-2.4999956480000023,34.375000576
2e-09,4.8124993279999995,-0.06250017280000009,-1.8749957120000005,34.375000576
2.5e-09,4.9374993152,-0.06250017280000009,-1.2499957760000058,35.000000512
3.0000000000000004e-09,4.8749993216,-0.06250017280000009,-1.8749957120000005,35.625000448
3.5000000000000003e-09,4.9999993088,-0.1250001664,-1.8749957120000005,35.000000512
4e-09,4.9374993152,-0.1250001664,-1.2499957760000058,35.000000512
4.500000000000001e-09,4.9999993088,-1.7920000017213056e-07,-1.8749957120000005,35.000000512
5e-09,4.9999993088,-0.06250017280000009,-1.8749957120000005,35.625000448
5.5000000000000004e-09,4.9999993088,-0.1250001664,-2.4999956480000023,35.625000448
6.000000000000001e-09,4.9374993152,-0.06250017280000009,-1.2499957760000058,35.625000448
6.5e-09,4.8749993216,-0.1250001664,-1.8749957120000005,36.250000384
7.000000000000001e-09,4.8749993216,-0.06250017280000009,-1.2499957760000058,35.625000448
7.500000000000001e-09,4.8749993216,-0.1250001664,-1.8749957120000005,36.250000384
8e-09,4.8749993216,-0.06250017280000009,-1.8749957120000005,36.250000384
8.5e-09,4.8124993279999995,-0.06250017280000009,-1.8749957120000005,36.250000384
9.000000000000001e-09,4.8749993216,-0.1250001664,-1.8749957120000005,37.500000256
9.5e-09,4.9374993152,-0.18750016000000014,-2.4999956480000023,36.87500032
1e-08,4.9374993152,-0.1250001664,-1.2499957760000058,36.87500032
1.0500000000000001e-08,4.9374993152,-0.06250017280000009,-1.2499957760000058,37.500000256
1.1000000000000001e-08,4.9999993088,-0.06250017280000009,-1.8749957120000005,36.87500032
1.15e-08,4.9999993088,-0.06250017280000009,-1.2499957760000058,38.125000192
1.2000000000000002e-08,4.9374993152,-0.06250017280000009,-1.2499957760000058,38.125000192
1.2500000000000001e-08,4.6874993408,-0.06250017280000009,-1.2499957760000058,37.500000256
1.3e-08,3.8124994304,-0.06250017280000009,-1.8749957120000005,36.87500032
1.35e-08,2.9374995200000003,-0.06250017280000009,-2.4999956480000023,36.87500032
1.4000000000000001e-08,2.5624995584,-0.1250001664,-0.624995840000004,36.87500032
1.45e-08,2.6249995520000002,-0.1250001664,-1.8749957120000005,36.87500032
1.5000000000000002e-08,2.4999995647999995,-0.06250017280000009,-1.8749957120000005,36.87500032
1.55e-08,1.8749996288,-0.06250017280000009,-1.2499957760000058,37.500000256
1.6e-08,1.2499996928,-1.7920000017213056e-07,-1.2499957760000058,37.500000256
1.6500000000000002e-08,0.4374997760000001,0.062499814399999964,-1.8749957120000005,36.87500032
1.7e-08,-0.31250014719999997,-0.06250017280000009,-1.8749957120000005,36.87500032
1.75e-08,-1.0000000768000001,-0.1250001664,-2.4999956480000023,36.87500032
1.8000000000000002e-08,-1.437500032,-0.1250001664,-1.2499957760000058,36.250000384
1.85e-08,-1.8124999936,-0.1250001664,-1.8749957120000005,36.250000384
1.9e-08,-1.9374999808,-0.1250001664,-2.4999956480000023,36.250000384
1.9500000000000003e-08,-1.8749999872,-0.18750016000000014,-1.8749957120000005,36.250000384
2e-08,-1.8124999936,-0.18750016000000014,-1.2499957760000058,36.250000384
2.05e-08,-1.5000000256,-0.06250017280000009,-1.8749957120000005,34.375000576
2.1000000000000003e-08,-1.1875000575999999,-0.1250001664,-1.8749957120000005,34.375000576
2.15e-08,-0.7500001024,-0.1250001664,-1.8749957120000005,33.750000639999996
2.2000000000000002e-08,-0.31250014719999997,-0.06250017280000009,-1.2499957760000058,33.125000704
2.2500000000000003e-08,0.12499980799999988,-0.1250001664,-3.124995584000004,33.125000704
2.3e-08,0.49999976960000003,-0.1250001664,-1.8749957120000005,32.500000768
2.3500000000000002e-08,0.6249997567999999,-0.18750016000000014,-1.8749957120000005,32.500000768
2.4000000000000003e-08,0.6249997567999999,-0.1250001664,-0.624995840000004,31.250000896
2.45e-08,0.4374997760000001,-0.06250017280000009,4.0959999978440464e-06,31.250000896
2.5000000000000002e-08,0.5624997632,-0.1250001664,1.2500039680000015,30.62500096
2.55e-08,0.7499997440000001,-0.06250017280000009,1.8750039039999962,30.000001024
2.6e-08,0.7499997440000001,-0.06250017280000009,4.375003647999996,28.750001152
2.6500000000000002e-08,0.5624997632,-0.06250017280000009,6.250003456000002,28.125001216
2.7e-08,0.31249978879999984,-0.06250017280000009,7.500003327999998,26.875001343999998
2.75e-08,0.062499814399999964,-0.06250017280000009,8.125003264,26.250001408
2.8000000000000003e-08,-0.18750016000000014,-0.06250017280000009,8.125003264,26.250001408
2.85e-08,-0.18750016000000014,-1.7920000017213056e-07,7.500003327999998,24.375001599999997
2.9e-08,-0.1250001664,-0.06250017280000009,8.125003264,23.750001664
2.9500000000000003e-08,-0.18750016000000014,-0.06250017280000009,9.375003135999997,22.500001792
3.0000000000000004e-08,-0.3750001408000001,-0.06250017280000009,12.500002815999999,21.875001855999997
3.05e-08,-0.5625001216000001,-0.1250001664,14.375002623999997,20.625001984
3.1e-08,-0.6250001152,-0.06250017280000009,15.625002496,20.000002048
3.1500000000000004e-08,-0.5000001279999999,-0.06250017280000009,15.000002559999999,18.750002176
3.2e-08,-0.25000015360000005,-0.1250001664,15.000002559999999,17.500002304
3.25e-08,-1.7920000017213056e-07,-0.1250001664,14.375002623999997,16.875002367999997
3.3000000000000004e-08,0.062499814399999964,-0.18750016000000014,16.875002367999997,15.625002496
3.35e-08,-0.1250001664,-0.1250001664,19.375002111999997,15.000002559999999
3.4e-08,-0.25000015360000005,-0.1250001664,22.500001792,13.125002752
3.4500000000000005e-08,-0.31250014719999997,-0.1250001664,23.750001664,12.500002815999999
3.5e-08,-1.7920000017213056e-07,-0.1250001664,21.875001855999997,11.250002943999998
3.55e-08,0.24999979519999993,-0.18750016000000014,21.25000192,10.625003008
3.6000000000000005e-08,0.31249978879999984,-0.1250001664,22.500001792,9.375003135999997
3.65e-08,0.18749980160000002,-0.06250017280000009,25.000001536,8.125003264
3.7e-08,-0.06250017280000009,-0.1250001664,27.50000128,8.125003264
3.7500000000000005e-08,-0.18750016000000014,-0.1250001664,28.750001152,6.875003391999996
3.8e-08,-0.1250001664,-0.18750016000000014,30.000001024,5.000003583999998
3.85e-08,-1.7920000017213056e-07,-0.18750016000000014,27.50000128,3.7500037119999945
3.9000000000000005e-08,0.062499814399999964,-0.18750016000000014,26.875001343999998,3.125003776
3.95e-08,-0.06250017280000009,-0.18750016000000014,28.125001216,3.125003776
4e-08,-0.25000015360000005,-0.1250001664,30.62500096,1.8750039039999962
4.0500000000000005e-08,-0.31250014719999997,-0.18750016000000014,33.125000704,1.2500039680000015
4.1e-08,-0.1250001664,-0.31250014719999997,33.750000639999996,4.0959999978440464e-06
4.15e-08,-0.06250017280000009,-0.25000015360000005,31.875000831999998,-1.2499957760000058
4.2000000000000006e-08,-0.06250017280000009,-0.25000015360000005,32.500000768,-2.4999956480000023
4.2500000000000003e-08,-0.31250014719999997,-0.18750016000000014,32.500000768,-3.124995584000004
4.3e-08,-0.3750001408000001,-0.31250014719999997,34.375000576,-3.124995584000004
4.3500000000000006e-08,-0.1250001664,-0.3750001408000001,36.250000384,-3.749995519999999
4.4000000000000004e-08,0.062499814399999964,-0.3750001408000001,36.87500032,-3.749995519999999
4.45e-08,0.18749980160000002,-0.31250014719999997,35.000000512,-5.624995328000004
4.5000000000000006e-08,-1.7920000017213056e-07,-0.31250014719999997,34.375000576,-6.249995264000006
4.5500000000000004e-08,-0.18750016000000014,-0.25000015360000005,35.625000448,-5.624995328000004
4.6e-08,-0.25000015360000005,-0.31250014719999997,38.125000192,-4.374995456000001
4.6500000000000006e-08,-0.1250001664,-0.31250014719999997,39.375000064,-3.749995519999999
4.7000000000000004e-08,-1.7920000017213056e-07,-0.25000015360000005,38.750000127999996,-4.374995456000001
4.75e-08,0.062499814399999964,-0.1250001664,35.625000448,-3.749995519999999
4.8000000000000006e-08,-1.7920000017213056e-07,0.12499980799999988,36.250000384,-3.749995519999999
4.8500000000000004e-08,-0.25000015360000005,0.37499978239999976,36.87500032,-3.124995584000004
4.9e-08,-0.18750016000000014,0.7499997440000001,39.375000064,-2.4999956480000023
4.95e-08,-0.06250017280000009,1.3749996799999997,39.375000064,-1.2499957760000058
5.0000000000000004e-08,0.12499980799999988,1.8749996288,39.375000064,-0.624995840000004
5.05e-08,-1.7920000017213056e-07,2.3749995775999997,38.750000127999996,-0.624995840000004
5.1e-08,-0.18750016000000014,2.7499995392,37.500000256,-0.624995840000004
5.1500000000000005e-08,-0.25000015360000005,2.9999995135999997,38.750000127999996,4.0959999978440464e-06
5.2e-08,-0.1250001664,3.2499994880000003,40.0,4.0959999978440464e-06
5.25e-08,0.062499814399999964,3.5624994559999994,39.375000064,-0.624995840000004
5.3000000000000005e-08,0.12499980799999988,3.7499994367999996,38.750000127999996,-1.2499957760000058
5.35e-08,-0.06250017280000009,3.9374994175999998,38.125000192,-1.8749957120000005
5.4e-08,-0.25000015360000005,4.1249993984,38.750000127999996,-1.8749957120000005
5.4500000000000005e-08,-0.31250014719999997,4.3124993792,39.375000064,-1.8749957120000005
5.5e-08,-0.18750016000000014,4.4999993599999994,40.0,-2.4999956480000023
5.55e-08,0.062499814399999964,4.6874993408,39.375000064,-3.124995584000004
5.6000000000000005e-08,0.18749980160000002,4.8749993216,38.125000192,-3.749995519999999
5.65e-08,-1.7920000017213056e-07,4.9999993088,38.125000192,-3.124995584000004
5.7e-08,-0.1250001664,5.0624993024,38.125000192,-1.2499957760000058
5.7500000000000005e-08,-0.18750016000000014,5.1249992959999995,38.125000192,-1.2499957760000058
5.8e-08,-0.06250017280000009,5.1874992896,39.375000064,-1.8749957120000005
5.85e-08,0.12499980799999988,5.3749992704,39.375000064,-1.2499957760000058
5.9000000000000006e-08,0.12499980799999988,5.4999992576,38.750000127999996,-1.2499957760000058
5.9500000000000003e-08,-1.7920000017213056e-07,5.4999992576,38.125000192,-0.624995840000004
6.000000000000001e-08,-0.1250001664,5.4999992576,38.125000192,-0.624995840000004
6.05e-08,-0.06250017280000009,5.3124992768,37.500000256,-1.2499957760000058
6.1e-08,-1.7920000017213056e-07,5.1249992959999995,37.500000256,-1.8749957120000005
6.15e-08,0.062499814399999964,5.1249992959999995,36.87500032,-3.124995584000004
6.2e-08,-1.7920000017213056e-07,5.1249992959999995,37.500000256,-3.124995584000004
6.250000000000001e-08,-0.06250017280000009,5.1249992959999995,36.87500032,-2.4999956480000023
6.300000000000001e-08,-0.18750016000000014,5.1249992959999995,37.500000256,-1.8749957120000005
6.35e-08,-0.1250001664,4.9999993088,36.87500032,-1.2499957760000058
6.4e-08,-1.7920000017213056e-07,4.9999993088,36.87500032,-1.2499957760000058
6.45e-08,-1.7920000017213056e-07,4.9999993088,36.87500032,-1.8749957120000005
6.5e-08,-0.06250017280000009,4.9999993088,36.87500032,-1.2499957760000058
6.55e-08,-0.06250017280000009,4.9374993152,36.250000384,-1.2499957760000058
6.600000000000001e-08,-1.7920000017213056e-07,4.9374993152,37.500000256,-1.8749957120000005
6.65e-08,-1.7920000017213056e-07,4.8124993279999995,36.87500032,-1.2499957760000058
6.7e-08,-1.7920000017213056e-07,4.6874993408,36.250000384,-1.8749957120000005
6.75e-08,-0.06250017280000009,4.6249993472,36.87500032,-1.2499957760000058
6.8e-08,-1.7920000017213056e-07,4.5624993536,36.87500032,-1.2499957760000058
6.85e-08,-1.7920000017213056e-07,4.6249993472,36.250000384,-1.8749957120000005
6.900000000000001e-08,-1.7920000017213056e-07,4.6249993472,36.250000384,-2.4999956480000023
6.950000000000001e-08,-1.7920000017213056e-07,4.6249993472,35.625000448,-2.4999956480000023
7e-08,-1.7920000017213056e-07,4.7499993344,36.250000384,-1.8749957120000005
7.05e-08,-1.7920000017213056e-07,4.7499993344,36.87500032,-1.8749957120000005
7.1e-08,-1.7920000017213056e-07,4.8124993279999995,36.87500032,-1.8749957120000005
7.15e-08,0.062499814399999964,4.7499993344,36.250000384,-1.2499957760000058
7.200000000000001e-08,0.062499814399999964,4.7499993344,36.250000384,-1.8749957120000005
7.250000000000001e-08,-1.7920000017213056e-07,4.6874993408,36.87500032,-2.4999956480000023
7.3e-08,-1.7920000017213056e-07,4.7499993344,36.250000384,-1.2499957760000058
7.35e-08,-1.7920000017213056e-07,4.7499993344,36.250000384,-2.4999956480000023
7.4e-08,-1.7920000017213056e-07,4.8124993279999995,37.500000256,-3.124995584000004
7.45e-08,-1.7920000017213056e-07,4.8124993279999995,36.87500032,-2.4999956480000023
7.500000000000001e-08,-0.06250017280000009,4.8124993279999995,36.87500032,-1.8749957120000005
7.550000000000001e-08,-0.1250001664,4.8749993216,37.500000256,-1.2499957760000058
7.6e-08,-0.1250001664,5.0624993024,36.87500032,-1.2499957760000058
7.65e-08,0.062499814399999964,5.1249992959999995,36.250000384,-1.8749957120000005
7.7e-08,-1.7920000017213056e-07,5.1249992959999995,36.87500032,-1.2499957760000058
7.75e-08,-1.7920000017213056e-07,5.1249992959999995,37.500000256,-1.2499957760000058
7.800000000000001e-08,-1.7920000017213056e-07,4.9374993152,38.125000192,-1.8749957120000005
7.850000000000001e-08,-0.06250017280000009,4.8749993216,37.500000256,-1.2499957760000058
7.9e-08,-1.7920000017213056e-07,4.9374993152,38.125000192,-1.8749957120000005
7.95e-08,-1.7920000017213056e-07,4.8749993216,37.500000256,-1.8749957120000005
8e-08,0.062499814399999964,4.8749993216,38.125000192,-2.4999956480000023
8.05e-08,-0.06250017280000009,4.8749993216,38.750000127999996,-2.4999956480000023
8.100000000000001e-08,-0.1250001664,4.8749993216,38.125000192,-1.8749957120000005
8.150000000000001e-08,-0.06250017280000009,4.8749993216,38.125000192,-1.2499957760000058
8.2e-08,-1.7920000017213056e-07,5.0624993024,38.750000127999996,-1.8749957120000005
8.25e-08,0.062499814399999964,4.9999993088,38.750000127999996,-1.8749957120000005
8.3e-08,0.12499980799999988,4.9999993088,38.750000127999996,-1.2499957760000058
8.35e-08,0.12499980799999988,4.8124993279999995,39.375000064,-0.624995840000004
8.400000000000001e-08,-1.7920000017213056e-07,4.8124993279999995,38.750000127999996,-1.2499957760000058
8.450000000000001e-08,-1.7920000017213056e-07,4.8749993216,38.125000192,-1.8749957120000005
8.500000000000001e-08,-0.06250017280000009,4.8749993216,38.750000127999996,-2.4999956480000023
8.55e-08,-0.06250017280000009,4.8124993279999995,38.125000192,-2.4999956480000023
8.6e-08,-0.06250017280000009,4.8124993279999995,38.750000127999996,-1.8749957120000005
8.65e-08,-0.06250017280000009,4.8124993279999995,38.750000127999996,-1.8749957120000005
8.700000000000001e-08,-0.18750016000000014,4.9374993152,39.375000064,-1.8749957120000005
8.750000000000001e-08,-0.06250017280000009,4.9999993088,38.750000127999996,-1.2499957760000058
8.800000000000001e-08,-0.06250017280000009,4.9999993088,38.750000127999996,-1.2499957760000058
8.85e-08,-0.06250017280000009,5.0624993024,38.125000192,-1.2499957760000058
8.9e-08,-1.7920000017213056e-07,4.9999993088,38.125000192,-1.2499957760000058
8.95e-08,0.062499814399999964,4.9374993152,38.750000127999996,-1.8749957120000005
9.000000000000001e-08,0.062499814399999964,4.9374993152,39.375000064,-1.2499957760000058
9.050000000000001e-08,0.062499814399999964,4.8749993216,38.750000127999996,-1.2499957760000058
9.100000000000001e-08,-0.06250017280000009,4.7499993344,38.125000192,-1.8749957120000005
9.15e-08,-0.06250017280000009,4.7499993344,38.125000192,-2.4999956480000023
9.2e-08,-0.1250001664,4.8749993216,38.750000127999996,-1.8749957120000005
9.25e-08,-1.7920000017213056e-07,4.9374993152,38.125000192,-2.4999956480000023
9.300000000000001e-08,-1.7920000017213056e-07,4.8749993216,37.500000256,-1.2499957760000058
9.350000000000001e-08,-1.7920000017213056e-07,4.3749993728,36.250000384,-1.8749957120000005
9.400000000000001e-08,-1.7920000017213056e-07,3.3124994815999997,37.500000256,-1.8749957120000005
9.45e-08,-1.7920000017213056e-07,2.3749995775999997,36.250000384,-1.8749957120000005
9.5e-08,-1.7920000017213056e-07,2.1874995968,36.87500032,-1.8749957120000005
9.55e-08,-1.7920000017213056e-07,2.312499584,36.250000384,-2.4999956480000023
9.600000000000001e-08,0.062499814399999964,2.2499995904,35.625000448,-1.8749957120000005
9.650000000000001e-08,-1.7920000017213056e-07,1.8749996288,35.000000512,-1.8749957120000005
9.700000000000001e-08,-1.7920000017213056e-07,1.1874996992,33.750000639999996,-0.624995840000004
9.75e-08,-0.06250017280000009,0.6874997503999998,33.125000704,1.2500039680000015
9.8e-08,-0.06250017280000009,0.18749980160000002,33.750000639999996,1.8750039039999962
9.85e-08,-0.06250017280000009,-0.31250014719999997,32.500000768,3.125003776
9.9e-08,-0.06250017280000009,-0.8750000896000001,31.250000896,3.125003776
9.950000000000001e-08,-0.1250001664,-1.3125000448000002,30.62500096,4.375003647999996
1.0000000000000001e-07,-0.06250017280000009,-1.5625000192,31.250000896,5.62500352
1.005e-07,-1.7920000017213056e-07,-1.6250000128,30.000001024,6.250003456000002
1.01e-07,-1.7920000017213056e-07,-1.6250000128,29.375001087999998,7.500003327999998
1.015e-07,0.062499814399999964,-1.5000000256,27.50000128,8.750003199999998
1.02e-07,-0.06250017280000009,-1.2500000512,28.125001216,10.000003071999998
1.0250000000000001e-07,-0.06250017280000009,-0.9375000832,26.250001408,11.875002879999997
1.0300000000000001e-07,-0.1250001664,-0.6250001152,26.250001408,11.875002879999997
1.0350000000000001e-07,-0.1250001664,-0.25000015360000005,24.375001599999997,12.500002815999999
1.04e-07,-0.1250001664,0.12499980799999988,24.375001599999997,13.125002752
1.045e-07,-0.18750016000000014,0.37499978239999976,23.125001728,15.000002559999999
1.05e-07,-0.06250017280000009,0.4374997760000001,22.500001792,16.250002432
1.0550000000000001e-07,-0.06250017280000009,0.4374997760000001,21.25000192,17.500002304
1.0600000000000001e-07,-0.06250017280000009,0.5624997632,20.000002048,18.750002176
1.0650000000000001e-07,-0.06250017280000009,0.6249997567999999,18.750002176,21.25000192
1.07e-07,-0.18750016000000014,0.6874997503999998,17.500002304,21.25000192
1.075e-07,-0.18750016000000014,0.6874997503999998,16.875002367999997,21.875001855999997
1.08e-07,-0.18750016000000014,0.5624997632,16.250002432,22.500001792
1.0850000000000001e-07,-0.18750016000000014,0.4374997760000001,14.375002623999997,23.750001664
1.0900000000000001e-07,-0.18750016000000014,0.24999979519999993,13.750002687999999,25.000001536
1.0950000000000001e-07,-0.18750016000000014,-1.7920000017213056e-07,11.875002879999997,26.250001408
1.1e-07,-0.25000015360000005,-0.18750016000000014,11.875002879999997,26.875001343999998
1.105e-07,-0.31250014719999997,-0.18750016000000014,10.625003008,28.750001152
1.11e-07,-0.25000015360000005,-0.25000015360000005,10.000003071999998,29.375001087999998
1.1150000000000001e-07,-0.18750016000000014,-0.31250014719999997,8.125003264,30.000001024
1.1200000000000001e-07,-0.18750016000000014,-0.31250014719999997,8.125003264,30.62500096
1.1250000000000001e-07,-0.3750001408000001,-0.31250014719999997,6.250003456000002,31.250000896
1.13e-07,-0.3750001408000001,-0.3750001408000001,5.62500352,31.875000831999998
1.135e-07,-0.4375001344,-0.3750001408000001,4.375003647999996,31.875000831999998
1.14e-07,-0.25000015360000005,-0.25000015360000005,3.7500037119999945,33.750000639999996
1.1450000000000001e-07,-0.06250017280000009,-0.18750016000000014,3.125003776,35.625000448
1.1500000000000001e-07,0.31249978879999984,-0.1250001664,1.8750039039999962,36.250000384
1.1550000000000001e-07,0.6874997503999998,-0.1250001664,1.2500039680000015,36.250000384
1.16e-07,0.9999997183999998,-1.7920000017213056e-07,4.0959999978440464e-06,36.250000384
1.165e-07,1.3749996799999997,0.062499814399999964,-0.624995840000004,35.625000448
1.17e-07,1.8749996288,0.12499980799999988,-1.8749957120000005,35.625000448
1.1750000000000001e-07,2.4374995712,0.12499980799999988,-1.8749957120000005,37.500000256
1.1800000000000001e-07,2.8124995327999995,0.062499814399999964,-1.2499957760000058,38.750000127999996
1.1850000000000001e-07,3.2499994880000003,-1.7920000017213056e-07,-3.124995584000004,38.750000127999996
1.1900000000000001e-07,3.6249994495999998,0.062499814399999964,-3.749995519999999,38.750000127999996
1.195e-07,3.9374994175999998,-1.7920000017213056e-07,-4.374995456000001,39.375000064
1.2000000000000002e-07,4.187499391999999,0.062499814399999964,-3.124995584000004,38.750000127999996
1.205e-07,4.187499391999999,0.062499814399999964,-3.124995584000004,39.375000064
1.21e-07,4.4374993664,-0.1250001664,-3.124995584000004,39.375000064
1.215e-07,4.4999993599999994,-0.18750016000000014,-3.749995519999999,40.0
1.22e-07,4.6874993408,-0.1250001664,-2.4999956480000023,40.0
1.2250000000000002e-07,4.6874993408,-0.18750016000000014,-3.124995584000004,40.0
1.23e-07,4.8124993279999995,-0.1250001664,-3.124995584000004,40.0
1.2350000000000001e-07,4.9999993088,-0.25000015360000005,-2.4999956480000023,40.624999936
1.24e-07,5.0624993024,-0.18750016000000014,-1.8749957120000005,40.624999936
1.245e-07,5.249999283199999,-0.18750016000000014,-1.8749957120000005,40.0
1.2500000000000002e-07,5.249999283199999,-0.1250001664,-1.8749957120000005,39.375000064
1.255e-07,5.3749992704,-0.06250017280000009,-1.8749957120000005,40.0
1.2600000000000002e-07,5.4374992639999995,-0.1250001664,-0.624995840000004,40.624999936
1.265e-07,5.3749992704,-0.1250001664,-1.8749957120000005,40.624999936
1.27e-07,5.3124992768,-0.1250001664,-1.2499957760000058,40.624999936
1.275e-07,5.249999283199999,-0.1250001664,-1.8749957120000005,40.0
1.28e-07,5.249999283199999,-1.7920000017213056e-07,-1.2499957760000058,38.750000127999996
1.2850000000000002e-07,5.0624993024,0.062499814399999964,-1.8749957120000005,38.125000192
1.29e-07,5.0624993024,-1.7920000017213056e-07,-1.8749957120000005,39.375000064
1.2950000000000001e-07,5.0624993024,-0.1250001664,-2.4999956480000023,40.0
1.3e-07,4.9999993088,-0.06250017280000009,-1.8749957120000005,39.375000064
1.305e-07,4.9374993152,-0.06250017280000009,-2.4999956480000023,38.750000127999996
1.31e-07,4.9374993152,-0.06250017280000009,-2.4999956480000023,38.750000127999996
1.315e-07,4.9999993088,-1.7920000017213056e-07,-2.4999956480000023,38.125000192
1.3200000000000002e-07,4.9374993152,-0.06250017280000009,-1.2499957760000058,38.750000127999996
1.325e-07,4.9374993152,-0.1250001664,-1.8749957120000005,37.500000256
1.33e-07,4.8749993216,-0.18750016000000014,-1.8749957120000005,36.87500032
1.335e-07,4.9374993152,-0.1250001664,-1.8749957120000005,37.500000256
1.34e-07,4.8124993279999995,-0.1250001664,-0.624995840000004,37.500000256
1.3450000000000002e-07,4.8124993279999995,-0.1250001664,-1.8749957120000005,36.87500032
1.35e-07,4.8124993279999995,-0.06250017280000009,-1.2499957760000058,36.250000384
1.3550000000000002e-07,4.8124993279999995,-0.06250017280000009,-1.8749957120000005,36.250000384
1.36e-07,4.8124993279999995,-0.1250001664,-1.8749957120000005,35.625000448
1.365e-07,4.6874993408,-0.06250017280000009,-2.4999956480000023,35.625000448
1.37e-07,4.8124993279999995,-0.18750016000000014,-2.4999956480000023,35.625000448
1.375e-07,4.8124993279999995,-0.1250001664,-2.4999956480000023,35.625000448
1.3800000000000002e-07,4.9374993152,-0.1250001664,-1.8749957120000005,36.250000384
1.385e-07,4.9374993152,-0.1250001664,-1.8749957120000005,35.625000448
1.3900000000000001e-07,4.9374993152,-0.1250001664,-1.8749957120000005,35.000000512
1.395e-07,4.9374993152,-0.06250017280000009,-1.8749957120000005,35.000000512
1.4e-07,4.8749993216,-0.06250017280000009,-1.2499957760000058,35.000000512
1.4050000000000002e-07,4.9374993152,-0.06250017280000009,-1.2499957760000058,34.375000576
1.41e-07,4.8749993216,-0.1250001664,-1.8749957120000005,34.375000576
1.4150000000000002e-07,4.8749993216,-0.1250001664,-1.8749957120000005,35.000000512
1.42e-07,4.8749993216,-0.06250017280000009,-1.2499957760000058,34.375000576
1.425e-07,4.8749993216,-0.06250017280000009,-1.8749957120000005,34.375000576
1.43e-07,4.9374993152,-0.06250017280000009,-1.8749957120000005,34.375000576
1.435e-07,4.9374993152,-0.1250001664,-0.624995840000004,34.375000576
1.4400000000000002e-07,5.0624993024,-0.18750016000000014,-1.2499957760000058,33.750000639999996
1.445e-07,4.9999993088,-0.1250001664,-1.8749957120000005,34.375000576
1.4500000000000001e-07,5.1249992959999995,-0.18750016000000014,-1.2499957760000058,33.750000639999996
1.455e-07,5.0624993024,-0.18750016000000014,-1.8749957120000005,34.375000576
1.46e-07,4.9999993088,-0.06250017280000009,-0.624995840000004,34.375000576
1.4650000000000002e-07,4.9999993088,-0.1250001664,-1.2499957760000058,34.375000576
1.47e-07,4.9374993152,-0.1250001664,-1.8749957120000005,34.375000576
1.4750000000000002e-07,4.8749993216,-0.1250001664,-1.2499957760000058,34.375000576
1.48e-07,4.8124993279999995,-0.1250001664,-1.2499957760000058,35.000000512
1.485e-07,4.8124993279999995,-0.06250017280000009,-1.8749957120000005,34.375000576
1.49e-07,4.8124993279999995,-0.06250017280000009,-1.8749957120000005,34.375000576
1.495e-07,4.9374993152,-0.1250001664,-1.2499957760000058,34.375000576
1.5000000000000002e-07,4.8124993279999995,-0.1250001664,-0.624995840000004,35.625000448
1.505e-07,4.8749993216,-0.06250017280000009,-1.2499957760000058,35.000000512
1.5100000000000002e-07,4.8749993216,-0.1250001664,-1.2499957760000058,35.000000512
1.515e-07,4.9374993152,-0.1250001664,-1.2499957760000058,35.000000512
1.52e-07,4.9999993088,-0.1250001664,-1.2499957760000058,35.000000512
1.5250000000000002e-07,4.9374993152,-0.06250017280000009,-1.8749957120000005,35.000000512
1.53e-07,4.9999993088,-0.1250001664,-1.2499957760000058,35.625000448
1.5350000000000002e-07,4.9374993152,-0.06250017280000009,-1.8749957120000005,35.625000448
1.54e-07,4.8749993216,-0.06250017280000009,-1.2499957760000058,35.625000448
1.5450000000000001e-07,4.8124993279999995,-0.1250001664,-1.2499957760000058,36.87500032
1.55e-07,4.7499993344,-0.1250001664,-1.8749957120000005,36.250000384
1.555e-07,4.8749993216,-0.1250001664,-1.8749957120000005,36.250000384
1.5600000000000002e-07,4.8124993279999995,-0.1250001664,-1.2499957760000058,36.87500032
1.565e-07,4.8749993216,-0.1250001664,-1.8749957120000005,35.625000448
1.5700000000000002e-07,4.9374993152,-0.1250001664,-1.8749957120000005,35.625000448
1.575e-07,4.9374993152,-0.06250017280000009,-1.8749957120000005,36.87500032
1.58e-07,4.9374993152,-0.1250001664,-0.624995840000004,36.87500032
1.5850000000000002e-07,4.9374993152,-0.18750016000000014,-1.8749957120000005,36.87500032
1.59e-07,4.9374993152,-0.1250001664,-1.2499957760000058,36.87500032
1.5950000000000002e-07,4.9999993088,-0.1250001664,-1.8749957120000005,37.500000256
1.6e-07,4.6874993408,-0.1250001664,-1.8749957120000005,37.500000256
1.6050000000000001e-07,3.7499994367999996,-0.06250017280000009,-2.4999956480000023,37.500000256
1.61e-07,2.8749995264,-0.06250017280000009,-1.8749957120000005,37.500000256
1.615e-07,2.5624995584,-0.06250017280000009,-2.4999956480000023,37.500000256
1.6200000000000002e-07,2.6874995455999997,-0.06250017280000009,-1.8749957120000005,37.500000256
1.625e-07,2.4374995712,-0.06250017280000009,-1.2499957760000058,37.500000256
1.6300000000000002e-07,1.8749996288,-0.06250017280000009,-1.8749957120000005,38.125000192
1.635e-07,1.1874996992,-0.06250017280000009,-1.8749957120000005,37.500000256
1.64e-07,0.49999976960000003,-0.06250017280000009,-1.2499957760000058,36.87500032
1.645e-07,-0.31250014719999997,-1.7920000017213056e-07,-1.2499957760000058,36.250000384
1.65e-07,-1.0000000768000001,-0.06250017280000009,-1.8749957120000005,36.250000384
1.6550000000000002e-07,-1.437500032,-0.06250017280000009,-2.4999956480000023,36.87500032
1.66e-07,-1.8749999872,-0.1250001664,-1.2499957760000058,35.625000448
1.6650000000000002e-07,-1.9999999744,-0.06250017280000009,-1.8749957120000005,35.625000448
1.67e-07,-1.8749999872,-0.06250017280000009,-1.8749957120000005,36.250000384
1.675e-07,-1.8124999936,-0.1250001664,-1.8749957120000005,35.625000448
1.6800000000000002e-07,-1.5625000192,-0.06250017280000009,-1.8749957120000005,34.375000576
1.685e-07,-1.3125000448000002,-0.06250017280000009,-1.8749957120000005,33.750000639999996
1.6900000000000002e-07,-0.8125000960000001,-0.1250001664,-1.8749957120000005,34.375000576
1.695e-07,-0.25000015360000005,-0.1250001664,-2.4999956480000023,34.375000576
1.7000000000000001e-07,0.18749980160000002,-0.1250001664,-1.8749957120000005,33.125000704
1.705e-07,0.5624997632,-0.06250017280000009,-1.2499957760000058,32.500000768
1.71e-07,0.6249997567999999,-0.1250001664,-1.8749957120000005,31.875000831999998
1.7150000000000002e-07,0.49999976960000003,-0.1250001664,-1.2499957760000058,30.62500096
1.72e-07,0.49999976960000003,-0.06250017280000009,0.6250040319999997,30.000001024
1.7250000000000002e-07,0.6249997567999999,-0.06250017280000009,0.6250040319999997,29.375001087999998
1.73e-07,0.7499997440000001,-0.06250017280000009,2.500003839999998,28.750001152
1.735e-07,0.6874997503999998,-0.06250017280000009,3.125003776,28.750001152
1.7400000000000002e-07,0.49999976960000003,-0.06250017280000009,6.250003456000002,27.50000128
1.745e-07,0.24999979519999993,-1.7920000017213056e-07,6.875003391999996,27.50000128
1.7500000000000002e-07,-1.7920000017213056e-07,-0.06250017280000009,8.750003199999998,26.250001408
1.755e-07,-0.25000015360000005,-0.06250017280000009,6.875003391999996,25.625001472
1.7600000000000001e-07,-0.18750016000000014,-1.7920000017213056e-07,6.875003391999996,23.750001664
1.765e-07,-0.18750016000000014,-1.7920000017213056e-07,8.125003264,23.750001664
1.77e-07,-0.18750016000000014,-1.7920000017213056e-07,9.375003135999997,23.125001728
1.7750000000000002e-07,-0.3750001408000001,-0.1250001664,11.250002943999998,21.875001855999997
1.78e-07,-0.5625001216000001,-0.1250001664,14.375002623999997,20.625001984
1.7850000000000002e-07,-0.6250001152,-0.06250017280000009,15.625002496,19.375002111999997
1.79e-07,-0.5000001279999999,-0.06250017280000009,15.000002559999999,18.750002176
1.795e-07,-0.25000015360000005,-0.1250001664,15.000002559999999,18.12500224
1.8000000000000002e-07,-1.7920000017213056e-07,-0.1250001664,15.625002496,17.500002304
1.805e-07,0.062499814399999964,-0.1250001664,16.875002367999997,15.625002496
1.8100000000000002e-07,-0.06250017280000009,-0.06250017280000009,20.000002048,14.375002623999997
1.815e-07,-0.25000015360000005,-0.06250017280000009,22.500001792,13.125002752
1.8200000000000002e-07,-0.25000015360000005,-0.1250001664,23.125001728,11.250002943999998
1.825e-07,-1.7920000017213056e-07,-0.1250001664,21.25000192,10.625003008
1.83e-07,0.24999979519999993,-0.1250001664,20.625001984,10.000003071999998
1.8350000000000002e-07,0.31249978879999984,-0.1250001664,21.875001855999997,9.375003135999997
1.84e-07,0.18749980160000002,-0.1250001664,24.375001599999997,8.125003264
1.8450000000000002e-07,-0.18750016000000014,-0.1250001664,27.50000128,6.250003456000002
1.85e-07,-0.18750016000000014,-0.18750016000000014,30.000001024,6.250003456000002
1.8550000000000001e-07,-0.1250001664,-0.18750016000000014,28.750001152,4.375003647999996
1.8600000000000002e-07,0.062499814399999964,-0.18750016000000014,27.50000128,3.7500037119999945
1.865e-07,0.062499814399999964,-0.1250001664,26.250001408,2.500003839999998
1.8700000000000002e-07,-0.06250017280000009,-0.18750016000000014,27.50000128,1.8750039039999962
1.875e-07,-0.25000015360000005,-0.18750016000000014,31.250000896,1.8750039039999962
1.8800000000000002e-07,-0.31250014719999997,-0.18750016000000014,33.750000639999996,1.2500039680000015
1.885e-07,-0.06250017280000009,-0.31250014719999997,33.750000639999996,-0.624995840000004
1.89e-07,-1.7920000017213056e-07,-0.25000015360000005,32.500000768,-1.2499957760000058
1.8950000000000002e-07,-0.1250001664,-0.25000015360000005,31.875000831999998,-2.4999956480000023
1.9e-07,-0.31250014719999997,-0.25000015360000005,33.125000704,-3.124995584000004
1.9050000000000002e-07,-0.3750001408000001,-0.31250014719999997,35.000000512,-3.124995584000004
1.91e-07,-0.18750016000000014,-0.3750001408000001,36.250000384,-3.749995519999999
1.9150000000000001e-07,0.062499814399999964,-0.3750001408000001,36.250000384,-4.374995456000001
1.9200000000000003e-07,0.12499980799999988,-0.3750001408000001,35.625000448,-4.999995392000002
1.925e-07,-1.7920000017213056e-07,-0.31250014719999997,35.000000512,-4.999995392000002
1.9300000000000002e-07,-0.18750016000000014,-0.25000015360000005,35.625000448,-4.999995392000002
1.935e-07,-0.25000015360000005,-0.25000015360000005,37.500000256,-4.374995456000001
1.9400000000000002e-07,-1.7920000017213056e-07,-0.31250014719999997,39.375000064,-3.749995519999999
1.945e-07,0.12499980799999988,-0.25000015360000005,38.750000127999996,-3.749995519999999
1.95e-07,0.12499980799999988,-0.06250017280000009,36.250000384,-4.374995456000001
1.9550000000000002e-07,-0.06250017280000009,0.062499814399999964,35.625000448,-3.749995519999999
1.96e-07,-0.25000015360000005,0.37499978239999976,38.125000192,-2.4999956480000023
1.9650000000000002e-07,-0.18750016000000014,0.8124997376,38.750000127999996,-2.4999956480000023
1.97e-07,-0.06250017280000009,1.3749996799999997,40.624999936,-2.4999956480000023
1.9750000000000001e-07,0.12499980799999988,1.9374996223999998,38.750000127999996,-1.2499957760000058
1.98e-07,-1.7920000017213056e-07,2.4374995712,38.750000127999996,-1.2499957760000058
1.985e-07,-0.25000015360000005,2.6874995455999997,38.125000192,-0.624995840000004
1.9900000000000002e-07,-0.3750001408000001,2.9999995135999997,38.750000127999996,-0.624995840000004
1.995e-07,-0.18750016000000014,3.1874994944,38.750000127999996,-0.624995840000004
2.0000000000000002e-07,0.062499814399999964,3.4999994624,38.750000127999996,-0.624995840000004
2.005e-07,0.062499814399999964,3.7499994367999996,38.750000127999996,-0.624995840000004
2.01e-07,-0.06250017280000009,3.9374994175999998,38.125000192,-1.2499957760000058
2.0150000000000002e-07,-0.25000015360000005,4.187499391999999,38.125000192,-1.8749957120000005
2.02e-07,-0.25000015360000005,4.3749993728,39.375000064,-2.4999956480000023
2.0250000000000002e-07,-0.06250017280000009,4.5624993536,39.375000064,-2.4999956480000023
2.03e-07,0.12499980799999988,4.6874993408,39.375000064,-3.124995584000004
2.0350000000000002e-07,0.12499980799999988,4.8749993216,38.125000192,-3.124995584000004
2.04e-07,-0.1250001664,4.9374993152,38.125000192,-2.4999956480000023
2.045e-07,-0.1250001664,5.0624993024,38.125000192,-3.124995584000004
2.0500000000000002e-07,-0.1250001664,5.1249992959999995,38.125000192,-2.4999956480000023
2.055e-07,-1.7920000017213056e-07,5.1874992896,38.125000192,-2.4999956480000023
2.0600000000000002e-07,0.12499980799999988,5.3749992704,38.750000127999996,-1.8749957120000005
2.065e-07,0.062499814399999964,5.4999992576,37.500000256,-1.8749957120000005
2.0700000000000001e-07,-0.06250017280000009,5.6249992448,37.500000256,-1.8749957120000005
2.0750000000000003e-07,-0.18750016000000014,5.4374992639999995,36.87500032,-1.8749957120000005
2.08e-07,-0.1250001664,5.3124992768,37.500000256,-1.8749957120000005
2.0850000000000002e-07,-0.06250017280000009,5.1249992959999995,36.87500032,-3.124995584000004
2.09e-07,0.062499814399999964,5.1249992959999995,36.87500032,-3.124995584000004
2.0950000000000002e-07,-1.7920000017213056e-07,5.1249992959999995,36.87500032,-3.124995584000004
2.1e-07,-0.06250017280000009,5.1249992959999995,36.87500032,-3.124995584000004
2.105e-07,-0.1250001664,5.0624993024,36.87500032,-2.4999956480000023
2.1100000000000002e-07,-0.1250001664,5.0624993024,36.250000384,-1.8749957120000005
2.115e-07,-0.06250017280000009,4.9999993088,36.87500032,-1.2499957760000058
2.1200000000000002e-07,-1.7920000017213056e-07,4.9999993088,37.500000256,-1.2499957760000058
2.125e-07,-1.7920000017213056e-07,4.9999993088,36.250000384,-1.8749957120000005
2.1300000000000001e-07,-0.06250017280000009,4.9999993088,35.625000448,-2.4999956480000023
2.1350000000000003e-07,-0.06250017280000009,4.9374993152,36.250000384,-1.8749957120000005
2.14e-07,-1.7920000017213056e-07,4.8124993279999995,37.500000256,-1.8749957120000005
2.1450000000000002e-07,-0.1250001664,4.6249993472,36.87500032,-1.8749957120000005
2.15e-07,-0.06250017280000009,4.6249993472,36.250000384,-2.4999956480000023
2.1550000000000002e-07,-0.06250017280000009,4.5624993536,35.625000448,-3.124995584000004
2.16e-07,0.062499814399999964,4.6874993408,36.250000384,-2.4999956480000023
2.165e-07,-1.7920000017213056e-07,4.6249993472,36.250000384,-2.4999956480000023
2.1700000000000002e-07,-1.7920000017213056e-07,4.6874993408,36.250000384,-1.8749957120000005
2.175e-07,-1.7920000017213056e-07,4.6874993408,36.250000384,-1.8749957120000005
2.1800000000000002e-07,-0.06250017280000009,4.8749993216,36.87500032,-1.8749957120000005
2.185e-07,-1.7920000017213056e-07,4.8124993279999995,36.250000384,-1.8749957120000005
2.1900000000000002e-07,0.062499814399999964,4.8124993279999995,36.250000384,-2.4999956480000023
2.1950000000000003e-07,-1.7920000017213056e-07,4.7499993344,36.250000384,-1.2499957760000058
2.2e-07,-1.7920000017213056e-07,4.6874993408,36.250000384,-1.2499957760000058
2.2050000000000002e-07,0.062499814399999964,4.6874993408,35.625000448,-3.124995584000004
2.21e-07,-1.7920000017213056e-07,4.7499993344,36.250000384,-3.124995584000004
2.2150000000000002e-07,-0.06250017280000009,4.8749993216,36.250000384,-3.124995584000004
2.22e-07,-0.06250017280000009,4.8124993279999995,37.500000256,-3.124995584000004
2.2250000000000001e-07,-0.06250017280000009,4.8124993279999995,37.500000256,-1.8749957120000005
2.2300000000000002e-07,-0.1250001664,4.8749993216,37.500000256,-1.8749957120000005
2.235e-07,-0.06250017280000009,4.9999993088,36.250000384,-1.8749957120000005
2.2400000000000002e-07,-1.7920000017213056e-07,5.1249992959999995,36.250000384,-1.8749957120000005
2.245e-07,-1.7920000017213056e-07,5.1249992959999995,36.250000384,-1.8749957120000005
2.2500000000000002e-07,-1.7920000017213056e-07,4.9999993088,36.87500032,-0.624995840000004
2.255e-07,-1.7920000017213056e-07,4.9374993152,36.250000384,-1.2499957760000058
2.26e-07,0.062499814399999964,4.9999993088,38.125000192,-1.8749957120000005
2.2650000000000002e-07,0.062499814399999964,4.9374993152,38.125000192,-2.4999956480000023
2.27e-07,-1.7920000017213056e-07,4.8749993216,37.500000256,-3.124995584000004
2.2750000000000002e-07,-1.7920000017213056e-07,4.8124993279999995,37.500000256,-2.4999956480000023
2.28e-07,-0.06250017280000009,4.8749993216,38.125000192,-1.8749957120000005
2.2850000000000001e-07,-1.7920000017213056e-07,4.9374993152,36.87500032,-1.8749957120000005
2.2900000000000003e-07,-0.06250017280000009,4.9374993152,36.87500032,-2.4999956480000023
2.295e-07,0.062499814399999964,4.9999993088,36.87500032,-1.8749957120000005
2.3000000000000002e-07,0.062499814399999964,4.9999993088,38.125000192,-1.8749957120000005
2.305e-07,0.062499814399999964,4.9374993152,38.750000127999996,-1.8749957120000005
2.3100000000000002e-07,0.062499814399999964,4.9374993152,39.375000064,-1.8749957120000005
2.315e-07,0.062499814399999964,4.8749993216,38.125000192,-1.8749957120000005
2.32e-07,0.062499814399999964,4.8124993279999995,38.125000192,-1.8749957120000005
2.3250000000000002e-07,-0.06250017280000009,4.8749993216,38.750000127999996,-2.4999956480000023
2.33e-07,-1.7920000017213056e-07,4.8124993279999995,38.125000192,-2.4999956480000023
2.3350000000000002e-07,-0.06250017280000009,4.7499993344,38.125000192,-2.4999956480000023
2.34e-07,-0.06250017280000009,4.8124993279999995,39.375000064,-2.4999956480000023
2.3450000000000002e-07,-0.06250017280000009,4.8124993279999995,39.375000064,-1.8749957120000005
2.3500000000000003e-07,-0.06250017280000009,4.9374993152,38.750000127999996,-2.4999956480000023
2.355e-07,-1.7920000017213056e-07,4.9999993088,39.375000064,-1.2499957760000058
2.3600000000000002e-07,-1.7920000017213056e-07,4.9999993088,39.375000064,-1.2499957760000058
2.365e-07,0.062499814399999964,4.9999993088,37.500000256,-2.4999956480000023
2.3700000000000002e-07,0.062499814399999964,4.9374993152,38.750000127999996,-2.4999956480000023
2.375e-07,0.062499814399999964,4.9374993152,38.125000192,-2.4999956480000023
2.3800000000000001e-07,-1.7920000017213056e-07,4.8749993216,38.125000192,-2.4999956480000023
2.385e-07,-0.1250001664,4.8124993279999995,38.125000192,-1.8749957120000005
2.39e-07,-0.18750016000000014,4.8124993279999995,38.750000127999996,-1.8749957120000005
2.395e-07,-0.1250001664,4.8124993279999995,38.125000192,-2.4999956480000023
2.4000000000000003e-07,-0.06250017280000009,4.9999993088,38.125000192,-1.8749957120000005
2.405e-07,-0.06250017280000009,4.9374993152,36.87500032,-1.8749957120000005
2.41e-07,-1.7920000017213056e-07,4.3124993792,36.87500032,-2.4999956480000023
2.4150000000000004e-07,-1.7920000017213056e-07,3.2499994880000003,35.625000448,-1.8749957120000005
2.42e-07,-1.7920000017213056e-07,2.3749995775999997,36.250000384,-1.8749957120000005
2.425e-07,-1.7920000017213056e-07,2.1249996032,36.250000384,-2.4999956480000023
2.43e-07,0.062499814399999964,2.312499584,35.625000448,-2.4999956480000023
2.4350000000000003e-07,0.062499814399999964,2.2499995904,35.625000448,-1.8749957120000005
2.44e-07,-1.7920000017213056e-07,1.8124996352,35.625000448,-1.2499957760000058
2.445e-07,-1.7920000017213056e-07,1.2499996928,34.375000576,-1.8749957120000005
2.4500000000000004e-07,-0.06250017280000009,0.6874997503999998,33.125000704,-0.624995840000004
2.455e-07,-0.1250001664,0.12499980799999988,31.875000831999998,1.2500039680000015
2.46e-07,-0.1250001664,-0.3750001408000001,33.125000704,1.8750039039999962
2.465e-07,-0.06250017280000009,-0.8750000896000001,31.875000831999998,2.500003839999998
2.4700000000000003e-07,-0.1250001664,-1.2500000512,31.250000896,3.125003776
2.475e-07,-0.06250017280000009,-1.5000000256,30.000001024,4.375003647999996
2.48e-07,0.062499814399999964,-1.6250000128,28.750001152,6.250003456000002
2.4850000000000003e-07,-1.7920000017213056e-07,-1.5625000192,27.50000128,7.500003327999998
2.49e-07,-1.7920000017213056e-07,-1.5000000256,27.50000128,8.750003199999998
2.495e-07,-1.7920000017213056e-07,-1.2500000512,26.875001343999998,10.000003071999998
2.5000000000000004e-07,-1.7920000017213056e-07,-0.8750000896000001,26.875001343999998,10.625003008
2.505e-07,-0.06250017280000009,-0.5625001216000001,25.000001536,11.250002943999998
2.51e-07,-0.06250017280000009,-0.25000015360000005,23.750001664,11.875002879999997
2.515e-07,-0.18750016000000014,0.062499814399999964,23.750001664,13.125002752
2.5200000000000003e-07,-0.1250001664,0.37499978239999976,23.125001728,14.375002623999997
2.525e-07,-0.06250017280000009,0.49999976960000003,21.875001855999997,15.625002496
2.53e-07,-1.7920000017213056e-07,0.49999976960000003,20.625001984,17.500002304
2.5350000000000004e-07,0.062499814399999964,0.5624997632,19.375002111999997,18.750002176
2.54e-07,-0.06250017280000009,0.6249997567999999,18.750002176,19.375002111999997
2.545e-07,-0.1250001664,0.6874997503999998,18.12500224,21.25000192
2.55e-07,-0.18750016000000014,0.6874997503999998,16.875002367999997,21.25000192
2.5550000000000003e-07,-0.18750016000000014,0.5624997632,16.250002432,21.875001855999997
2.56e-07,-0.06250017280000009,0.37499978239999976,15.000002559999999,23.125001728
2.565e-07,-0.18750016000000014,0.24999979519999993,13.125002752,25.000001536
2.5700000000000004e-07,-0.25000015360000005,-1.7920000017213056e-07,11.875002879999997,26.875001343999998
2.575e-07,-0.25000015360000005,-0.18750016000000014,10.625003008,27.50000128
2.58e-07,-0.18750016000000014,-0.25000015360000005,10.625003008,28.750001152
2.585e-07,-0.25000015360000005,-0.25000015360000005,9.375003135999997,29.375001087999998
2.5900000000000003e-07,-0.18750016000000014,-0.31250014719999997,8.125003264,30.000001024
2.595e-07,-0.18750016000000014,-0.3750001408000001,7.500003327999998,30.62500096
2.6e-07,-0.3750001408000001,-0.3750001408000001,7.500003327999998,31.875000831999998
2.6050000000000004e-07,-0.4375001344,-0.31250014719999997,5.62500352,31.875000831999998
2.61e-07,-0.4375001344,-0.3750001408000001,4.375003647999996,31.875000831999998
2.615e-07,-0.25000015360000005,-0.25000015360000005,3.125003776,33.125000704
2.62e-07,-0.06250017280000009,-0.18750016000000014,3.7500037119999945,35.000000512
2.6250000000000003e-07,0.31249978879999984,-0.1250001664,1.8750039039999962,36.250000384
2.63e-07,0.6249997567999999,-0.06250017280000009,1.2500039680000015,36.87500032
2.635e-07,0.9999997183999998,-1.7920000017213056e-07,4.0959999978440464e-06,35.625000448
2.6400000000000003e-07,1.4374996736,-1.7920000017213056e-07,4.0959999978440464e-06,35.625000448
2.645e-07,1.8124996352,0.12499980799999988,-1.2499957760000058,36.250000384
2.65e-07,2.4374995712,0.12499980799999988,-1.8749957120000005,38.125000192
2.6550000000000004e-07,2.8749995264,0.062499814399999964,-3.124995584000004,39.375000064
2.66e-07,3.3124994815999997,0.062499814399999964,-2.4999956480000023,39.375000064
2.665e-07,3.6249994495999998,-1.7920000017213056e-07,-3.749995519999999,38.750000127999996
2.67e-07,3.9374994175999998,0.062499814399999964,-4.374995456000001,38.125000192
2.6750000000000003e-07,4.1249993984,-1.7920000017213056e-07,-3.749995519999999,38.750000127999996
2.68e-07,4.3124993792,-0.06250017280000009,-3.749995519999999,39.375000064
2.685e-07,4.3749993728,-0.1250001664,-3.749995519999999,38.750000127999996
2.6900000000000004e-07,4.4999993599999994,-0.1250001664,-3.749995519999999,39.375000064
2.695e-07,4.5624993536,-0.1250001664,-4.374995456000001,40.0
2.7e-07,4.6874993408,-0.18750016000000014,-3.124995584000004,40.0
2.705e-07,4.8124993279999995,-0.1250001664,-3.124995584000004,40.624999936
2.7100000000000003e-07,4.9374993152,-0.1250001664,-2.4999956480000023,41.249999872000004
2.715e-07,5.1249992959999995,-0.25000015360000005,-3.124995584000004,40.0
2.72e-07,5.249999283199999,-0.18750016000000014,-2.4999956480000023,40.0
2.7250000000000004e-07,5.1874992896,-0.18750016000000014,-3.124995584000004,39.375000064
2.73e-07,5.4374992639999995,-0.1250001664,-2.4999956480000023,39.375000064
2.735e-07,5.4374992639999995,-0.06250017280000009,-2.4999956480000023,40.624999936
2.74e-07,5.4374992639999995,-0.1250001664,-0.624995840000004,41.249999872000004
2.7450000000000003e-07,5.3124992768,-0.1250001664,-0.624995840000004,40.624999936
2.75e-07,5.249999283199999,-0.1250001664,-1.8749957120000005,39.375000064
2.755e-07,5.1249992959999995,-0.06250017280000009,-1.8749957120000005,38.750000127999996
2.7600000000000004e-07,5.1249992959999995,-1.7920000017213056e-07,-1.2499957760000058,38.750000127999996
2.765e-07,5.1874992896,-1.7920000017213056e-07,-2.4999956480000023,38.750000127999996
2.77e-07,4.9999993088,-0.06250017280000009,-2.4999956480000023,40.0
2.7750000000000004e-07,4.9999993088,-0.06250017280000009,-2.4999956480000023,40.0
2.7800000000000003e-07,4.9374993152,-0.06250017280000009,-1.8749957120000005,38.750000127999996
2.785e-07,4.8749993216,-0.06250017280000009,-2.4999956480000023,38.125000192
2.79e-07,4.9374993152,-1.7920000017213056e-07,-1.8749957120000005,36.87500032
2.7950000000000003e-07,4.9374993152,-0.06250017280000009,-1.8749957120000005,37.500000256
2.8e-07,4.9999993088,-0.1250001664,-1.8749957120000005,37.500000256
2.805e-07,4.8749993216,-0.18750016000000014,-1.8749957120000005,37.500000256
2.8100000000000004e-07,4.8749993216,-0.25000015360000005,-1.2499957760000058,37.500000256
2.815e-07,4.8124993279999995,-0.25000015360000005,-1.8749957120000005,36.87500032
2.82e-07,4.8124993279999995,-0.1250001664,-0.624995840000004,36.250000384
2.825e-07,4.8124993279999995,-0.1250001664,-1.2499957760000058,36.87500032
2.8300000000000003e-07,4.7499993344,-0.1250001664,-1.8749957120000005,36.250000384
2.835e-07,4.7499993344,-0.1250001664,-2.4999956480000023,36.250000384
2.84e-07,4.6874993408,-0.1250001664,-1.2499957760000058,36.250000384
2.8450000000000004e-07,4.7499993344,-1.7920000017213056e-07,-2.4999956480000023,35.625000448
2.85e-07,4.7499993344,-0.06250017280000009,-1.8749957120000005,35.625000448
2.855e-07,4.9374993152,-0.1250001664,-2.4999956480000023,35.625000448
2.86e-07,4.8124993279999995,-0.1250001664,-1.8749957120000005,35.625000448
2.8650000000000003e-07,4.8749993216,-0.06250017280000009,-2.4999956480000023,35.000000512
2.87e-07,4.8749993216,-0.06250017280000009,-1.8749957120000005,33.750000639999996
2.875e-07,4.8749993216,-1.7920000017213056e-07,-1.2499957760000058,34.375000576
2.8800000000000004e-07,4.9374993152,-0.06250017280000009,-1.2499957760000058,34.375000576
2.885e-07,4.8749993216,-0.06250017280000009,-1.8749957120000005,34.375000576
2.89e-07,4.8749993216,-0.18750016000000014,-1.8749957120000005,35.000000512
2.895e-07,4.8124993279999995,-0.1250001664,-2.4999956480000023,34.375000576
2.9000000000000003e-07,4.8749993216,-0.06250017280000009,-1.2499957760000058,34.375000576
2.905e-07,4.8749993216,-0.06250017280000009,-0.624995840000004,33.750000639999996
2.91e-07,4.9374993152,-0.1250001664,-1.2499957760000058,34.375000576
2.9150000000000004e-07,4.9999993088,-0.1250001664,-1.8749957120000005,35.000000512
2.92e-07,4.9999993088,-0.1250001664,-1.2499957760000058,34.375000576
2.925e-07,5.0624993024,-0.06250017280000009,-1.8749957120000005,33.125000704
2.9300000000000004e-07,4.9999993088,-0.06250017280000009,-1.8749957120000005,33.125000704
2.9350000000000003e-07,5.0624993024,-0.06250017280000009,-2.4999956480000023,34.375000576
2.94e-07,4.9999993088,-0.1250001664,-0.624995840000004,34.375000576
2.945e-07,4.9374993152,-0.1250001664,-1.2499957760000058,34.375000576
2.9500000000000003e-07,4.8749993216,-0.1250001664,-1.2499957760000058,33.750000639999996
2.955e-07,4.8749993216,-0.1250001664,-1.8749957120000005,34.375000576
2.96e-07,4.8749993216,-0.06250017280000009,-1.8749957120000005,34.375000576
2.9650000000000004e-07,4.8124993279999995,-1.7920000017213056e-07,-2.4999956480000023,34.375000576
2.97e-07,4.8124993279999995,-0.06250017280000009,-1.8749957120000005,35.000000512
2.975e-07,4.8749993216,-0.1250001664,-2.4999956480000023,35.625000448
2.98e-07,4.9374993152,-1.7920000017213056e-07,-1.2499957760000058,35.000000512
2.9850000000000003e-07,4.9374993152,-0.06250017280000009,-1.8749957120000005,35.000000512
2.99e-07,4.9374993152,-0.06250017280000009,-1.8749957120000005,35.625000448
2.995e-07,4.9999993088,-0.06250017280000009,-1.8749957120000005,35.000000512
3.0000000000000004e-07,4.9374993152,-1.7920000017213056e-07,-1.2499957760000058,35.625000448
3.005e-07,4.9999993088,-1.7920000017213056e-07,-1.8749957120000005,35.625000448
3.01e-07,4.8749993216,-0.06250017280000009,-1.8749957120000005,36.250000384
3.015e-07,4.9374993152,-0.06250017280000009,-1.8749957120000005,36.250000384
3.0200000000000003e-07,4.8124993279999995,-0.1250001664,-0.624995840000004,35.625000448
3.025e-07,4.8124993279999995,-0.1250001664,-1.8749957120000005,35.625000448
3.03e-07,4.8124993279999995,-0.06250017280000009,-1.8749957120000005,35.625000448
3.0350000000000004e-07,4.8749993216,-0.1250001664,-2.4999956480000023,36.87500032
3.04e-07,4.8749993216,-0.1250001664,-1.8749957120000005,36.87500032
3.045e-07,4.8749993216,-0.06250017280000009,-2.4999956480000023,36.87500032
3.0500000000000004e-07,4.9374993152,-0.1250001664,-1.8749957120000005,36.87500032
3.0550000000000003e-07,4.9374993152,-0.1250001664,-3.124995584000004,37.500000256
3.06e-07,4.9999993088,-0.06250017280000009,-1.2499957760000058,37.500000256
3.065e-07,4.9999993088,-0.06250017280000009,-1.2499957760000058,37.500000256
3.0700000000000004e-07,4.9374993152,-0.06250017280000009,-2.4999956480000023,37.500000256
3.075e-07,4.6874993408,-0.06250017280000009,-1.8749957120000005,37.500000256
3.08e-07,3.8124994304,-1.7920000017213056e-07,-1.2499957760000058,37.500000256
3.0850000000000004e-07,2.9374995200000003,-0.06250017280000009,-3.124995584000004,36.87500032
3.0900000000000003e-07,2.6249995520000002,-0.06250017280000009,-2.4999956480000023,37.500000256
3.095e-07,2.6874995455999997,-0.06250017280000009,-3.124995584000004,37.500000256
3.1e-07,2.4374995712,-0.06250017280000009,-1.8749957120000005,37.500000256
3.1050000000000003e-07,1.8749996288,-1.7920000017213056e-07,-2.4999956480000023,36.87500032
3.11e-07,1.1874996992,-1.7920000017213056e-07,-1.8749957120000005,36.250000384
3.115e-07,0.4374997760000001,-0.06250017280000009,-1.8749957120000005,36.87500032
3.1200000000000004e-07,-0.31250014719999997,-1.7920000017213056e-07,-1.8749957120000005,36.87500032
3.125e-07,-0.9375000832,-0.06250017280000009,-2.4999956480000023,36.250000384
3.13e-07,-1.437500032,-0.06250017280000009,-1.2499957760000058,36.250000384
3.135e-07,-1.8124999936,-0.06250017280000009,-1.8749957120000005,36.250000384
3.1400000000000003e-07,-1.9374999808,-0.06250017280000009,-0.624995840000004,35.625000448
3.145e-07,-1.8749999872,-0.1250001664,-1.2499957760000058,36.250000384
3.15e-07,-1.75,-0.1250001664,-1.8749957120000005,35.625000448
3.1550000000000004e-07,-1.5000000256,-0.18750016000000014,-1.8749957120000005,35.000000512
3.16e-07,-1.2500000512,-0.1250001664,-1.2499957760000058,34.375000576
3.165e-07,-0.7500001024,-0.06250017280000009,-3.124995584000004,33.125000704
3.1700000000000005e-07,-0.25000015360000005,-1.7920000017213056e-07,-2.4999956480000023,33.125000704
3.1750000000000003e-07,0.18749980160000002,-0.06250017280000009,-2.4999956480000023,33.125000704
3.18e-07,0.4374997760000001,-0.06250017280000009,-1.2499957760000058,32.500000768
3.185e-07,0.5624997632,-0.06250017280000009,-1.8749957120000005,32.500000768
3.1900000000000004e-07,0.49999976960000003,-0.1250001664,-0.624995840000004,31.875000831999998
3.195e-07,0.5624997632,-0.06250017280000009,4.0959999978440464e-06,30.62500096
3.2e-07,0.6249997567999999,-1.7920000017213056e-07,1.2500039680000015,30.000001024
3.2050000000000004e-07,0.6874997503999998,-0.06250017280000009,2.500003839999998,29.375001087999998
3.2100000000000003e-07,0.7499997440000001,-0.1250001664,3.7500037119999945,28.125001216
3.215e-07,0.5624997632,-0.1250001664,5.000003583999998,28.125001216
3.22e-07,0.31249978879999984,-0.06250017280000009,7.500003327999998,26.875001343999998
3.2250000000000004e-07,-1.7920000017213056e-07,-1.7920000017213056e-07,7.500003327999998,25.625001472
3.23e-07,-0.18750016000000014,-0.06250017280000009,6.875003391999996,25.000001536
3.235e-07,-0.1250001664,-0.06250017280000009,6.250003456000002,24.375001599999997
3.2400000000000004e-07,-0.1250001664,-1.7920000017213056e-07,8.125003264,24.375001599999997
3.2450000000000003e-07,-0.1250001664,-1.7920000017213056e-07,8.750003199999998,21.875001855999997
3.25e-07,-0.31250014719999997,-0.06250017280000009,11.875002879999997,20.000002048
3.255e-07,-0.5000001279999999,-0.1250001664,13.125002752,20.000002048
3.2600000000000003e-07,-0.6250001152,-0.06250017280000009,15.625002496,19.375002111999997
3.265e-07,-0.5000001279999999,-1.7920000017213056e-07,14.375002623999997,18.750002176
3.27e-07,-0.25000015360000005,-0.06250017280000009,14.375002623999997,16.875002367999997
3.2750000000000004e-07,-1.7920000017213056e-07,-0.18750016000000014,15.000002559999999,16.250002432
3.28e-07,0.12499980799999988,-0.1250001664,16.875002367999997,15.000002559999999
3.285e-07,-0.1250001664,-0.06250017280000009,20.000002048,14.375002623999997
3.29e-07,-0.25000015360000005,-0.1250001664,22.500001792,13.125002752
3.2950000000000003e-07,-0.25000015360000005,-0.1250001664,22.500001792,11.875002879999997
3.3e-07,-1.7920000017213056e-07,-0.18750016000000014,22.500001792,10.625003008
3.305e-07,0.18749980160000002,-0.1250001664,21.25000192,9.375003135999997
3.3100000000000004e-07,0.31249978879999984,-0.06250017280000009,21.25000192,8.750003199999998
3.315e-07,0.12499980799999988,-0.1250001664,24.375001599999997,8.125003264
3.32e-07,-0.1250001664,-0.1250001664,27.50000128,7.500003327999998
3.3250000000000005e-07,-0.25000015360000005,-0.1250001664,30.000001024,5.62500352
3.3300000000000003e-07,-0.1250001664,-0.18750016000000014,29.375001087999998,4.375003647999996
3.335e-07,0.062499814399999964,-0.1250001664,26.250001408,3.7500037119999945
3.34e-07,0.062499814399999964,-0.18750016000000014,26.875001343999998,3.125003776
3.3450000000000004e-07,-0.06250017280000009,-0.18750016000000014,27.50000128,1.8750039039999962
3.35e-07,-0.25000015360000005,-0.18750016000000014,30.62500096,1.8750039039999962
3.355e-07,-0.31250014719999997,-0.18750016000000014,32.500000768,0.6250040319999997
3.3600000000000004e-07,-0.06250017280000009,-0.25000015360000005,33.125000704,-0.624995840000004
3.3650000000000003e-07,-0.06250017280000009,-0.25000015360000005,32.500000768,-1.8749957120000005
3.37e-07,-0.1250001664,-0.31250014719999997,31.875000831999998,-2.4999956480000023
3.375e-07,-0.31250014719999997,-0.25000015360000005,31.875000831999998,-2.4999956480000023
3.3800000000000004e-07,-0.31250014719999997,-0.31250014719999997,35.000000512,-3.124995584000004
3.385e-07,-0.1250001664,-0.31250014719999997,36.250000384,-4.374995456000001
3.39e-07,0.12499980799999988,-0.3750001408000001,36.250000384,-4.374995456000001
3.3950000000000004e-07,0.12499980799999988,-0.31250014719999997,35.000000512,-4.999995392000002
3.4000000000000003e-07,0.062499814399999964,-0.25000015360000005,35.000000512,-5.624995328000004
3.405e-07,-0.1250001664,-0.25000015360000005,35.000000512,-5.624995328000004
3.41e-07,-0.25000015360000005,-0.25000015360000005,37.500000256,-4.374995456000001
3.4150000000000003e-07,-0.06250017280000009,-0.25000015360000005,38.125000192,-3.749995519999999
3.42e-07,0.062499814399999964,-0.18750016000000014,38.125000192,-3.749995519999999
3.425e-07,0.062499814399999964,-0.1250001664,36.250000384,-3.124995584000004
3.4300000000000004e-07,-0.1250001664,0.12499980799999988,35.625000448,-3.749995519999999
3.435e-07,-0.25000015360000005,0.37499978239999976,36.250000384,-3.124995584000004
3.44e-07,-0.1250001664,0.8749997312,38.750000127999996,-1.8749957120000005
3.4450000000000005e-07,-1.7920000017213056e-07,1.4374996736,38.750000127999996,-1.2499957760000058
3.4500000000000003e-07,0.062499814399999964,1.9374996223999998,38.750000127999996,-0.624995840000004
3.455e-07,-1.7920000017213056e-07,2.3749995775999997,37.500000256,-0.624995840000004
3.46e-07,-0.25000015360000005,2.7499995392,37.500000256,-0.624995840000004
3.4650000000000004e-07,-0.31250014719999997,2.9374995200000003,38.125000192,-0.624995840000004
3.47e-07,-0.18750016000000014,3.1874994944,38.750000127999996,-0.624995840000004
3.475e-07,0.062499814399999964,3.4374994687999996,39.375000064,4.0959999978440464e-06
3.4800000000000005e-07,0.12499980799999988,3.7499994367999996,38.750000127999996,4.0959999978440464e-06
3.4850000000000003e-07,-1.7920000017213056e-07,3.9999994112,36.87500032,-0.624995840000004
3.49e-07,-0.25000015360000005,4.187499391999999,37.500000256,-1.8749957120000005
3.495e-07,-0.25000015360000005,4.3124993792,38.125000192,-2.4999956480000023
3.5000000000000004e-07,-0.1250001664,4.4999993599999994,39.375000064,-3.124995584000004
3.505e-07,0.062499814399999964,4.6874993408,38.750000127999996,-3.124995584000004
3.51e-07,0.12499980799999988,4.8749993216,38.125000192,-2.4999956480000023
3.5150000000000004e-07,-0.06250017280000009,4.9999993088,37.500000256,-3.124995584000004
3.5200000000000003e-07,-0.1250001664,5.0624993024,37.500000256,-2.4999956480000023
3.525e-07,-0.18750016000000014,5.1249992959999995,38.125000192,-2.4999956480000023
3.53e-07,-1.7920000017213056e-07,5.1874992896,38.750000127999996,-1.8749957120000005
3.5350000000000004e-07,0.12499980799999988,5.3749992704,37.500000256,-1.2499957760000058
3.54e-07,0.12499980799999988,5.4999992576,37.500000256,-1.2499957760000058
3.545e-07,-1.7920000017213056e-07,5.562499251199999,37.500000256,-1.2499957760000058
3.5500000000000004e-07,-0.1250001664,5.4999992576,37.500000256,-1.2499957760000058
3.5550000000000003e-07,-0.1250001664,5.3124992768,38.125000192,-1.2499957760000058
3.56e-07,-1.7920000017213056e-07,5.1874992896,38.125000192,-2.4999956480000023
3.565e-07,0.062499814399999964,5.1249992959999995,36.87500032,-3.124995584000004
3.5700000000000003e-07,-1.7920000017213056e-07,5.0624993024,36.87500032,-3.749995519999999
3.575e-07,-0.1250001664,5.1249992959999995,36.87500032,-3.124995584000004
3.58e-07,-0.18750016000000014,5.1249992959999995,37.500000256,-3.124995584000004
3.5850000000000004e-07,-0.1250001664,4.9999993088,36.87500032,-1.8749957120000005
3.59e-07,-0.1250001664,4.9999993088,36.87500032,-1.8749957120000005
3.595e-07,-1.7920000017213056e-07,4.9374993152,36.250000384,-1.2499957760000058
3.6000000000000005e-07,0.062499814399999964,4.9999993088,36.250000384,-1.8749957120000005
3.6050000000000003e-07,-0.06250017280000009,4.9999993088,36.87500032,-1.8749957120000005
3.61e-07,-1.7920000017213056e-07,4.9374993152,36.87500032,-1.2499957760000058
3.615e-07,-0.06250017280000009,4.7499993344,36.250000384,-1.8749957120000005
3.6200000000000004e-07,-0.06250017280000009,4.6874993408,36.87500032,-2.4999956480000023
3.625e-07,-0.06250017280000009,4.5624993536,36.87500032,-1.8749957120000005
3.63e-07,-1.7920000017213056e-07,4.6249993472,36.250000384,-2.4999956480000023
3.6350000000000005e-07,-0.06250017280000009,4.5624993536,36.250000384,-1.8749957120000005
3.6400000000000003e-07,-1.7920000017213056e-07,4.6249993472,36.87500032,-1.8749957120000005
3.645e-07,-1.7920000017213056e-07,4.7499993344,36.250000384,-1.8749957120000005
3.65e-07,-1.7920000017213056e-07,4.7499993344,36.250000384,-1.8749957120000005
3.6550000000000004e-07,-0.06250017280000009,4.8124993279999995,35.625000448,-1.8749957120000005
3.66e-07,-1.7920000017213056e-07,4.8124993279999995,36.87500032,-1.8749957120000005
3.665e-07,-1.7920000017213056e-07,4.7499993344,36.87500032,-1.8749957120000005
3.6700000000000004e-07,-1.7920000017213056e-07,4.7499993344,36.87500032,-1.8749957120000005
3.6750000000000003e-07,-0.06250017280000009,4.6874993408,36.87500032,-2.4999956480000023
3.68e-07,0.062499814399999964,4.6874993408,36.87500032,-3.124995584000004
3.685e-07,-0.06250017280000009,4.8749993216,36.250000384,-3.124995584000004
3.6900000000000004e-07,-1.7920000017213056e-07,4.8124993279999995,36.250000384,-2.4999956480000023
3.695e-07,-0.06250017280000009,4.7499993344,36.250000384,-2.4999956480000023
3.7e-07,-0.06250017280000009,4.8749993216,37.500000256,-2.4999956480000023
3.7050000000000004e-07,-0.1250001664,4.9374993152,37.500000256,-1.2499957760000058
3.7100000000000003e-07,-0.06250017280000009,5.0624993024,36.87500032,-1.8749957120000005
3.715e-07,-1.7920000017213056e-07,4.9999993088,37.500000256,-1.2499957760000058
3.7200000000000005e-07,-1.7920000017213056e-07,5.1249992959999995,38.125000192,-0.624995840000004
3.7250000000000003e-07,-1.7920000017213056e-07,5.0624993024,37.500000256,-1.8749957120000005
3.73e-07,-0.06250017280000009,4.9999993088,37.500000256,-1.8749957120000005
3.735e-07,-0.06250017280000009,4.9374993152,37.500000256,-1.8749957120000005
3.7400000000000004e-07,-0.06250017280000009,4.8749993216,38.125000192,-2.4999956480000023
3.745e-07,-1.7920000017213056e-07,4.8749993216,38.125000192,-1.8749957120000005
3.75e-07,-0.06250017280000009,4.8749993216,38.125000192,-1.8749957120000005
3.7550000000000005e-07,-0.06250017280000009,4.9374993152,37.500000256,-1.8749957120000005
3.7600000000000003e-07,-0.06250017280000009,4.8749993216,38.125000192,-1.2499957760000058
3.765e-07,-0.1250001664,4.9999993088,38.125000192,-1.2499957760000058
3.77e-07,-1.7920000017213056e-07,4.9999993088,38.125000192,-1.2499957760000058
3.7750000000000004e-07,0.12499980799999988,4.9999993088,38.125000192,-1.2499957760000058
3.78e-07,0.18749980160000002,4.9374993152,39.375000064,-1.2499957760000058
3.785e-07,0.062499814399999964,4.9374993152,39.375000064,-1.8749957120000005
3.7900000000000005e-07,-1.7920000017213056e-07,4.8749993216,39.375000064,-2.4999956480000023
3.7950000000000003e-07,-0.06250017280000009,4.8124993279999995,39.375000064,-1.8749957120000005
3.8e-07,-0.1250001664,4.8124993279999995,38.750000127999996,-1.8749957120000005
3.805e-07,-1.7920000017213056e-07,4.8124993279999995,38.125000192,-2.4999956480000023
3.8100000000000004e-07,-0.06250017280000009,4.7499993344,38.750000127999996,-2.4999956480000023
3.815e-07,-0.1250001664,4.8124993279999995,38.750000127999996,-2.4999956480000023
3.82e-07,-0.1250001664,4.8749993216,39.375000064,-2.4999956480000023
3.8250000000000004e-07,-0.1250001664,4.9374993152,38.750000127999996,-1.8749957120000005
3.8300000000000003e-07,-0.1250001664,4.9999993088,39.375000064,-1.2499957760000058
3.835e-07,-0.06250017280000009,4.9374993152,38.750000127999996,-1.2499957760000058
3.8400000000000005e-07,0.062499814399999964,4.9374993152,38.750000127999996,-0.624995840000004
3.8450000000000004e-07,0.062499814399999964,4.9999993088,38.750000127999996,-1.8749957120000005
3.85e-07,-1.7920000017213056e-07,4.8749993216,38.125000192,-1.8749957120000005
3.855e-07,-0.06250017280000009,4.8749993216,37.500000256,-1.8749957120000005
3.8600000000000004e-07,-0.06250017280000009,4.8749993216,38.750000127999996,-1.8749957120000005
3.865e-07,-0.06250017280000009,4.8124993279999995,38.125000192,-2.4999956480000023
3.87e-07,-0.06250017280000009,4.8749993216,37.500000256,-2.4999956480000023
3.8750000000000005e-07,-0.1250001664,4.8749993216,38.125000192,-1.8749957120000005
3.8800000000000003e-07,-0.1250001664,4.9374993152,38.125000192,-1.8749957120000005
3.885e-07,-1.7920000017213056e-07,4.3124993792,36.87500032,-2.4999956480000023
3.89e-07,-0.06250017280000009,3.2499994880000003,36.250000384,-1.8749957120000005
3.8950000000000004e-07,-1.7920000017213056e-07,2.312499584,35.625000448,-1.8749957120000005
3.9e-07,-1.7920000017213056e-07,2.1874995968,36.87500032,-2.4999956480000023
3.905e-07,-1.7920000017213056e-07,2.312499584,35.625000448,-2.4999956480000023
3.9100000000000005e-07,-1.7920000017213056e-07,2.312499584,35.000000512,-1.8749957120000005
3.9150000000000003e-07,0.062499814399999964,1.7499996415999997,35.000000512,-1.2499957760000058
3.92e-07,0.062499814399999964,1.1249997056,35.000000512,4.0959999978440464e-06
3.925e-07,-0.1250001664,0.6249997567999999,33.125000704,0.6250040319999997
3.9300000000000004e-07,-0.06250017280000009,0.12499980799999988,33.125000704,2.500003839999998
3.935e-07,-0.1250001664,-0.3750001408000001,31.875000831999998,2.500003839999998
3.94e-07,-0.1250001664,-0.8125000960000001,31.250000896,3.125003776
3.9450000000000005e-07,-0.1250001664,-1.2500000512,31.250000896,4.375003647999996
3.9500000000000003e-07,-0.06250017280000009,-1.5000000256,30.62500096,5.000003583999998
3.955e-07,-1.7920000017213056e-07,-1.6250000128,30.000001024,6.875003391999996
3.96e-07,-1.7920000017213056e-07,-1.6250000128,29.375001087999998,8.125003264
3.9650000000000004e-07,0.062499814399999964,-1.5000000256,26.875001343999998,8.750003199999998
3.97e-07,-1.7920000017213056e-07,-1.2500000512,26.250001408,9.375003135999997
3.975e-07,-0.06250017280000009,-0.8750000896000001,25.625001472,10.625003008
3.9800000000000004e-07,-0.1250001664,-0.5625001216000001,26.250001408,11.250002943999998
3.9850000000000003e-07,-0.18750016000000014,-0.25000015360000005,24.375001599999997,12.500002815999999
3.99e-07,-0.18750016000000014,0.12499980799999988,23.750001664,13.125002752
3.9950000000000005e-07,-0.1250001664,0.31249978879999984,21.875001855999997,15.000002559999999
4.0000000000000003e-07,-0.06250017280000009,0.49999976960000003,21.875001855999997,16.250002432
4.005e-07,-0.1250001664,0.49999976960000003,20.625001984,18.12500224
4.01e-07,-1.7920000017213056e-07,0.49999976960000003,20.000002048,20.000002048
4.0150000000000004e-07,-0.06250017280000009,0.6249997567999999,17.500002304,20.000002048
4.02e-07,-0.18750016000000014,0.6874997503999998,18.12500224,20.625001984
4.025e-07,-0.18750016000000014,0.6874997503999998,16.875002367999997,21.875001855999997
4.0300000000000005e-07,-0.18750016000000014,0.5624997632,15.625002496,21.875001855999997
4.0350000000000003e-07,-0.1250001664,0.37499978239999976,15.000002559999999,23.750001664
4.04e-07,-0.18750016000000014,0.18749980160000002,13.750002687999999,25.625001472
4.045e-07,-0.25000015360000005,0.062499814399999964,11.875002879999997,26.875001343999998
4.0500000000000004e-07,-0.25000015360000005,-0.1250001664,10.625003008,27.50000128
4.055e-07,-0.31250014719999997,-0.25000015360000005,10.000003071999998,28.125001216
4.06e-07,-0.1250001664,-0.25000015360000005,9.375003135999997,28.750001152
4.0650000000000005e-07,-0.18750016000000014,-0.31250014719999997,7.500003327999998,30.000001024
4.0700000000000003e-07,-0.25000015360000005,-0.31250014719999997,7.500003327999998,31.875000831999998
4.075e-07,-0.3750001408000001,-0.31250014719999997,6.250003456000002,31.250000896
4.08e-07,-0.4375001344,-0.3750001408000001,5.000003583999998,31.875000831999998
4.0850000000000004e-07,-0.4375001344,-0.31250014719999997,3.7500037119999945,32.500000768
4.09e-07,-0.31250014719999997,-0.31250014719999997,3.7500037119999945,33.750000639999996
4.095e-07,-0.06250017280000009,-0.18750016000000014,2.500003839999998,35.625000448
4.1000000000000004e-07,0.31249978879999984,-0.1250001664,2.500003839999998,35.625000448
4.1050000000000003e-07,0.6249997567999999,-1.7920000017213056e-07,0.6250040319999997,36.250000384
4.11e-07,0.9999997183999998,-1.7920000017213056e-07,-0.624995840000004,35.625000448
4.1150000000000005e-07,1.3124996863999998,0.062499814399999964,-0.624995840000004,36.250000384
4.1200000000000004e-07,1.8124996352,0.12499980799999988,-1.2499957760000058,37.500000256
4.125e-07,2.3749995775999997,0.12499980799999988,-2.4999956480000023,37.500000256
4.13e-07,2.8124995327999995,0.062499814399999964,-3.124995584000004,39.375000064
4.1350000000000004e-07,3.3124994815999997,-1.7920000017213056e-07,-3.124995584000004,39.375000064
4.1400000000000003e-07,3.6249994495999998,-1.7920000017213056e-07,-3.124995584000004,40.0
4.145e-07,3.8749994239999994,0.062499814399999964,-4.374995456000001,38.750000127999996
4.1500000000000005e-07,4.0624994048,0.12499980799999988,-4.374995456000001,38.750000127999996
4.1550000000000003e-07,4.2499993856,-1.7920000017213056e-07,-4.374995456000001,39.375000064
4.16e-07,4.4374993664,-0.06250017280000009,-3.749995519999999,39.375000064
4.165e-07,4.4999993599999994,-0.1250001664,-3.749995519999999,39.375000064
4.1700000000000004e-07,4.6249993472,-0.18750016000000014,-4.374995456000001,40.624999936
4.175e-07,4.6874993408,-0.18750016000000014,-4.374995456000001,40.0
4.18e-07,4.8124993279999995,-0.1250001664,-3.124995584000004,40.624999936
4.1850000000000005e-07,4.9374993152,-0.1250001664,-2.4999956480000023,41.249999872000004
4.1900000000000003e-07,5.1249992959999995,-0.18750016000000014,-3.124995584000004,40.0
4.195e-07,5.249999283199999,-0.25000015360000005,-2.4999956480000023,40.0
4.2e-07,5.3124992768,-0.18750016000000014,-1.8749957120000005,40.0
4.2050000000000004e-07,5.3749992704,-0.1250001664,-2.4999956480000023,39.375000064
4.21e-07,5.3749992704,-0.06250017280000009,-1.8749957120000005,40.624999936
4.215e-07,5.4374992639999995,-0.06250017280000009,-1.8749957120000005,41.249999872000004
4.2200000000000005e-07,5.3124992768,-0.1250001664,-0.624995840000004,40.624999936
4.2250000000000003e-07,5.1874992896,-0.1250001664,-3.124995584000004,40.0
4.23e-07,5.1249992959999995,-0.06250017280000009,-3.124995584000004,38.750000127999996
4.235e-07,5.1874992896,-1.7920000017213056e-07,-2.4999956480000023,39.375000064
4.2400000000000004e-07,5.1249992959999995,-1.7920000017213056e-07,-2.4999956480000023,38.750000127999996
4.245e-07,4.9999993088,0.062499814399999964,-3.124995584000004,40.0
4.25e-07,4.9999993088,-0.1250001664,-3.124995584000004,40.0
4.2550000000000004e-07,4.9374993152,-0.06250017280000009,-3.749995519999999,39.375000064
4.2600000000000003e-07,4.9374993152,-0.06250017280000009,-2.4999956480000023,38.125000192
4.265e-07,4.9999993088,-0.06250017280000009,-1.8749957120000005,38.125000192
4.2700000000000005e-07,4.9374993152,-0.1250001664,-2.4999956480000023,38.750000127999996
4.2750000000000004e-07,4.9374993152,-0.1250001664,-2.4999956480000023,38.125000192
4.28e-07,4.8749993216,-0.18750016000000014,-1.2499957760000058,38.125000192
4.285e-07,4.8124993279999995,-0.18750016000000014,-1.8749957120000005,37.500000256
4.2900000000000004e-07,4.7499993344,-0.1250001664,-2.4999956480000023,37.500000256
4.2950000000000003e-07,4.8749993216,-0.1250001664,-2.4999956480000023,37.500000256
4.3e-07,4.8124993279999995,-0.1250001664,-1.2499957760000058,36.87500032
4.3050000000000005e-07,4.7499993344,-0.1250001664,-2.4999956480000023,36.87500032
4.3100000000000003e-07,4.6874993408,-0.06250017280000009,-2.4999956480000023,36.250000384
4.315e-07,4.6874993408,-0.06250017280000009,-2.4999956480000023,36.250000384
4.32e-07,4.8124993279999995,-0.06250017280000009,-1.8749957120000005,36.250000384
4.3250000000000004e-07,4.7499993344,-0.1250001664,-2.4999956480000023,36.250000384
4.33e-07,4.8749993216,-0.1250001664,-2.4999956480000023,36.87500032
4.335e-07,4.8749993216,-0.1250001664,-2.4999956480000023,35.625000448
4.3400000000000005e-07,4.9374993152,-0.06250017280000009,-1.8749957120000005,35.625000448
4.3450000000000003e-07,4.8749993216,-1.7920000017213056e-07,-1.2499957760000058,35.000000512
4.35e-07,4.9374993152,-1.7920000017213056e-07,-1.8749957120000005,35.625000448
4.355e-07,4.9999993088,-0.18750016000000014,-1.2499957760000058,35.625000448
4.3600000000000004e-07,4.8749993216,-0.18750016000000014,-1.2499957760000058,35.625000448
4.365e-07,4.8749993216,-0.06250017280000009,-1.2499957760000058,34.375000576
4.37e-07,4.8749993216,-0.06250017280000009,-1.8749957120000005,34.375000576
4.3750000000000005e-07,4.9374993152,-0.06250017280000009,-1.8749957120000005,34.375000576
4.3800000000000003e-07,4.9374993152,-0.1250001664,-0.624995840000004,33.750000639999996
4.385e-07,4.8749993216,-0.1250001664,-1.8749957120000005,34.375000576
4.3900000000000005e-07,4.9374993152,-0.1250001664,-1.2499957760000058,33.750000639999996
4.3950000000000004e-07,4.9999993088,-0.18750016000000014,-1.8749957120000005,35.000000512
4.4e-07,5.0624993024,-0.1250001664,-1.2499957760000058,34.375000576
4.405e-07,4.9999993088,-0.06250017280000009,-2.4999956480000023,34.375000576
4.4100000000000004e-07,5.0624993024,-0.1250001664,-1.8749957120000005,35.000000512
4.4150000000000003e-07,5.0624993024,-0.18750016000000014,-1.2499957760000058,35.625000448
4.42e-07,4.9999993088,-0.1250001664,-1.2499957760000058,34.375000576
4.4250000000000005e-07,4.8749993216,-0.1250001664,-1.2499957760000058,33.750000639999996
4.4300000000000004e-07,4.7499993344,-0.1250001664,-1.8749957120000005,33.125000704
4.435e-07,4.8124993279999995,-0.06250017280000009,-1.2499957760000058,34.375000576
4.44e-07,4.8749993216,-0.06250017280000009,-1.2499957760000058,35.625000448
4.4450000000000004e-07,4.8749993216,-1.7920000017213056e-07,-2.4999956480000023,35.000000512
4.4500000000000003e-07,4.8749993216,-0.06250017280000009,-1.8749957120000005,35.000000512
4.455e-07,4.8749993216,-1.7920000017213056e-07,-2.4999956480000023,35.625000448
4.4600000000000005e-07,4.8749993216,-0.06250017280000009,-1.2499957760000058,35.000000512
4.4650000000000003e-07,4.9374993152,-0.06250017280000009,-1.8749957120000005,35.000000512
4.47e-07,4.9374993152,-0.06250017280000009,-1.2499957760000058,35.000000512
4.475e-07,4.9999993088,-0.1250001664,-1.8749957120000005,35.625000448
4.4800000000000004e-07,4.9999993088,-0.06250017280000009,-1.8749957120000005,35.625000448
4.485e-07,4.8749993216,-0.06250017280000009,-1.8749957120000005,35.625000448
4.49e-07,4.8124993279999995,-0.06250017280000009,-1.8749957120000005,36.250000384
4.4950000000000005e-07,4.8124993279999995,-0.1250001664,-1.8749957120000005,35.625000448
4.5000000000000003e-07,4.8124993279999995,-0.1250001664,-1.2499957760000058,35.625000448
4.505e-07,4.8124993279999995,-0.1250001664,-1.2499957760000058,36.250000384
4.51e-07,4.8124993279999995,-0.1250001664,-1.8749957120000005,36.87500032
4.5150000000000004e-07,4.8124993279999995,-0.1250001664,-1.8749957120000005,36.87500032
4.52e-07,4.8749993216,-0.1250001664,-1.2499957760000058,36.87500032
4.525e-07,4.9999993088,-0.1250001664,-1.2499957760000058,36.87500032
4.5300000000000005e-07,4.9999993088,-0.06250017280000009,-1.8749957120000005,36.87500032
4.5350000000000003e-07,4.9999993088,-0.06250017280000009,-1.2499957760000058,37.500000256
4.54e-07,4.9374993152,-1.7920000017213056e-07,-0.624995840000004,37.500000256
4.5450000000000005e-07,4.9374993152,-0.06250017280000009,-2.4999956480000023,36.87500032
4.5500000000000004e-07,4.6874993408,-0.06250017280000009,-1.8749957120000005,36.87500032
4.555e-07,3.8749994239999994,-0.06250017280000009,-1.2499957760000058,37.500000256
4.56e-07,2.9374995200000003,-1.7920000017213056e-07,-1.8749957120000005,37.500000256
4.5650000000000004e-07,2.4999995647999995,-0.06250017280000009,-2.4999956480000023,37.500000256
4.5700000000000003e-07,2.6874995455999997,-0.1250001664,-1.2499957760000058,37.500000256
4.575e-07,2.4374995712,-0.1250001664,-2.4999956480000023,37.500000256
4.5800000000000005e-07,1.9374996223999998,-1.7920000017213056e-07,-1.2499957760000058,36.87500032
4.5850000000000004e-07,1.1874996992,-1.7920000017213056e-07,-1.2499957760000058,36.87500032
4.59e-07,0.4374997760000001,-1.7920000017213056e-07,-1.8749957120000005,36.87500032
4.595e-07,-0.25000015360000005,-0.06250017280000009,-1.2499957760000058,37.500000256
4.6000000000000004e-07,-0.9375000832,-0.06250017280000009,-1.2499957760000058,37.500000256
4.6050000000000003e-07,-1.437500032,-0.06250017280000009,-1.2499957760000058,36.87500032
4.61e-07,-1.8124999936,-0.06250017280000009,-1.8749957120000005,36.250000384
4.6150000000000005e-07,-1.9374999808,-0.06250017280000009,-1.8749957120000005,35.625000448
4.6200000000000003e-07,-2.062499968,-0.06250017280000009,-0.624995840000004,35.000000512
4.625e-07,-1.75,-0.1250001664,-1.8749957120000005,35.000000512
4.63e-07,-1.6250000128,-0.1250001664,-1.2499957760000058,35.000000512
4.6350000000000004e-07,-1.3125000448000002,-0.18750016000000014,-2.4999956480000023,33.750000639999996
4.64e-07,-0.7500001024,-0.06250017280000009,-1.8749957120000005,33.125000704
4.645e-07,-0.31250014719999997,-1.7920000017213056e-07,-1.8749957120000005,33.750000639999996
4.6500000000000005e-07,0.12499980799999988,-0.06250017280000009,-1.8749957120000005,33.750000639999996
4.6550000000000003e-07,0.4374997760000001,-0.1250001664,-2.4999956480000023,32.500000768
4.66e-07,0.49999976960000003,-0.1250001664,-1.2499957760000058,31.250000896
4.6650000000000005e-07,0.5624997632,-0.06250017280000009,0.6250040319999997,30.62500096
4.6700000000000004e-07,0.49999976960000003,-0.06250017280000009,4.0959999978440464e-06,29.375001087999998
4.675e-07,0.5624997632,-0.06250017280000009,1.2500039680000015,29.375001087999998
4.68e-07,0.6874997503999998,-0.06250017280000009,3.125003776,29.375001087999998
4.6850000000000005e-07,0.7499997440000001,-0.06250017280000009,3.7500037119999945,28.125001216
4.6900000000000003e-07,0.5624997632,-0.06250017280000009,5.62500352,27.50000128
4.695e-07,0.31249978879999984,-1.7920000017213056e-07,6.875003391999996,26.875001343999998
4.7000000000000005e-07,-1.7920000017213056e-07,-0.06250017280000009,8.750003199999998,25.625001472
4.7050000000000004e-07,-0.18750016000000014,-0.06250017280000009,7.500003327999998,24.375001599999997
4.71e-07,-0.25000015360000005,-0.06250017280000009,6.875003391999996,23.750001664
4.715e-07,-0.18750016000000014,-0.06250017280000009,6.875003391999996,22.500001792
4.7200000000000004e-07,-0.1250001664,-1.7920000017213056e-07,10.000003071999998,22.500001792
4.7250000000000003e-07,-0.31250014719999997,-1.7920000017213056e-07,11.875002879999997,20.625001984
4.73e-07,-0.5000001279999999,-0.1250001664,14.375002623999997,20.625001984
4.7350000000000005e-07,-0.6250001152,-0.1250001664,15.000002559999999,19.375002111999997
4.7400000000000004e-07,-0.5000001279999999,-1.7920000017213056e-07,15.625002496,18.12500224
4.745e-07,-0.25000015360000005,-0.06250017280000009,15.000002559999999,16.875002367999997
4.75e-07,0.062499814399999964,-0.1250001664,14.375002623999997,15.625002496
4.7550000000000004e-07,0.062499814399999964,-0.18750016000000014,16.875002367999997,15.000002559999999
4.7600000000000003e-07,-0.06250017280000009,-0.1250001664,20.625001984,14.375002623999997
4.765e-07,-0.25000015360000005,-0.06250017280000009,22.500001792,12.500002815999999
4.77e-07,-0.25000015360000005,-0.1250001664,22.500001792,11.250002943999998
4.775e-07,-1.7920000017213056e-07,-0.1250001664,21.25000192,10.000003071999998
4.78e-07,0.18749980160000002,-0.18750016000000014,21.25000192,8.750003199999998
4.785000000000001e-07,0.24999979519999993,-0.1250001664,21.25000192,8.125003264
4.79e-07,0.062499814399999964,-0.1250001664,24.375001599999997,8.125003264
4.795e-07,-0.18750016000000014,-0.1250001664,26.875001343999998,6.875003391999996
4.800000000000001e-07,-0.18750016000000014,-0.1250001664,28.750001152,5.62500352
4.805e-07,-0.1250001664,-0.18750016000000014,28.125001216,4.375003647999996
4.81e-07,0.062499814399999964,-0.18750016000000014,27.50000128,3.7500037119999945
4.815000000000001e-07,0.062499814399999964,-0.25000015360000005,25.625001472,3.125003776
4.82e-07,-0.1250001664,-0.1250001664,28.125001216,1.8750039039999962
4.825e-07,-0.31250014719999997,-0.1250001664,30.62500096,0.6250040319999997
4.830000000000001e-07,-0.25000015360000005,-0.25000015360000005,32.500000768,4.0959999978440464e-06
4.835e-07,-0.1250001664,-0.31250014719999997,33.125000704,-1.2499957760000058
4.84e-07,-1.7920000017213056e-07,-0.31250014719999997,32.500000768,-1.8749957120000005
4.845e-07,-0.06250017280000009,-0.25000015360000005,31.250000896,-3.124995584000004
4.85e-07,-0.31250014719999997,-0.31250014719999997,31.875000831999998,-3.749995519999999
4.855e-07,-0.3750001408000001,-0.31250014719999997,34.375000576,-3.749995519999999
4.86e-07,-0.18750016000000014,-0.3750001408000001,36.250000384,-4.374995456000001
4.865e-07,0.062499814399999964,-0.3750001408000001,35.000000512,-4.999995392000002
4.870000000000001e-07,0.12499980799999988,-0.3750001408000001,34.375000576,-4.999995392000002
4.875e-07,0.062499814399999964,-0.31250014719999997,33.750000639999996,-5.624995328000004
4.88e-07,-0.1250001664,-0.31250014719999997,35.000000512,-4.999995392000002
4.885000000000001e-07,-0.25000015360000005,-0.31250014719999997,37.500000256,-4.374995456000001
4.89e-07,-0.06250017280000009,-0.3750001408000001,38.750000127999996,-3.124995584000004
4.895e-07,0.062499814399999964,-0.31250014719999997,37.500000256,-3.749995519999999
4.900000000000001e-07,0.062499814399999964,-0.06250017280000009,37.500000256,-4.374995456000001
4.905e-07,-0.06250017280000009,0.12499980799999988,36.250000384,-4.374995456000001
4.91e-07,-0.18750016000000014,0.37499978239999976,36.87500032,-3.749995519999999
4.915000000000001e-07,-0.18750016000000014,0.8124997376,38.750000127999996,-1.8749957120000005
4.92e-07,-0.06250017280000009,1.3749996799999997,39.375000064,-1.2499957760000058
4.925e-07,0.12499980799999988,1.9999996159999998,38.125000192,-1.8749957120000005
4.93e-07,-0.06250017280000009,2.3749995775999997,38.125000192,-1.8749957120000005
4.935e-07,-0.18750016000000014,2.7499995392,37.500000256,-1.8749957120000005
4.940000000000001e-07,-0.31250014719999997,2.9999995135999997,38.125000192,-0.624995840000004
4.945e-07,-0.18750016000000014,3.1874994944,39.375000064,-0.624995840000004
4.95e-07,0.062499814399999964,3.4999994624,39.375000064,-1.2499957760000058
4.955000000000001e-07,0.12499980799999988,3.8124994304,38.750000127999996,-0.624995840000004
4.96e-07,0.12499980799999988,3.9374994175999998,38.125000192,-1.2499957760000058
4.965e-07,-0.25000015360000005,4.187499391999999,38.125000192,-1.8749957120000005
4.970000000000001e-07,-0.25000015360000005,4.3749993728,38.750000127999996,-2.4999956480000023
4.975e-07,-0.18750016000000014,4.4999993599999994,38.750000127999996,-3.124995584000004
4.98e-07,0.062499814399999964,4.7499993344,40.0,-3.124995584000004
4.985000000000001e-07,0.12499980799999988,4.8749993216,38.125000192,-3.124995584000004
4.99e-07,-0.06250017280000009,4.9999993088,36.87500032,-3.124995584000004
4.995e-07,-0.1250001664,5.0624993024,37.500000256,-1.8749957120000005
