Time (s),VGS_A,VGS_B,VDS_A,VDS_B,"[""CRTL_A"", ""IN_A"", ""CRTL_B"", ""IN_B"", ""nEN""]"
0.0,4.890625407999999,-0.1093748992000001,-1.2499957760000058,47.499999232,768
5e-10,4.890625407999999,0.04687511039999981,-1.2499957760000058,48.124999168,768
1e-09,4.890625407999999,-0.1093748992000001,-1.8749957120000005,48.749999104,768
1.5000000000000002e-09,4.890625407999999,-0.18749990400000005,-1.8749957120000005,49.37499904,768
2e-09,4.890625407999999,-0.2656249088,-2.4999956480000023,50.624998912,512
2.5e-09,4.9687504127999995,-0.1093748992000001,-1.2499957760000058,51.249998848000004,512
3.0000000000000004e-09,5.0468754176,-0.031249894400000144,-1.2499957760000058,50.624998912,512
3.5000000000000003e-09,5.0468754176,-0.031249894400000144,-1.8749957120000005,50.624998912,0
4e-09,4.9687504127999995,-0.031249894400000144,-1.8749957120000005,51.249998848000004,0
4.500000000000001e-09,4.890625407999999,-0.1093748992000001,-1.2499957760000058,52.49999872,0
5e-09,4.890625407999999,-0.18749990400000005,-1.8749957120000005,53.124998656,0
5.5000000000000004e-09,4.890625407999999,-0.18749990400000005,-2.4999956480000023,53.749998592,0
6.000000000000001e-09,4.890625407999999,-0.1093748992000001,-2.4999956480000023,53.124998656,0
6.5e-09,4.890625407999999,-0.18749990400000005,-0.624995840000004,53.749998592,0
7.000000000000001e-09,4.9687504127999995,-0.2656249088,-1.8749957120000005,54.374998528,0
7.500000000000001e-09,4.9687504127999995,-0.2656249088,-1.2499957760000058,54.374998528,0
8e-09,4.890625407999999,-0.18749990400000005,-1.2499957760000058,54.999998464,0
8.5e-09,4.8125004032,-0.031249894400000144,-1.2499957760000058,54.999998464,0
9.000000000000001e-09,4.8125004032,-0.1093748992000001,-1.8749957120000005,55.6249984,0
9.5e-09,4.8125004032,-0.18749990400000005,-1.8749957120000005,56.249998336000004,0
1e-08,4.9687504127999995,-0.18749990400000005,-2.4999956480000023,56.249998336000004,0
1.0500000000000001e-08,4.8125004032,-0.1093748992000001,-1.2499957760000058,55.6249984,0
1.1000000000000001e-08,4.8125004032,-0.1093748992000001,-1.2499957760000058,55.6249984,0
1.15e-08,4.8125004032,-0.1093748992000001,-1.8749957120000005,54.999998464,0
1.2000000000000002e-08,4.734375398399999,-0.1093748992000001,-1.8749957120000005,55.6249984,0
1.2500000000000001e-08,4.8125004032,-0.18749990400000005,-1.2499957760000058,55.6249984,0
1.3e-08,4.8125004032,-0.18749990400000005,-2.4999956480000023,56.249998336000004,0
1.35e-08,4.9687504127999995,-0.18749990400000005,-1.8749957120000005,56.874998272,0
1.4000000000000001e-08,4.8125004032,-0.1093748992000001,-2.4999956480000023,55.6249984,0
1.45e-08,4.8125004032,-0.1093748992000001,-1.8749957120000005,54.999998464,0
1.5000000000000002e-08,4.8125004032,-0.18749990400000005,-2.4999956480000023,55.6249984,0
1.55e-08,4.9687504127999995,-0.1093748992000001,-1.8749957120000005,54.999998464,0
1.6e-08,5.0468754176,-0.031249894400000144,-1.8749957120000005,54.374998528,0
1.6500000000000002e-08,4.890625407999999,0.04687511039999981,-1.8749957120000005,54.374998528,0
1.7e-08,4.8125004032,-0.18749990400000005,-2.4999956480000023,54.374998528,0
1.75e-08,4.734375398399999,-0.2656249088,-2.4999956480000023,53.124998656,0
1.8000000000000002e-08,4.8125004032,-0.18749990400000005,-2.4999956480000023,53.124998656,0
1.85e-08,4.8125004032,-0.1093748992000001,-1.2499957760000058,52.49999872,0
1.9e-08,4.8125004032,-0.1093748992000001,-0.624995840000004,51.249998848000004,0
1.9500000000000003e-08,4.8125004032,-0.18749990400000005,-1.8749957120000005,50.624998912,0
2e-08,4.8125004032,-0.1093748992000001,-1.8749957120000005,50.624998912,0
2.05e-08,4.6562503936,-0.18749990400000005,-1.2499957760000058,49.37499904,0
2.1000000000000003e-08,4.10937536,-0.18749990400000005,-2.4999956480000023,48.124999168,0
2.15e-08,3.4843753216,-0.18749990400000005,-3.124995584000004,47.499999232,0
2.2000000000000002e-08,3.0937502975999998,-0.1093748992000001,-2.4999956480000023,45.624999424,0
2.2500000000000003e-08,2.7812502784,-0.18749990400000005,-1.2499957760000058,44.999999488,0
2.3e-08,2.3125002495999993,-0.18749990400000005,-2.4999956480000023,44.374999552,0
2.3500000000000002e-08,1.375000192,-0.18749990400000005,-0.624995840000004,43.749999616,0
2.4000000000000003e-08,0.4375001344,-0.2656249088,0.6250040319999997,42.499999744,0
2.45e-08,-0.6562499328,-0.1093748992000001,3.125003776,41.874999808,0
2.5000000000000002e-08,-1.4374999808,-0.2656249088,6.250003456000002,40.0,0
2.55e-08,-1.9062500096,-0.2656249088,8.750003199999998,38.750000127999996,0
2.6e-08,-2.0625000192,-0.18749990400000005,11.875002879999997,37.500000256,0
2.6500000000000002e-08,-2.2187500287999997,-0.1093748992000001,14.375002623999997,35.625000448,0
2.7e-08,-2.140625024,-0.18749990400000005,13.125002752,34.375000576,0
2.75e-08,-2.140625024,-0.18749990400000005,11.875002879999997,33.125000704,0
2.8000000000000003e-08,-2.140625024,-0.1093748992000001,14.375002623999997,32.500000768,0
2.85e-08,-1.8281250048,-0.2656249088,19.375002111999997,30.62500096,1024
2.9e-08,-1.0468749568,-0.2656249088,25.625001472,29.375001087999998,1024
2.9500000000000003e-08,-0.2656249088,-0.18749990400000005,30.000001024,28.125001216,3072
3.0000000000000004e-08,0.28125012479999967,-0.18749990400000005,28.750001152,26.250001408,3072
3.05e-08,0.5937501439999999,-0.1093748992000001,26.250001408,25.000001536,3072
3.1e-08,0.5937501439999999,-0.1093748992000001,22.500001792,23.750001664,3072
3.1500000000000004e-08,0.5156251392,-0.18749990400000005,25.000001536,22.500001792,3072
3.2e-08,0.7500001535999998,-0.1093748992000001,32.500000768,20.625001984,3072
3.25e-08,0.9843751679999997,-0.18749990400000005,40.624999936,19.375002111999997,3072
3.3000000000000004e-08,0.9843751679999997,-0.2656249088,43.12499968,18.12500224,3072
3.35e-08,0.5937501439999999,-0.2656249088,40.0,16.250002432,3072
3.4e-08,0.20312511999999994,-0.18749990400000005,35.625000448,14.375002623999997,3072
3.4500000000000005e-08,0.04687511039999981,-0.18749990400000005,35.625000448,13.750002687999999,3072
3.5e-08,0.20312511999999994,-0.1093748992000001,41.249999872000004,13.125002752,3072
3.55e-08,0.28125012479999967,-0.18749990400000005,45.624999424,11.875002879999997,3072
3.6000000000000005e-08,0.12500011519999976,-0.18749990400000005,46.874999296,10.625003008,3072
3.65e-08,-0.42187491840000013,-0.18749990400000005,44.999999488,8.750003199999998,3072
3.7e-08,-0.968749952,-0.3437499136000002,43.749999616,7.500003327999998,3072
3.7500000000000005e-08,-0.968749952,-0.2656249088,47.499999232,7.500003327999998,3072
3.8e-08,-0.6562499328,-0.18749990400000005,51.249998848000004,6.250003456000002,3072
3.85e-08,-0.18749990400000005,-0.18749990400000005,52.49999872,5.000003583999998,3072
3.9000000000000005e-08,-0.031249894400000144,-0.18749990400000005,48.124999168,4.375003647999996,3072
3.95e-08,-0.3437499136000002,-0.3437499136000002,45.624999424,3.125003776,3072
4e-08,-0.578124928,-0.2656249088,46.249999360000004,2.500003839999998,3072
4.0500000000000005e-08,-0.42187491840000013,-0.18749990400000005,52.49999872,1.8750039039999962,3072
4.1e-08,0.04687511039999981,-0.2656249088,57.499998208,1.2500039680000015,3072
4.15e-08,0.04687511039999981,-0.42187491840000013,56.249998336000004,0.6250040319999997,3072
4.2000000000000006e-08,-0.1093748992000001,-0.3437499136000002,51.874998784,-0.624995840000004,3072
4.2500000000000003e-08,-0.2656249088,-0.2656249088,49.37499904,-0.624995840000004,3072
4.3e-08,-0.031249894400000144,-0.2656249088,50.624998912,-1.2499957760000058,3072
4.3500000000000006e-08,0.20312511999999994,-0.2656249088,53.749998592,-1.8749957120000005,3072
4.4000000000000004e-08,0.28125012479999967,-0.2656249088,54.999998464,-2.4999956480000023,3072
4.45e-08,-0.031249894400000144,-0.2656249088,54.374998528,-3.749995519999999,3072
4.5000000000000006e-08,-0.42187491840000013,-0.3437499136000002,52.49999872,-3.749995519999999,3072
4.5500000000000004e-08,-0.4999999232000001,-0.2656249088,52.49999872,-3.749995519999999,3072
4.6e-08,-0.3437499136000002,-0.18749990400000005,54.374998528,-3.749995519999999,3072
4.6500000000000006e-08,-0.031249894400000144,-0.031249894400000144,54.999998464,-3.124995584000004,3072
4.7000000000000004e-08,0.04687511039999981,-0.1093748992000001,51.874998784,-3.124995584000004,3072
4.75e-08,-0.18749990400000005,-0.1093748992000001,49.37499904,-3.124995584000004,3072
4.8000000000000006e-08,-0.2656249088,-0.1093748992000001,49.37499904,-2.4999956480000023,3072
4.8500000000000004e-08,-0.3437499136000002,-0.031249894400000144,51.874998784,-1.8749957120000005,3072
4.9e-08,-0.2656249088,-0.031249894400000144,53.749998592,-1.2499957760000058,3072
4.95e-08,-0.18749990400000005,0.12500011519999976,53.124998656,-1.8749957120000005,3072
5.0000000000000004e-08,-0.1093748992000001,0.35937512960000007,51.249998848000004,-2.4999956480000023,3072
5.05e-08,-0.3437499136000002,0.9062501631999997,49.999998976,-1.8749957120000005,3072
5.1e-08,-0.2656249088,1.5312502015999998,48.749999104,4.0959999978440464e-06,3072
5.1500000000000005e-08,-0.031249894400000144,2.2343752448,48.749999104,1.8750039039999962,3072
5.2e-08,-0.031249894400000144,2.8593752831999995,49.37499904,1.2500039680000015,3072
5.25e-08,-0.031249894400000144,3.2500003071999997,49.37499904,-0.624995840000004,3072
5.3000000000000005e-08,-0.2656249088,3.4843753216,48.124999168,-1.2499957760000058,3072
5.35e-08,-0.2656249088,3.7187503359999994,48.124999168,-1.8749957120000005,3072
5.4e-08,-0.2656249088,4.031250355199999,47.499999232,-1.8749957120000005,3072
5.4500000000000005e-08,-0.1093748992000001,4.3437503744,48.124999168,-1.8749957120000005,3072
5.5e-08,0.04687511039999981,4.500000384,46.249999360000004,-1.2499957760000058,3072
5.55e-08,-0.031249894400000144,4.734375398399999,44.999999488,-1.8749957120000005,3072
5.6000000000000005e-08,-0.1093748992000001,4.8125004032,44.374999552,-1.8749957120000005,3072
5.65e-08,-0.2656249088,5.125000422399999,43.749999616,-1.8749957120000005,3072
5.7e-08,-0.2656249088,5.281250431999999,45.624999424,-2.4999956480000023,3072
5.7500000000000005e-08,-0.18749990400000005,5.437500441599999,46.249999360000004,-1.8749957120000005,3072
5.8e-08,-0.1093748992000001,5.5156254464,44.999999488,-1.2499957760000058,3072
5.85e-08,-0.18749990400000005,5.5156254464,43.749999616,-1.2499957760000058,3072
5.9000000000000006e-08,-0.031249894400000144,5.6718754559999995,42.499999744,-1.2499957760000058,3072
5.9500000000000003e-08,-0.031249894400000144,5.6718754559999995,42.499999744,-0.624995840000004,3072
6.000000000000001e-08,-0.031249894400000144,5.6718754559999995,43.12499968,-1.8749957120000005,3072
6.05e-08,-0.1093748992000001,5.593750451199999,43.12499968,-3.124995584000004,3072
6.1e-08,-0.2656249088,5.437500441599999,43.749999616,-3.749995519999999,3072
6.15e-08,-0.2656249088,5.3593754368,43.12499968,-2.4999956480000023,3072
6.2e-08,-0.2656249088,5.3593754368,42.499999744,-3.124995584000004,3072
6.250000000000001e-08,-0.2656249088,5.2031254272,42.499999744,-2.4999956480000023,3072
6.300000000000001e-08,-0.1093748992000001,5.2031254272,41.874999808,-3.124995584000004,3072
6.35e-08,-0.031249894400000144,5.0468754176,42.499999744,-2.4999956480000023,3072
6.4e-08,-0.031249894400000144,5.125000422399999,41.249999872000004,-1.8749957120000005,3072
6.45e-08,-0.2656249088,5.125000422399999,41.249999872000004,-1.8749957120000005,3072
6.5e-08,-0.2656249088,4.9687504127999995,41.874999808,-0.624995840000004,3072
6.55e-08,-0.2656249088,4.8125004032,42.499999744,-1.8749957120000005,3072
6.600000000000001e-08,-0.2656249088,4.734375398399999,43.12499968,-2.4999956480000023,3072
6.65e-08,-0.18749990400000005,4.6562503936,44.374999552,-1.8749957120000005,3072
6.7e-08,-0.1093748992000001,4.6562503936,43.12499968,-1.8749957120000005,3072
6.75e-08,-0.1093748992000001,4.578125388799999,41.874999808,-2.4999956480000023,3072
6.8e-08,-0.18749990400000005,4.578125388799999,42.499999744,-2.4999956480000023,3072
6.85e-08,-0.2656249088,4.421875379199999,43.749999616,-3.124995584000004,3072
6.900000000000001e-08,-0.3437499136000002,4.421875379199999,43.749999616,-2.4999956480000023,3072
6.950000000000001e-08,-0.18749990400000005,4.421875379199999,44.374999552,-1.8749957120000005,3072
7e-08,-0.18749990400000005,4.578125388799999,44.999999488,-2.4999956480000023,3072
7.05e-08,-0.18749990400000005,4.6562503936,45.624999424,-1.2499957760000058,3072
7.1e-08,-0.18749990400000005,4.6562503936,44.999999488,-1.8749957120000005,3072
7.15e-08,-0.18749990400000005,4.6562503936,46.874999296,-1.8749957120000005,3072
7.200000000000001e-08,-0.1093748992000001,4.578125388799999,46.249999360000004,-1.8749957120000005,3072
7.250000000000001e-08,-0.031249894400000144,4.734375398399999,46.249999360000004,-1.2499957760000058,3072
7.3e-08,-0.031249894400000144,4.8125004032,46.874999296,-1.2499957760000058,3072
7.35e-08,-0.1093748992000001,4.8125004032,48.124999168,-2.4999956480000023,3072
7.4e-08,-0.1093748992000001,4.8125004032,48.749999104,-3.124995584000004,3072
7.45e-08,-0.18749990400000005,4.8125004032,49.999998976,-3.124995584000004,3072
7.500000000000001e-08,-0.1093748992000001,4.8125004032,49.999998976,-2.4999956480000023,2048
7.550000000000001e-08,-0.1093748992000001,4.890625407999999,49.37499904,-1.8749957120000005,2048
7.6e-08,-0.18749990400000005,4.9687504127999995,49.999998976,-1.2499957760000058,2048
7.65e-08,-0.1093748992000001,4.9687504127999995,51.249998848000004,-2.4999956480000023,2048
7.7e-08,-0.1093748992000001,4.8125004032,51.249998848000004,-2.4999956480000023,0
7.75e-08,-0.031249894400000144,4.890625407999999,52.49999872,-2.4999956480000023,0
7.800000000000001e-08,-0.1093748992000001,4.9687504127999995,52.49999872,-1.8749957120000005,0
7.850000000000001e-08,-0.031249894400000144,4.9687504127999995,54.374998528,-2.4999956480000023,0
7.9e-08,-0.18749990400000005,4.890625407999999,53.749998592,-1.8749957120000005,0
7.95e-08,-0.18749990400000005,4.8125004032,54.374998528,-2.4999956480000023,0
8e-08,-0.031249894400000144,4.8125004032,54.374998528,-1.8749957120000005,0
8.05e-08,-0.031249894400000144,4.9687504127999995,53.749998592,-2.4999956480000023,0
8.100000000000001e-08,-0.031249894400000144,4.9687504127999995,54.999998464,-1.2499957760000058,0
8.150000000000001e-08,-0.1093748992000001,4.9687504127999995,55.6249984,-1.8749957120000005,0
8.2e-08,-0.18749990400000005,4.9687504127999995,55.6249984,-2.4999956480000023,0
8.25e-08,-0.18749990400000005,4.9687504127999995,56.249998336000004,-1.2499957760000058,0
8.3e-08,-0.1093748992000001,4.9687504127999995,56.874998272,-1.2499957760000058,0
8.35e-08,-0.1093748992000001,5.0468754176,56.874998272,-1.2499957760000058,0
8.400000000000001e-08,-0.18749990400000005,4.9687504127999995,56.874998272,-1.2499957760000058,0
8.450000000000001e-08,-0.18749990400000005,4.9687504127999995,57.499998208,-2.4999956480000023,0
8.500000000000001e-08,-0.18749990400000005,4.890625407999999,56.249998336000004,-2.4999956480000023,0
8.55e-08,-0.18749990400000005,4.890625407999999,56.874998272,-2.4999956480000023,0
8.6e-08,-0.18749990400000005,4.9687504127999995,57.499998208,-3.124995584000004,0
8.65e-08,-0.1093748992000001,4.8125004032,58.74999808,-3.124995584000004,0
8.700000000000001e-08,-0.18749990400000005,4.8125004032,57.499998208,-1.8749957120000005,0
8.750000000000001e-08,-0.1093748992000001,4.8125004032,56.874998272,-1.8749957120000005,0
8.800000000000001e-08,-0.031249894400000144,4.890625407999999,56.249998336000004,-1.8749957120000005,0
8.85e-08,-0.18749990400000005,5.0468754176,56.249998336000004,-1.8749957120000005,0
8.9e-08,-0.1093748992000001,5.0468754176,56.874998272,-1.2499957760000058,0
8.95e-08,-0.18749990400000005,4.890625407999999,56.249998336000004,-1.8749957120000005,0
9.000000000000001e-08,-0.1093748992000001,4.890625407999999,55.6249984,-1.8749957120000005,0
9.050000000000001e-08,-0.18749990400000005,4.890625407999999,56.249998336000004,-1.8749957120000005,0
9.100000000000001e-08,-0.1093748992000001,4.8125004032,56.249998336000004,-2.4999956480000023,0
9.15e-08,-0.1093748992000001,4.734375398399999,54.999998464,-2.4999956480000023,0
9.2e-08,-0.18749990400000005,4.8125004032,53.749998592,-2.4999956480000023,0
9.25e-08,-0.1093748992000001,4.8125004032,53.749998592,-2.4999956480000023,0
9.300000000000001e-08,-0.2656249088,4.8125004032,53.124998656,-1.8749957120000005,0
9.350000000000001e-08,-0.18749990400000005,4.6562503936,52.49999872,-1.8749957120000005,0
9.400000000000001e-08,-0.2656249088,4.421875379199999,51.874998784,-1.8749957120000005,0
9.45e-08,-0.18749990400000005,4.031250355199999,51.874998784,-2.4999956480000023,0
9.5e-08,-0.18749990400000005,3.7187503359999994,49.37499904,-1.8749957120000005,0
9.55e-08,-0.18749990400000005,3.4062503167999996,48.124999168,-1.8749957120000005,0
9.600000000000001e-08,-0.031249894400000144,3.0156252927999994,47.499999232,-1.2499957760000058,0
9.650000000000001e-08,-0.18749990400000005,2.4687502592,46.249999360000004,-1.8749957120000005,0
9.700000000000001e-08,-0.1093748992000001,1.7656252159999997,45.624999424,-0.624995840000004,0
9.75e-08,-0.18749990400000005,0.5937501439999999,44.374999552,1.8750039039999962,0
9.8e-08,-0.1093748992000001,-0.42187491840000013,43.12499968,3.7500037119999945,0
9.85e-08,-0.2656249088,-1.359374976,43.12499968,5.62500352,0
9.9e-08,-0.1093748992000001,-2.0625000192,41.874999808,7.500003327999998,0
9.950000000000001e-08,-0.1093748992000001,-2.4531250432,39.375000064,8.125003264,0
1.0000000000000001e-07,-0.2656249088,-2.6093750528,38.125000192,10.000003071999998,0
1.005e-07,-0.18749990400000005,-2.6875000576,37.500000256,11.875002879999997,0
1.01e-07,-0.18749990400000005,-2.8437500672000002,35.625000448,15.000002559999999,0
1.015e-07,-0.18749990400000005,-2.8437500672000002,34.375000576,18.12500224,256
1.02e-07,-0.2656249088,-2.531250048,33.125000704,20.000002048,256
1.0250000000000001e-07,-0.2656249088,-1.8281250048,32.500000768,22.500001792,256
1.0300000000000001e-07,-0.18749990400000005,-0.8124999424000001,30.62500096,22.500001792,256
1.0350000000000001e-07,-0.1093748992000001,-0.031249894400000144,28.750001152,23.125001728,768
1.04e-07,-0.1093748992000001,0.35937512960000007,26.875001343999998,25.000001536,768
1.045e-07,-0.18749990400000005,0.5156251392,25.625001472,28.125001216,768
1.05e-07,-0.031249894400000144,0.5156251392,24.375001599999997,31.250000896,768
1.0550000000000001e-07,-0.1093748992000001,0.8281251583999998,22.500001792,33.750000639999996,768
1.0600000000000001e-07,-0.1093748992000001,1.2968751872,21.25000192,35.000000512,768
1.0650000000000001e-07,-0.2656249088,1.4531251967999999,20.625001984,36.250000384,768
1.07e-07,-0.3437499136000002,1.2968751872,18.750002176,36.87500032,768
1.075e-07,-0.3437499136000002,0.9062501631999997,16.875002367999997,38.125000192,768
1.08e-07,-0.2656249088,0.6718751487999999,16.250002432,40.0,768
1.0850000000000001e-07,-0.18749990400000005,0.6718751487999999,15.000002559999999,40.624999936,768
1.0900000000000001e-07,-0.2656249088,0.6718751487999999,13.750002687999999,41.874999808,768
1.0950000000000001e-07,-0.18749990400000005,0.35937512960000007,11.250002943999998,43.12499968,768
1.1e-07,-0.2656249088,-0.18749990400000005,10.000003071999998,44.999999488,768
1.105e-07,-0.2656249088,-0.6562499328,9.375003135999997,47.499999232,768
1.11e-07,-0.18749990400000005,-0.8124999424000001,8.125003264,48.124999168,768
1.1150000000000001e-07,-0.18749990400000005,-0.6562499328,7.500003327999998,46.874999296,768
1.1200000000000001e-07,-0.1093748992000001,-0.2656249088,6.875003391999996,45.624999424,768
1.1250000000000001e-07,-0.2656249088,-0.18749990400000005,5.000003583999998,46.249999360000004,768
1.13e-07,-0.2656249088,-0.578124928,4.375003647999996,49.999998976,768
1.135e-07,-0.42187491840000013,-0.968749952,3.7500037119999945,52.49999872,768
1.14e-07,-0.3437499136000002,-0.8906249472000001,1.8750039039999962,52.49999872,768
1.1450000000000001e-07,-0.3437499136000002,-0.4999999232000001,1.8750039039999962,51.874998784,768
1.1500000000000001e-07,-0.2656249088,-0.031249894400000144,1.2500039680000015,49.999998976,768
1.1550000000000001e-07,-0.2656249088,-0.031249894400000144,-0.624995840000004,51.249998848000004,768
1.16e-07,-0.42187491840000013,-0.031249894400000144,-0.624995840000004,51.874998784,768
1.165e-07,-0.3437499136000002,-0.18749990400000005,-0.624995840000004,52.49999872,768
1.17e-07,-0.2656249088,-0.031249894400000144,-1.2499957760000058,52.49999872,768
1.1750000000000001e-07,-0.2656249088,0.28125012479999967,-2.4999956480000023,52.49999872,768
1.1800000000000001e-07,-0.2656249088,0.28125012479999967,-3.124995584000004,52.49999872,768
1.1850000000000001e-07,-0.2656249088,0.04687511039999981,-1.8749957120000005,53.124998656,768
1.1900000000000001e-07,-0.18749990400000005,-0.031249894400000144,-3.749995519999999,53.124998656,768
1.195e-07,-0.031249894400000144,0.04687511039999981,-3.124995584000004,53.124998656,768
1.2000000000000002e-07,-0.031249894400000144,0.35937512960000007,-3.749995519999999,51.249998848000004,768
1.205e-07,-0.18749990400000005,0.4375001344,-3.749995519999999,50.624998912,768
1.21e-07,-0.18749990400000005,0.12500011519999976,-3.124995584000004,51.874998784,768
1.215e-07,-0.2656249088,-0.3437499136000002,-3.749995519999999,53.124998656,768
1.22e-07,-0.18749990400000005,-0.4999999232000001,-3.124995584000004,53.749998592,768
1.2250000000000002e-07,-0.1093748992000001,-0.3437499136000002,-2.4999956480000023,52.49999872,768
1.23e-07,0.20312511999999994,-0.1093748992000001,-3.124995584000004,49.999998976,768
1.2350000000000001e-07,0.5937501439999999,-0.031249894400000144,-3.124995584000004,49.37499904,768
1.24e-07,1.1406251775999996,-0.18749990400000005,-1.8749957120000005,49.999998976,768
1.245e-07,1.8437502207999996,-0.42187491840000013,-1.2499957760000058,49.37499904,768
1.2500000000000002e-07,2.3906252543999997,-0.42187491840000013,-1.8749957120000005,48.749999104,768
1.255e-07,2.8593752831999995,-0.18749990400000005,-1.8749957120000005,49.37499904,768
1.2600000000000002e-07,3.328125312,-0.1093748992000001,-1.2499957760000058,48.749999104,768
1.265e-07,3.7968753407999998,-0.1093748992000001,-0.624995840000004,48.124999168,768
1.27e-07,4.10937536,-0.2656249088,-1.2499957760000058,47.499999232,768
1.275e-07,4.3437503744,-0.2656249088,-1.2499957760000058,46.249999360000004,768
1.28e-07,4.578125388799999,-0.1093748992000001,-1.2499957760000058,46.249999360000004,768
1.2850000000000002e-07,4.6562503936,0.04687511039999981,-1.2499957760000058,46.249999360000004,768
1.29e-07,4.890625407999999,0.04687511039999981,-1.2499957760000058,46.874999296,768
1.2950000000000001e-07,4.9687504127999995,-0.2656249088,4.0959999978440464e-06,46.874999296,768
1.3e-07,5.2031254272,-0.3437499136000002,-0.624995840000004,46.249999360000004,768
1.305e-07,5.281250431999999,-0.18749990400000005,4.0959999978440464e-06,45.624999424,768
1.31e-07,5.3593754368,-0.031249894400000144,-1.2499957760000058,43.749999616,768
1.315e-07,5.5156254464,0.04687511039999981,-1.8749957120000005,43.749999616,768
1.3200000000000002e-07,5.5156254464,-0.1093748992000001,-1.2499957760000058,43.749999616,768
1.325e-07,5.5156254464,-0.2656249088,-1.2499957760000058,43.749999616,768
1.33e-07,5.5156254464,-0.42187491840000013,-1.8749957120000005,43.749999616,768
1.335e-07,5.5156254464,-0.2656249088,-1.8749957120000005,44.374999552,768
1.34e-07,5.3593754368,-0.1093748992000001,-1.8749957120000005,43.749999616,768
1.3450000000000002e-07,5.281250431999999,-0.1093748992000001,-0.624995840000004,42.499999744,768
1.35e-07,5.281250431999999,-0.18749990400000005,-1.2499957760000058,42.499999744,768
1.3550000000000002e-07,5.125000422399999,-0.2656249088,-1.2499957760000058,41.874999808,768
1.36e-07,5.125000422399999,-0.2656249088,-1.8749957120000005,42.499999744,768
1.365e-07,4.890625407999999,-0.1093748992000001,-1.2499957760000058,43.12499968,768
1.37e-07,4.9687504127999995,-0.031249894400000144,-1.2499957760000058,43.12499968,768
1.375e-07,4.890625407999999,-0.18749990400000005,-1.2499957760000058,43.12499968,768
1.3800000000000002e-07,4.890625407999999,-0.3437499136000002,-1.2499957760000058,42.499999744,768
1.385e-07,4.8125004032,-0.3437499136000002,-0.624995840000004,43.12499968,768
1.3900000000000001e-07,4.8125004032,-0.18749990400000005,-1.2499957760000058,42.499999744,768
1.395e-07,4.734375398399999,-0.031249894400000144,-1.8749957120000005,42.499999744,768
1.4e-07,4.6562503936,0.04687511039999981,-1.8749957120000005,43.12499968,768
1.4050000000000002e-07,4.578125388799999,-0.1093748992000001,-1.2499957760000058,43.12499968,768
1.41e-07,4.421875379199999,-0.3437499136000002,-1.2499957760000058,43.12499968,768
1.4150000000000002e-07,4.500000384,-0.3437499136000002,-1.8749957120000005,44.374999552,768
1.42e-07,4.421875379199999,-0.18749990400000005,-1.8749957120000005,44.374999552,768
1.425e-07,4.578125388799999,0.04687511039999981,-1.2499957760000058,44.374999552,768
1.43e-07,4.578125388799999,-0.031249894400000144,-3.124995584000004,43.749999616,768
1.435e-07,4.6562503936,-0.18749990400000005,-2.4999956480000023,43.749999616,768
1.4400000000000002e-07,4.734375398399999,-0.3437499136000002,-2.4999956480000023,44.999999488,768
1.445e-07,4.6562503936,-0.18749990400000005,-1.8749957120000005,45.624999424,768
1.4500000000000001e-07,4.8125004032,-0.031249894400000144,-1.2499957760000058,46.249999360000004,768
1.455e-07,4.8125004032,-0.031249894400000144,-1.2499957760000058,46.874999296,768
1.46e-07,4.8125004032,-0.031249894400000144,-2.4999956480000023,46.249999360000004,768
1.4650000000000002e-07,4.734375398399999,-0.1093748992000001,-1.2499957760000058,47.499999232,768
1.47e-07,4.8125004032,-0.18749990400000005,-1.2499957760000058,48.124999168,768
1.4750000000000002e-07,4.8125004032,-0.18749990400000005,-1.8749957120000005,48.124999168,768
1.48e-07,4.8125004032,-0.1093748992000001,-1.2499957760000058,48.749999104,768
1.485e-07,4.8125004032,-0.031249894400000144,-1.2499957760000058,48.124999168,768
1.49e-07,4.890625407999999,-0.18749990400000005,-2.4999956480000023,49.37499904,768
1.495e-07,4.9687504127999995,-0.18749990400000005,-2.4999956480000023,50.624998912,768
1.5000000000000002e-07,4.9687504127999995,-0.18749990400000005,-2.4999956480000023,50.624998912,512
1.505e-07,4.890625407999999,-0.031249894400000144,-1.8749957120000005,51.249998848000004,512
1.5100000000000002e-07,4.890625407999999,-0.031249894400000144,-1.8749957120000005,50.624998912,0
1.515e-07,4.890625407999999,-0.1093748992000001,-1.8749957120000005,51.249998848000004,0
1.52e-07,4.9687504127999995,-0.2656249088,-3.124995584000004,52.49999872,0
1.5250000000000002e-07,4.890625407999999,-0.18749990400000005,-2.4999956480000023,53.749998592,0
1.53e-07,4.890625407999999,-0.1093748992000001,-2.4999956480000023,54.374998528,0
1.5350000000000002e-07,4.734375398399999,-0.1093748992000001,-2.4999956480000023,54.374998528,0
1.54e-07,4.8125004032,-0.031249894400000144,-2.4999956480000023,54.374998528,0
1.5450000000000001e-07,4.8125004032,-0.1093748992000001,-1.8749957120000005,54.374998528,0
1.55e-07,4.9687504127999995,-0.1093748992000001,-1.8749957120000005,54.374998528,0
1.555e-07,4.9687504127999995,-0.18749990400000005,-1.8749957120000005,55.6249984,0
1.5600000000000002e-07,4.9687504127999995,-0.1093748992000001,-1.2499957760000058,55.6249984,0
1.565e-07,4.9687504127999995,-0.1093748992000001,-1.2499957760000058,54.999998464,0
1.5700000000000002e-07,4.9687504127999995,-0.2656249088,-2.4999956480000023,54.999998464,0
1.575e-07,4.9687504127999995,-0.18749990400000005,-1.8749957120000005,56.249998336000004,0
1.58e-07,4.890625407999999,-0.18749990400000005,-1.8749957120000005,56.249998336000004,0
1.5850000000000002e-07,4.890625407999999,-0.031249894400000144,-0.624995840000004,55.6249984,0
1.59e-07,4.890625407999999,-0.031249894400000144,-1.8749957120000005,56.249998336000004,0
1.5950000000000002e-07,4.8125004032,-0.1093748992000001,-1.8749957120000005,56.249998336000004,0
1.6e-07,4.8125004032,-0.18749990400000005,-2.4999956480000023,56.249998336000004,0
1.6050000000000001e-07,4.8125004032,-0.031249894400000144,-1.8749957120000005,56.874998272,0
1.61e-07,4.9687504127999995,-0.18749990400000005,-2.4999956480000023,56.874998272,0
1.615e-07,4.890625407999999,-0.18749990400000005,-1.8749957120000005,55.6249984,0
1.6200000000000002e-07,4.890625407999999,-0.1093748992000001,-3.124995584000004,55.6249984,0
1.625e-07,4.734375398399999,-0.1093748992000001,-1.8749957120000005,55.6249984,0
1.6300000000000002e-07,4.8125004032,-0.031249894400000144,-1.8749957120000005,54.999998464,0
1.635e-07,4.8125004032,-0.18749990400000005,-2.4999956480000023,54.999998464,0
1.64e-07,4.8125004032,-0.1093748992000001,-1.8749957120000005,54.999998464,0
1.645e-07,4.8125004032,-0.1093748992000001,-1.2499957760000058,53.749998592,0
1.65e-07,4.734375398399999,-0.18749990400000005,-2.4999956480000023,53.124998656,0
1.6550000000000002e-07,4.8125004032,-0.18749990400000005,-1.8749957120000005,53.124998656,0
1.66e-07,4.8125004032,-0.1093748992000001,-2.4999956480000023,51.874998784,0
1.6650000000000002e-07,4.734375398399999,0.04687511039999981,-0.624995840000004,50.624998912,0
1.67e-07,4.734375398399999,-0.031249894400000144,-1.8749957120000005,50.624998912,0
1.675e-07,4.8125004032,-0.1093748992000001,-1.8749957120000005,49.999998976,0
1.6800000000000002e-07,4.578125388799999,-0.1093748992000001,-1.8749957120000005,49.37499904,0
1.685e-07,4.031250355199999,-0.1093748992000001,-1.8749957120000005,48.124999168,0
1.6900000000000002e-07,3.4062503167999996,-0.2656249088,-1.8749957120000005,47.499999232,0
1.695e-07,2.937500288,-0.18749990400000005,-1.8749957120000005,46.874999296,0
1.7000000000000001e-07,2.7812502784,-0.1093748992000001,-2.4999956480000023,45.624999424,0
1.705e-07,2.2343752448,-0.18749990400000005,-1.8749957120000005,44.374999552,0
1.71e-07,1.4531251967999999,-0.2656249088,-0.624995840000004,42.499999744,0
1.7150000000000002e-07,0.4375001344,-0.2656249088,0.6250040319999997,41.874999808,0
1.72e-07,-0.7343749376000002,-0.18749990400000005,3.125003776,41.249999872000004,0
1.7250000000000002e-07,-1.4374999808,-0.18749990400000005,6.250003456000002,40.0,0
1.73e-07,-1.8281250048,-0.2656249088,8.750003199999998,38.125000192,0
1.735e-07,-2.0625000192,-0.2656249088,11.875002879999997,38.125000192,0
1.7400000000000002e-07,-2.2187500287999997,-0.18749990400000005,12.500002815999999,36.250000384,0
1.745e-07,-2.3750000384,-0.18749990400000005,13.750002687999999,34.375000576,0
1.7500000000000002e-07,-2.2968750336,-0.18749990400000005,11.875002879999997,32.500000768,0
1.755e-07,-2.2187500287999997,-0.18749990400000005,13.125002752,31.875000831999998,0
1.7600000000000001e-07,-1.75,-0.2656249088,17.500002304,31.250000896,1024
1.765e-07,-1.2031249663999999,-0.18749990400000005,25.000001536,30.000001024,1024
1.77e-07,-0.3437499136000002,-0.18749990400000005,30.000001024,28.125001216,1024
1.7750000000000002e-07,0.20312511999999994,-0.2656249088,29.375001087999998,26.250001408,3072
1.78e-07,0.4375001344,-0.1093748992000001,25.625001472,24.375001599999997,3072
1.7850000000000002e-07,0.4375001344,-0.1093748992000001,23.125001728,23.750001664,3072
1.79e-07,0.5937501439999999,-0.18749990400000005,25.000001536,22.500001792,3072
1.795e-07,0.7500001535999998,-0.2656249088,32.500000768,21.875001855999997,3072
1.8000000000000002e-07,1.0625001727999996,-0.18749990400000005,40.0,20.000002048,3072
1.805e-07,1.0625001727999996,-0.18749990400000005,43.12499968,17.500002304,3072
1.8100000000000002e-07,0.7500001535999998,-0.2656249088,39.375000064,15.625002496,3072
1.815e-07,0.20312511999999994,-0.2656249088,35.625000448,15.000002559999999,3072
1.8200000000000002e-07,-0.031249894400000144,-0.18749990400000005,35.000000512,13.125002752,3072
1.825e-07,0.12500011519999976,-0.031249894400000144,40.624999936,12.500002815999999,3072
1.83e-07,0.35937512960000007,-0.031249894400000144,44.374999552,11.875002879999997,3072
1.8350000000000002e-07,0.20312511999999994,-0.18749990400000005,46.249999360000004,10.000003071999998,3072
1.84e-07,-0.42187491840000013,-0.2656249088,44.374999552,8.750003199999998,3072
1.8450000000000002e-07,-1.0468749568,-0.3437499136000002,43.749999616,7.500003327999998,3072
1.85e-07,-1.0468749568,-0.2656249088,46.874999296,7.500003327999998,3072
1.8550000000000001e-07,-0.578124928,-0.18749990400000005,51.249998848000004,5.62500352,3072
1.8600000000000002e-07,-0.1093748992000001,-0.1093748992000001,51.874998784,5.62500352,3072
1.865e-07,-0.18749990400000005,-0.18749990400000005,48.749999104,3.7500037119999945,3072
1.8700000000000002e-07,-0.4999999232000001,-0.2656249088,45.624999424,2.500003839999998,3072
1.875e-07,-0.578124928,-0.2656249088,46.874999296,2.500003839999998,3072
1.8800000000000002e-07,-0.4999999232000001,-0.2656249088,52.49999872,1.8750039039999962,3072
1.885e-07,-0.031249894400000144,-0.2656249088,57.499998208,1.2500039680000015,3072
1.89e-07,0.12500011519999976,-0.2656249088,56.249998336000004,0.6250040319999997,3072
1.8950000000000002e-07,-0.031249894400000144,-0.3437499136000002,52.49999872,-0.624995840000004,3072
1.9e-07,-0.2656249088,-0.3437499136000002,49.37499904,-1.8749957120000005,3072
1.9050000000000002e-07,-0.18749990400000005,-0.2656249088,51.249998848000004,-0.624995840000004,3072
1.91e-07,0.20312511999999994,-0.18749990400000005,53.124998656,-1.8749957120000005,3072
1.9150000000000001e-07,0.4375001344,-0.3437499136000002,54.374998528,-1.8749957120000005,3072
1.9200000000000003e-07,0.12500011519999976,-0.3437499136000002,53.124998656,-2.4999956480000023,3072
1.925e-07,-0.2656249088,-0.18749990400000005,52.49999872,-3.749995519999999,3072
1.9300000000000002e-07,-0.4999999232000001,-0.18749990400000005,53.124998656,-3.124995584000004,3072
1.935e-07,-0.2656249088,-0.031249894400000144,54.374998528,-2.4999956480000023,3072
1.9400000000000002e-07,0.04687511039999981,0.04687511039999981,53.749998592,-3.124995584000004,3072
1.945e-07,0.20312511999999994,-0.031249894400000144,51.874998784,-4.374995456000001,3072
1.95e-07,-0.031249894400000144,-0.1093748992000001,49.37499904,-3.749995519999999,3072
1.9550000000000002e-07,-0.2656249088,-0.18749990400000005,48.124999168,-2.4999956480000023,3072
1.96e-07,-0.42187491840000013,-0.1093748992000001,51.249998848000004,-1.2499957760000058,3072
1.9650000000000002e-07,-0.2656249088,0.12500011519999976,53.749998592,-1.8749957120000005,3072
1.97e-07,-0.18749990400000005,0.28125012479999967,53.124998656,-2.4999956480000023,3072
1.9750000000000001e-07,-0.18749990400000005,0.4375001344,51.249998848000004,-1.8749957120000005,3072
1.98e-07,-0.3437499136000002,0.9062501631999997,48.749999104,-1.8749957120000005,3072
1.985e-07,-0.3437499136000002,1.5312502015999998,48.749999104,4.0959999978440464e-06,3072
1.9900000000000002e-07,-0.1093748992000001,2.2343752448,48.124999168,1.2500039680000015,3072
1.995e-07,-0.031249894400000144,2.8593752831999995,48.124999168,1.2500039680000015,3072
2.0000000000000002e-07,-0.18749990400000005,3.2500003071999997,47.499999232,4.0959999978440464e-06,3072
2.005e-07,-0.42187491840000013,3.6406253312,47.499999232,4.0959999978440464e-06,3072
2.01e-07,-0.3437499136000002,3.7187503359999994,47.499999232,-1.2499957760000058,3072
2.0150000000000002e-07,-0.18749990400000005,3.9531253503999997,47.499999232,-1.8749957120000005,3072
2.02e-07,-0.031249894400000144,4.3437503744,47.499999232,-2.4999956480000023,3072
2.0250000000000002e-07,-0.031249894400000144,4.578125388799999,46.874999296,-1.8749957120000005,3072
2.03e-07,-0.031249894400000144,4.6562503936,44.999999488,-1.8749957120000005,3072
2.0350000000000002e-07,-0.031249894400000144,4.8125004032,43.12499968,-1.2499957760000058,3072
2.04e-07,-0.1093748992000001,5.125000422399999,44.374999552,-0.624995840000004,3072
2.045e-07,-0.1093748992000001,5.3593754368,45.624999424,-1.8749957120000005,3072
2.0500000000000002e-07,-0.1093748992000001,5.437500441599999,46.249999360000004,-1.8749957120000005,3072
2.055e-07,-0.1093748992000001,5.437500441599999,44.999999488,-2.4999956480000023,3072
2.0600000000000002e-07,-0.18749990400000005,5.5156254464,43.12499968,-1.8749957120000005,3072
2.065e-07,-0.2656249088,5.593750451199999,42.499999744,-1.2499957760000058,3072
2.0700000000000001e-07,-0.2656249088,5.6718754559999995,41.249999872000004,-0.624995840000004,3072
2.0750000000000003e-07,-0.1093748992000001,5.6718754559999995,42.499999744,-1.2499957760000058,3072
2.08e-07,-0.1093748992000001,5.5156254464,42.499999744,-1.8749957120000005,3072
2.0850000000000002e-07,-0.2656249088,5.437500441599999,43.12499968,-3.124995584000004,3072
2.09e-07,-0.2656249088,5.281250431999999,43.12499968,-2.4999956480000023,3072
2.0950000000000002e-07,-0.2656249088,5.281250431999999,42.499999744,-1.8749957120000005,3072
2.1e-07,-0.18749990400000005,5.281250431999999,41.874999808,-2.4999956480000023,3072
2.105e-07,-0.18749990400000005,5.125000422399999,43.12499968,-2.4999956480000023,3072
2.1100000000000002e-07,-0.18749990400000005,5.0468754176,41.874999808,-2.4999956480000023,3072
2.115e-07,-0.1093748992000001,4.9687504127999995,41.249999872000004,-1.2499957760000058,3072
2.1200000000000002e-07,-0.1093748992000001,5.125000422399999,41.874999808,-0.624995840000004,3072
2.125e-07,-0.1093748992000001,5.0468754176,41.874999808,-0.624995840000004,3072
2.1300000000000001e-07,-0.1093748992000001,4.890625407999999,41.874999808,-0.624995840000004,3072
2.1350000000000003e-07,-0.1093748992000001,4.8125004032,43.12499968,-1.8749957120000005,3072
2.14e-07,-0.18749990400000005,4.6562503936,42.499999744,-1.2499957760000058,3072
2.1450000000000002e-07,-0.18749990400000005,4.578125388799999,42.499999744,-1.2499957760000058,3072
2.15e-07,-0.1093748992000001,4.734375398399999,41.249999872000004,-1.8749957120000005,3072
2.1550000000000002e-07,-0.1093748992000001,4.6562503936,42.499999744,-2.4999956480000023,3072
2.16e-07,-0.031249894400000144,4.6562503936,43.12499968,-1.8749957120000005,3072
2.165e-07,-0.2656249088,4.6562503936,43.749999616,-1.8749957120000005,3072
2.1700000000000002e-07,-0.18749990400000005,4.500000384,44.374999552,-0.624995840000004,3072
2.175e-07,-0.18749990400000005,4.500000384,44.999999488,-1.2499957760000058,3072
2.1800000000000002e-07,-0.1093748992000001,4.734375398399999,44.374999552,-1.8749957120000005,3072
2.185e-07,-0.18749990400000005,4.8125004032,44.999999488,-1.2499957760000058,3072
2.1900000000000002e-07,-0.1093748992000001,4.734375398399999,45.624999424,-1.2499957760000058,3072
2.1950000000000003e-07,-0.031249894400000144,4.6562503936,44.999999488,-0.624995840000004,3072
2.2e-07,-0.031249894400000144,4.734375398399999,46.874999296,-0.624995840000004,3072
2.2050000000000002e-07,-0.031249894400000144,4.8125004032,46.874999296,-1.8749957120000005,3072
2.21e-07,-0.1093748992000001,4.8125004032,47.499999232,-2.4999956480000023,3072
2.2150000000000002e-07,-0.18749990400000005,4.8125004032,48.749999104,-2.4999956480000023,3072
2.22e-07,-0.1093748992000001,4.8125004032,48.124999168,-3.124995584000004,3072
2.2250000000000001e-07,-0.031249894400000144,4.8125004032,49.999998976,-1.8749957120000005,3072
2.2300000000000002e-07,-0.1093748992000001,4.9687504127999995,48.749999104,-0.624995840000004,2048
2.235e-07,-0.1093748992000001,4.9687504127999995,49.37499904,-1.2499957760000058,2048
2.2400000000000002e-07,-0.1093748992000001,4.890625407999999,49.999998976,-1.8749957120000005,2048
2.245e-07,-0.1093748992000001,4.890625407999999,50.624998912,-1.2499957760000058,2048
2.2500000000000002e-07,-0.031249894400000144,4.9687504127999995,51.874998784,-1.2499957760000058,0
2.255e-07,-0.1093748992000001,4.9687504127999995,52.49999872,-1.8749957120000005,0
2.26e-07,-0.18749990400000005,5.0468754176,52.49999872,-1.8749957120000005,0
2.2650000000000002e-07,-0.2656249088,4.9687504127999995,53.749998592,-1.8749957120000005,0
2.27e-07,-0.2656249088,4.8125004032,53.749998592,-1.2499957760000058,0
2.2750000000000002e-07,-0.18749990400000005,4.890625407999999,53.749998592,-1.2499957760000058,0
2.28e-07,-0.18749990400000005,5.0468754176,54.374998528,-1.2499957760000058,0
2.2850000000000001e-07,-0.1093748992000001,5.125000422399999,55.6249984,-2.4999956480000023,0
2.2900000000000003e-07,-0.18749990400000005,5.0468754176,55.6249984,-2.4999956480000023,0
2.295e-07,-0.18749990400000005,4.9687504127999995,56.249998336000004,-2.4999956480000023,0
2.3000000000000002e-07,-0.18749990400000005,4.890625407999999,56.249998336000004,-1.8749957120000005,0
2.305e-07,-0.1093748992000001,4.890625407999999,57.499998208,-0.624995840000004,0
2.3100000000000002e-07,-0.031249894400000144,5.0468754176,56.249998336000004,-1.2499957760000058,0
2.315e-07,-0.1093748992000001,5.0468754176,56.249998336000004,-1.2499957760000058,0
2.32e-07,-0.031249894400000144,4.890625407999999,56.249998336000004,-1.8749957120000005,0
2.3250000000000002e-07,-0.18749990400000005,4.8125004032,56.874998272,-1.8749957120000005,0
2.33e-07,-0.1093748992000001,4.890625407999999,57.499998208,-1.8749957120000005,0
2.3350000000000002e-07,-0.1093748992000001,4.8125004032,57.499998208,-1.2499957760000058,0
2.34e-07,-0.18749990400000005,4.9687504127999995,58.124998144,-2.4999956480000023,0
2.3450000000000002e-07,-0.2656249088,4.8125004032,58.74999808,-2.4999956480000023,0
2.3500000000000003e-07,-0.18749990400000005,4.734375398399999,57.499998208,-2.4999956480000023,0
2.355e-07,-0.1093748992000001,4.734375398399999,56.874998272,-1.8749957120000005,0
2.3600000000000002e-07,-0.2656249088,4.9687504127999995,56.874998272,-1.2499957760000058,0
2.365e-07,-0.2656249088,4.9687504127999995,57.499998208,-2.4999956480000023,0
2.3700000000000002e-07,-0.18749990400000005,4.8125004032,56.249998336000004,-1.8749957120000005,0
2.375e-07,-0.18749990400000005,4.734375398399999,56.249998336000004,-1.8749957120000005,0
2.3800000000000001e-07,-0.18749990400000005,4.6562503936,55.6249984,-2.4999956480000023,0
2.385e-07,-0.18749990400000005,4.8125004032,56.249998336000004,-3.124995584000004,0
2.39e-07,-0.031249894400000144,4.8125004032,54.999998464,-2.4999956480000023,0
2.395e-07,-0.1093748992000001,4.6562503936,53.749998592,-2.4999956480000023,0
2.4000000000000003e-07,-0.1093748992000001,4.734375398399999,53.124998656,-2.4999956480000023,0
2.405e-07,-0.2656249088,4.734375398399999,52.49999872,-2.4999956480000023,0
2.41e-07,-0.18749990400000005,4.6562503936,52.49999872,-1.8749957120000005,0
2.4150000000000004e-07,-0.2656249088,4.421875379199999,51.249998848000004,-2.4999956480000023,0
2.42e-07,-0.18749990400000005,4.031250355199999,50.624998912,-2.4999956480000023,0
2.425e-07,-0.2656249088,3.6406253312,49.37499904,-1.8749957120000005,0
2.43e-07,-0.2656249088,3.4062503167999996,48.749999104,-1.8749957120000005,0
2.4350000000000003e-07,-0.18749990400000005,2.937500288,47.499999232,-1.2499957760000058,0
2.44e-07,-0.2656249088,2.3906252543999997,47.499999232,-1.2499957760000058,0
2.445e-07,-0.1093748992000001,1.6093752063999998,46.249999360000004,4.0959999978440464e-06,0
2.4500000000000004e-07,-0.1093748992000001,0.6718751487999999,44.999999488,1.8750039039999962,0
2.455e-07,-0.1093748992000001,-0.4999999232000001,43.12499968,5.62500352,0
2.46e-07,-0.1093748992000001,-1.4374999808,41.249999872000004,5.62500352,0
2.465e-07,-0.1093748992000001,-2.0625000192,41.249999872000004,6.875003391999996,0
2.4700000000000003e-07,-0.1093748992000001,-2.2187500287999997,40.0,8.750003199999998,0
2.475e-07,-0.18749990400000005,-2.531250048,38.750000127999996,9.375003135999997,0
2.48e-07,-0.1093748992000001,-2.6875000576,36.87500032,12.500002815999999,0
2.4850000000000003e-07,-0.2656249088,-2.6875000576,36.250000384,16.250002432,0
2.49e-07,-0.18749990400000005,-2.8437500672000002,35.000000512,17.500002304,0
2.495e-07,-0.18749990400000005,-2.6093750528,33.750000639999996,20.625001984,256
2.5000000000000004e-07,-0.18749990400000005,-1.8281250048,32.500000768,21.875001855999997,256
2.505e-07,-0.18749990400000005,-0.8906249472000001,30.62500096,23.125001728,768
2.51e-07,-0.1093748992000001,-0.1093748992000001,29.375001087999998,23.750001664,768
2.515e-07,-0.1093748992000001,0.4375001344,26.875001343999998,25.625001472,768
2.5200000000000003e-07,-0.1093748992000001,0.5937501439999999,26.250001408,28.125001216,768
2.525e-07,-0.1093748992000001,0.6718751487999999,25.000001536,31.250000896,768
2.53e-07,-0.1093748992000001,0.9062501631999997,22.500001792,34.375000576,768
2.5350000000000004e-07,-0.18749990400000005,1.2968751872,21.875001855999997,34.375000576,768
2.54e-07,-0.1093748992000001,1.5312502015999998,19.375002111999997,35.625000448,768
2.545e-07,-0.18749990400000005,1.375000192,20.000002048,36.250000384,768
2.55e-07,-0.2656249088,1.0625001727999996,17.500002304,38.125000192,768
2.5550000000000003e-07,-0.18749990400000005,0.6718751487999999,15.625002496,39.375000064,768
2.56e-07,-0.1093748992000001,0.6718751487999999,15.000002559999999,40.0,768
2.565e-07,-0.2656249088,0.7500001535999998,13.750002687999999,41.249999872000004,768
2.5700000000000004e-07,-0.18749990400000005,0.5156251392,11.875002879999997,43.749999616,768
2.575e-07,-0.1093748992000001,-0.031249894400000144,10.625003008,45.624999424,768
2.58e-07,-0.18749990400000005,-0.6562499328,8.750003199999998,47.499999232,768
2.585e-07,-0.2656249088,-0.968749952,8.750003199999998,48.124999168,768
2.5900000000000003e-07,-0.2656249088,-0.6562499328,7.500003327999998,47.499999232,768
2.595e-07,-0.2656249088,-0.3437499136000002,6.875003391999996,46.874999296,768
2.6e-07,-0.3437499136000002,-0.18749990400000005,5.62500352,48.124999168,768
2.6050000000000004e-07,-0.18749990400000005,-0.578124928,5.000003583999998,49.37499904,768
2.61e-07,-0.2656249088,-1.0468749568,3.125003776,51.249998848000004,768
2.615e-07,-0.2656249088,-0.8906249472000001,2.500003839999998,52.49999872,768
2.62e-07,-0.3437499136000002,-0.42187491840000013,1.2500039680000015,51.249998848000004,768
2.6250000000000003e-07,-0.3437499136000002,0.04687511039999981,1.2500039680000015,50.624998912,768
2.63e-07,-0.3437499136000002,-0.031249894400000144,-0.624995840000004,50.624998912,768
2.635e-07,-0.3437499136000002,-0.18749990400000005,-0.624995840000004,51.874998784,768
2.6400000000000003e-07,-0.18749990400000005,-0.2656249088,-1.2499957760000058,52.49999872,768
2.645e-07,-0.2656249088,-0.031249894400000144,-1.2499957760000058,53.124998656,768
2.65e-07,-0.18749990400000005,0.20312511999999994,-2.4999956480000023,52.49999872,768
2.6550000000000004e-07,-0.18749990400000005,0.20312511999999994,-3.124995584000004,53.124998656,768
2.66e-07,-0.1093748992000001,-0.031249894400000144,-3.749995519999999,53.749998592,768
2.665e-07,-0.031249894400000144,-0.18749990400000005,-3.124995584000004,53.749998592,768
2.67e-07,-0.031249894400000144,-0.031249894400000144,-3.124995584000004,52.49999872,768
2.6750000000000003e-07,-0.18749990400000005,0.28125012479999967,-3.124995584000004,50.624998912,768
2.68e-07,-0.2656249088,0.4375001344,-3.749995519999999,50.624998912,768
2.685e-07,-0.2656249088,0.12500011519999976,-2.4999956480000023,51.249998848000004,768
2.6900000000000004e-07,-0.18749990400000005,-0.3437499136000002,-2.4999956480000023,52.49999872,768
2.695e-07,-0.18749990400000005,-0.42187491840000013,-2.4999956480000023,53.124998656,768
2.7e-07,-0.1093748992000001,-0.3437499136000002,-3.749995519999999,51.249998848000004,768
2.705e-07,0.20312511999999994,0.04687511039999981,-2.4999956480000023,49.999998976,768
2.7100000000000003e-07,0.5937501439999999,0.04687511039999981,-3.124995584000004,49.37499904,768
2.715e-07,1.1406251775999996,-0.18749990400000005,-1.8749957120000005,49.37499904,768
2.72e-07,1.7656252159999997,-0.3437499136000002,-1.8749957120000005,49.37499904,768
2.7250000000000004e-07,2.4687502592,-0.3437499136000002,-1.2499957760000058,49.999998976,768
2.73e-07,3.0156252927999994,-0.18749990400000005,-1.2499957760000058,49.999998976,768
2.735e-07,3.4843753216,-0.031249894400000144,-1.2499957760000058,49.37499904,768
2.74e-07,3.7968753407999998,-0.18749990400000005,-1.8749957120000005,48.124999168,768
2.7450000000000003e-07,4.10937536,-0.3437499136000002,-0.624995840000004,47.499999232,768
2.75e-07,4.3437503744,-0.3437499136000002,-1.2499957760000058,46.874999296,768
2.755e-07,4.578125388799999,-0.1093748992000001,-1.8749957120000005,46.249999360000004,768
2.7600000000000004e-07,4.6562503936,0.04687511039999981,-1.8749957120000005,46.249999360000004,768
2.765e-07,4.8125004032,0.04687511039999981,-1.2499957760000058,46.874999296,768
2.77e-07,4.9687504127999995,-0.18749990400000005,-1.8749957120000005,46.249999360000004,768
2.7750000000000004e-07,5.2031254272,-0.2656249088,-1.8749957120000005,46.249999360000004,768
2.7800000000000003e-07,5.3593754368,-0.18749990400000005,-1.8749957120000005,45.624999424,768
2.785e-07,5.3593754368,0.04687511039999981,-0.624995840000004,43.749999616,768
2.79e-07,5.5156254464,0.20312511999999994,-2.4999956480000023,43.12499968,768
2.7950000000000003e-07,5.593750451199999,0.12500011519999976,-1.8749957120000005,43.12499968,768
2.8e-07,5.750000460799999,-0.18749990400000005,-1.8749957120000005,44.374999552,768
2.805e-07,5.6718754559999995,-0.2656249088,-1.2499957760000058,43.749999616,768
2.8100000000000004e-07,5.593750451199999,-0.2656249088,-1.8749957120000005,44.999999488,768
2.815e-07,5.437500441599999,-0.1093748992000001,-1.8749957120000005,44.999999488,768
2.82e-07,5.3593754368,0.04687511039999981,-2.4999956480000023,43.12499968,768
2.825e-07,5.2031254272,-0.1093748992000001,-0.624995840000004,42.499999744,768
2.8300000000000003e-07,5.2031254272,-0.2656249088,-1.2499957760000058,42.499999744,768
2.835e-07,5.125000422399999,-0.18749990400000005,-2.4999956480000023,43.749999616,768
2.84e-07,4.9687504127999995,-0.18749990400000005,-1.8749957120000005,43.749999616,768
2.8450000000000004e-07,4.9687504127999995,-0.1093748992000001,-1.2499957760000058,42.499999744,768
2.85e-07,4.8125004032,-0.1093748992000001,-1.2499957760000058,42.499999744,768
2.855e-07,4.9687504127999995,-0.2656249088,-1.2499957760000058,43.12499968,768
2.86e-07,4.8125004032,-0.3437499136000002,-1.8749957120000005,42.499999744,768
2.8650000000000003e-07,4.6562503936,-0.031249894400000144,-0.624995840000004,42.499999744,768
2.87e-07,4.6562503936,0.12500011519999976,-1.2499957760000058,42.499999744,768
2.875e-07,4.578125388799999,0.20312511999999994,-1.2499957760000058,42.499999744,768
2.8800000000000004e-07,4.578125388799999,-0.031249894400000144,-1.2499957760000058,42.499999744,768
2.885e-07,4.421875379199999,-0.18749990400000005,-1.8749957120000005,43.749999616,768
2.89e-07,4.500000384,-0.3437499136000002,-1.8749957120000005,44.374999552,768
2.895e-07,4.578125388799999,-0.18749990400000005,-1.8749957120000005,44.999999488,768
2.9000000000000003e-07,4.578125388799999,0.04687511039999981,-1.8749957120000005,44.374999552,768
2.905e-07,4.578125388799999,0.12500011519999976,-1.2499957760000058,44.999999488,768
2.91e-07,4.6562503936,-0.031249894400000144,-1.8749957120000005,44.374999552,768
2.9150000000000004e-07,4.734375398399999,-0.18749990400000005,-1.2499957760000058,45.624999424,768
2.92e-07,4.6562503936,-0.1093748992000001,-1.2499957760000058,46.249999360000004,768
2.925e-07,4.8125004032,-0.031249894400000144,4.0959999978440464e-06,46.249999360000004,768
2.9300000000000004e-07,4.734375398399999,-0.031249894400000144,-1.2499957760000058,46.249999360000004,768
2.9350000000000003e-07,4.8125004032,-0.1093748992000001,-1.2499957760000058,46.874999296,768
2.94e-07,4.734375398399999,-0.18749990400000005,-1.8749957120000005,47.499999232,768
2.945e-07,4.8125004032,-0.1093748992000001,-0.624995840000004,48.124999168,768
2.9500000000000003e-07,4.890625407999999,-0.031249894400000144,-1.8749957120000005,47.499999232,768
2.955e-07,4.8125004032,0.04687511039999981,-1.2499957760000058,48.124999168,768
2.96e-07,4.8125004032,-0.1093748992000001,-1.8749957120000005,48.124999168,768
2.9650000000000004e-07,4.8125004032,-0.18749990400000005,-1.2499957760000058,49.37499904,768
2.97e-07,4.9687504127999995,-0.2656249088,-1.8749957120000005,51.249998848000004,512
2.975e-07,5.0468754176,-0.18749990400000005,-1.8749957120000005,51.249998848000004,512
2.98e-07,5.0468754176,-0.031249894400000144,-2.4999956480000023,51.249998848000004,512
2.9850000000000003e-07,4.9687504127999995,-0.031249894400000144,-1.2499957760000058,49.999998976,0
2.99e-07,4.890625407999999,-0.1093748992000001,-1.8749957120000005,51.249998848000004,0
2.995e-07,4.890625407999999,-0.2656249088,-1.8749957120000005,51.874998784,0
3.0000000000000004e-07,4.890625407999999,-0.18749990400000005,-1.2499957760000058,53.124998656,0
3.005e-07,4.890625407999999,-0.1093748992000001,-0.624995840000004,53.124998656,0
3.01e-07,4.890625407999999,-0.1093748992000001,-1.2499957760000058,53.124998656,0
3.015e-07,4.8125004032,-0.031249894400000144,-1.8749957120000005,53.124998656,0
3.0200000000000003e-07,4.8125004032,-0.1093748992000001,-1.8749957120000005,53.749998592,0
3.025e-07,4.8125004032,-0.1093748992000001,-0.624995840000004,53.749998592,0
3.03e-07,4.734375398399999,-0.031249894400000144,-1.8749957120000005,54.374998528,0
3.0350000000000004e-07,4.890625407999999,-0.031249894400000144,-1.2499957760000058,54.999998464,0
3.04e-07,5.0468754176,-0.031249894400000144,-1.8749957120000005,54.999998464,0
3.045e-07,4.890625407999999,-0.18749990400000005,-1.8749957120000005,56.249998336000004,0
3.0500000000000004e-07,4.890625407999999,-0.2656249088,-1.8749957120000005,56.249998336000004,0
3.0550000000000003e-07,4.890625407999999,-0.18749990400000005,-1.2499957760000058,56.249998336000004,0
3.06e-07,4.890625407999999,0.04687511039999981,-1.8749957120000005,55.6249984,0
3.065e-07,4.734375398399999,0.04687511039999981,-0.624995840000004,54.999998464,0
3.0700000000000004e-07,4.8125004032,-0.031249894400000144,-1.2499957760000058,54.999998464,0
3.075e-07,4.8125004032,-0.1093748992000001,-1.8749957120000005,56.249998336000004,0
3.08e-07,4.8125004032,-0.18749990400000005,-2.4999956480000023,57.499998208,0
3.0850000000000004e-07,4.890625407999999,-0.1093748992000001,-1.2499957760000058,56.249998336000004,0
3.0900000000000003e-07,4.8125004032,-0.1093748992000001,-2.4999956480000023,54.999998464,0
3.095e-07,4.890625407999999,-0.1093748992000001,-1.8749957120000005,54.999998464,0
3.1e-07,4.8125004032,-0.1093748992000001,-1.8749957120000005,54.999998464,0
3.1050000000000003e-07,4.8125004032,-0.1093748992000001,-0.624995840000004,55.6249984,0
3.11e-07,4.890625407999999,-0.031249894400000144,-1.8749957120000005,54.374998528,0
3.115e-07,4.8125004032,-0.1093748992000001,-1.8749957120000005,53.749998592,0
3.1200000000000004e-07,4.8125004032,-0.1093748992000001,-1.8749957120000005,53.749998592,0
3.125e-07,4.734375398399999,-0.18749990400000005,-1.8749957120000005,53.124998656,0
3.13e-07,4.890625407999999,-0.2656249088,-2.4999956480000023,53.124998656,0
3.135e-07,4.8125004032,-0.2656249088,-1.8749957120000005,52.49999872,0
3.1400000000000003e-07,4.8125004032,-0.1093748992000001,-1.8749957120000005,51.249998848000004,0
3.145e-07,4.8125004032,-0.1093748992000001,-1.2499957760000058,50.624998912,0
3.15e-07,4.734375398399999,-0.1093748992000001,-1.2499957760000058,49.37499904,0
3.1550000000000004e-07,4.421875379199999,-0.18749990400000005,-1.2499957760000058,49.37499904,0
3.16e-07,3.9531253503999997,-0.18749990400000005,-1.2499957760000058,49.37499904,0
3.165e-07,3.328125312,-0.1093748992000001,-1.2499957760000058,46.874999296,0
3.1700000000000005e-07,3.0156252927999994,-0.031249894400000144,-1.2499957760000058,46.249999360000004,0
3.1750000000000003e-07,2.8593752831999995,-0.1093748992000001,-1.8749957120000005,44.999999488,0
3.18e-07,2.3125002495999993,-0.1093748992000001,-2.4999956480000023,43.749999616,0
3.185e-07,1.4531251967999999,-0.1093748992000001,4.0959999978440464e-06,42.499999744,0
3.1900000000000004e-07,0.35937512960000007,-0.1093748992000001,1.2500039680000015,42.499999744,0
3.195e-07,-0.578124928,-0.1093748992000001,3.7500037119999945,40.624999936,0
3.2e-07,-1.359374976,-0.1093748992000001,5.62500352,39.375000064,0
3.2050000000000004e-07,-1.9062500096,-0.1093748992000001,9.375003135999997,38.750000127999996,0
3.2100000000000003e-07,-2.0625000192,-0.18749990400000005,13.125002752,37.500000256,0
3.215e-07,-2.140625024,-0.1093748992000001,14.375002623999997,36.87500032,0
3.22e-07,-2.2187500287999997,-0.031249894400000144,13.125002752,33.750000639999996,0
3.2250000000000004e-07,-2.2968750336,-0.031249894400000144,12.500002815999999,32.500000768,0
3.23e-07,-2.2187500287999997,-0.1093748992000001,13.750002687999999,31.250000896,0
3.235e-07,-1.9843750143999999,-0.18749990400000005,18.12500224,31.250000896,1024
3.2400000000000004e-07,-1.2031249663999999,-0.18749990400000005,25.625001472,28.750001152,1024
3.2450000000000003e-07,-0.2656249088,-0.031249894400000144,30.62500096,26.875001343999998,3072
3.25e-07,0.28125012479999967,-0.1093748992000001,30.62500096,25.625001472,3072
3.255e-07,0.5156251392,-0.1093748992000001,26.250001408,23.125001728,3072
3.2600000000000003e-07,0.4375001344,-0.1093748992000001,21.875001855999997,21.875001855999997,3072
3.265e-07,0.4375001344,-0.1093748992000001,25.625001472,21.875001855999997,3072
3.27e-07,0.7500001535999998,-0.18749990400000005,32.500000768,21.25000192,3072
3.2750000000000004e-07,0.9843751679999997,-0.18749990400000005,40.0,19.375002111999997,3072
3.28e-07,1.1406251775999996,-0.1093748992000001,43.12499968,17.500002304,3072
3.285e-07,0.7500001535999998,-0.18749990400000005,39.375000064,15.625002496,3072
3.29e-07,0.35937512960000007,-0.2656249088,35.625000448,14.375002623999997,3072
3.2950000000000003e-07,0.04687511039999981,-0.2656249088,35.000000512,13.750002687999999,3072
3.3e-07,0.28125012479999967,-0.18749990400000005,40.0,12.500002815999999,3072
3.305e-07,0.35937512960000007,-0.1093748992000001,46.249999360000004,11.875002879999997,3072
3.3100000000000004e-07,0.20312511999999994,-0.1093748992000001,48.124999168,10.000003071999998,3072
3.315e-07,-0.4999999232000001,-0.2656249088,44.999999488,8.750003199999998,3072
3.32e-07,-0.968749952,-0.2656249088,44.374999552,8.125003264,3072
3.3250000000000005e-07,-0.968749952,-0.18749990400000005,47.499999232,6.875003391999996,3072
3.3300000000000003e-07,-0.4999999232000001,-0.18749990400000005,51.249998848000004,6.250003456000002,3072
3.335e-07,-0.1093748992000001,-0.18749990400000005,51.874998784,5.000003583999998,3072
3.34e-07,-0.1093748992000001,-0.18749990400000005,47.499999232,3.125003776,3072
3.3450000000000004e-07,-0.4999999232000001,-0.2656249088,45.624999424,2.500003839999998,3072
3.35e-07,-0.6562499328,-0.2656249088,46.249999360000004,1.8750039039999962,3072
3.355e-07,-0.42187491840000013,-0.18749990400000005,51.874998784,1.8750039039999962,3072
3.3600000000000004e-07,-0.1093748992000001,-0.2656249088,56.874998272,0.6250040319999997,3072
3.3650000000000003e-07,-0.031249894400000144,-0.2656249088,56.874998272,0.6250040319999997,3072
3.37e-07,-0.18749990400000005,-0.3437499136000002,52.49999872,-0.624995840000004,3072
3.375e-07,-0.3437499136000002,-0.42187491840000013,48.749999104,-1.2499957760000058,3072
3.3800000000000004e-07,-0.1093748992000001,-0.18749990400000005,49.999998976,-1.8749957120000005,3072
3.385e-07,0.28125012479999967,-0.1093748992000001,53.749998592,-1.8749957120000005,3072
3.39e-07,0.35937512960000007,-0.1093748992000001,54.999998464,-2.4999956480000023,3072
3.3950000000000004e-07,0.12500011519999976,-0.2656249088,53.749998592,-2.4999956480000023,3072
3.4000000000000003e-07,-0.2656249088,-0.18749990400000005,52.49999872,-3.124995584000004,3072
3.405e-07,-0.4999999232000001,-0.1093748992000001,53.749998592,-3.749995519999999,3072
3.41e-07,-0.3437499136000002,-0.1093748992000001,54.374998528,-3.749995519999999,3072
3.4150000000000003e-07,0.04687511039999981,0.04687511039999981,54.374998528,-3.749995519999999,3072
3.42e-07,0.20312511999999994,-0.031249894400000144,51.874998784,-3.749995519999999,3072
3.425e-07,-0.031249894400000144,-0.1093748992000001,49.999998976,-3.749995519999999,3072
3.4300000000000004e-07,-0.3437499136000002,-0.031249894400000144,48.749999104,-3.124995584000004,3072
3.435e-07,-0.42187491840000013,0.04687511039999981,51.874998784,-1.8749957120000005,3072
3.44e-07,-0.2656249088,0.12500011519999976,53.124998656,-1.2499957760000058,3072
3.4450000000000005e-07,-0.1093748992000001,0.20312511999999994,53.749998592,-1.8749957120000005,3072
3.4500000000000003e-07,-0.18749990400000005,0.4375001344,51.874998784,-1.8749957120000005,3072
3.455e-07,-0.2656249088,0.9062501631999997,48.749999104,-1.8749957120000005,3072
3.46e-07,-0.2656249088,1.6875002111999997,47.499999232,-0.624995840000004,3072
3.4650000000000004e-07,-0.1093748992000001,2.3906252543999997,48.749999104,0.6250040319999997,3072
3.47e-07,-0.031249894400000144,2.937500288,49.999998976,0.6250040319999997,3072
3.475e-07,-0.1093748992000001,3.2500003071999997,49.37499904,0.6250040319999997,3072
3.4800000000000005e-07,-0.2656249088,3.5625003263999995,48.749999104,-0.624995840000004,3072
3.4850000000000003e-07,-0.3437499136000002,3.7968753407999998,48.749999104,-1.8749957120000005,3072
3.49e-07,-0.18749990400000005,4.031250355199999,47.499999232,-1.8749957120000005,3072
3.495e-07,-0.031249894400000144,4.421875379199999,47.499999232,-1.8749957120000005,3072
3.5000000000000004e-07,-0.031249894400000144,4.578125388799999,46.249999360000004,-2.4999956480000023,3072
3.505e-07,-0.031249894400000144,4.8125004032,46.249999360000004,-2.4999956480000023,3072
3.51e-07,-0.18749990400000005,4.8125004032,44.374999552,-1.8749957120000005,3072
3.5150000000000004e-07,-0.2656249088,4.9687504127999995,44.999999488,-1.8749957120000005,3072
3.5200000000000003e-07,-0.18749990400000005,5.281250431999999,45.624999424,-1.8749957120000005,3072
3.525e-07,-0.18749990400000005,5.5156254464,46.249999360000004,-2.4999956480000023,3072
3.53e-07,-0.1093748992000001,5.5156254464,46.249999360000004,-1.8749957120000005,3072
3.5350000000000004e-07,-0.18749990400000005,5.5156254464,44.374999552,-1.2499957760000058,3072
3.54e-07,-0.18749990400000005,5.6718754559999995,42.499999744,-1.2499957760000058,3072
3.545e-07,-0.18749990400000005,5.750000460799999,43.12499968,-0.624995840000004,3072
3.5500000000000004e-07,-0.1093748992000001,5.6718754559999995,43.12499968,-1.2499957760000058,3072
3.5550000000000003e-07,-0.031249894400000144,5.5156254464,42.499999744,-2.4999956480000023,3072
3.56e-07,-0.18749990400000005,5.437500441599999,43.749999616,-2.4999956480000023,3072
3.565e-07,-0.18749990400000005,5.3593754368,44.374999552,-2.4999956480000023,3072
3.5700000000000003e-07,-0.2656249088,5.3593754368,43.12499968,-1.2499957760000058,3072
3.575e-07,-0.18749990400000005,5.281250431999999,43.12499968,-1.8749957120000005,3072
3.58e-07,-0.18749990400000005,5.125000422399999,41.874999808,-3.124995584000004,3072
3.5850000000000004e-07,-0.18749990400000005,5.2031254272,42.499999744,-3.124995584000004,3072
3.59e-07,-0.2656249088,5.2031254272,41.874999808,-2.4999956480000023,3072
3.595e-07,-0.18749990400000005,5.125000422399999,41.874999808,-1.2499957760000058,3072
3.6000000000000005e-07,-0.031249894400000144,4.9687504127999995,42.499999744,-1.2499957760000058,3072
3.6050000000000003e-07,-0.2656249088,4.890625407999999,43.12499968,-0.624995840000004,3072
3.61e-07,-0.2656249088,4.734375398399999,44.374999552,-1.2499957760000058,3072
3.615e-07,-0.2656249088,4.6562503936,43.749999616,-1.8749957120000005,3072
3.6200000000000004e-07,-0.031249894400000144,4.734375398399999,43.12499968,-2.4999956480000023,3072
3.625e-07,-0.031249894400000144,4.6562503936,43.12499968,-2.4999956480000023,3072
3.63e-07,0.04687511039999981,4.6562503936,42.499999744,-1.8749957120000005,3072
3.6350000000000005e-07,-0.1093748992000001,4.500000384,43.12499968,-1.8749957120000005,3072
3.6400000000000003e-07,-0.18749990400000005,4.500000384,44.999999488,-1.2499957760000058,3072
3.645e-07,-0.2656249088,4.578125388799999,44.999999488,-1.8749957120000005,3072
3.65e-07,-0.18749990400000005,4.6562503936,44.999999488,-1.8749957120000005,3072
3.6550000000000004e-07,-0.18749990400000005,4.6562503936,45.624999424,-1.8749957120000005,3072
3.66e-07,-0.18749990400000005,4.6562503936,45.624999424,-2.4999956480000023,3072
3.665e-07,-0.18749990400000005,4.578125388799999,46.249999360000004,-2.4999956480000023,3072
3.6700000000000004e-07,-0.1093748992000001,4.6562503936,45.624999424,-1.2499957760000058,3072
3.6750000000000003e-07,-0.18749990400000005,4.734375398399999,46.249999360000004,-1.8749957120000005,3072
3.68e-07,-0.031249894400000144,4.8125004032,46.874999296,-1.8749957120000005,3072
3.685e-07,-0.18749990400000005,4.8125004032,47.499999232,-2.4999956480000023,3072
3.6900000000000004e-07,-0.18749990400000005,4.734375398399999,49.37499904,-2.4999956480000023,3072
3.695e-07,-0.18749990400000005,4.734375398399999,49.999998976,-2.4999956480000023,3072
3.7e-07,-0.1093748992000001,4.9687504127999995,49.37499904,-2.4999956480000023,2048
3.7050000000000004e-07,-0.18749990400000005,5.0468754176,49.999998976,-1.8749957120000005,2048
3.7100000000000003e-07,-0.2656249088,4.9687504127999995,49.37499904,-1.2499957760000058,2048
3.715e-07,-0.18749990400000005,4.9687504127999995,50.624998912,-1.8749957120000005,2048
3.7200000000000005e-07,-0.1093748992000001,4.9687504127999995,51.874998784,-1.8749957120000005,0
3.7250000000000003e-07,-0.18749990400000005,4.9687504127999995,53.124998656,-2.4999956480000023,0
3.73e-07,-0.18749990400000005,4.9687504127999995,52.49999872,-2.4999956480000023,0
3.735e-07,-0.18749990400000005,4.9687504127999995,52.49999872,-1.8749957120000005,0
3.7400000000000004e-07,-0.2656249088,4.890625407999999,53.124998656,-3.124995584000004,0
3.745e-07,-0.18749990400000005,4.890625407999999,54.374998528,-3.124995584000004,0
3.75e-07,-0.1093748992000001,4.8125004032,53.749998592,-2.4999956480000023,0
3.7550000000000005e-07,-0.18749990400000005,4.8125004032,54.374998528,-1.8749957120000005,0
3.7600000000000003e-07,-0.18749990400000005,4.9687504127999995,54.999998464,-1.8749957120000005,0
3.765e-07,-0.2656249088,4.9687504127999995,54.999998464,-2.4999956480000023,0
3.77e-07,-0.2656249088,4.890625407999999,55.6249984,-1.8749957120000005,0
3.7750000000000004e-07,-0.18749990400000005,4.8125004032,55.6249984,-1.8749957120000005,0
3.78e-07,-0.1093748992000001,4.890625407999999,56.249998336000004,-0.624995840000004,0
3.785e-07,-0.031249894400000144,5.0468754176,57.499998208,-0.624995840000004,0
3.7900000000000005e-07,-0.031249894400000144,4.8125004032,56.874998272,-1.2499957760000058,0
3.7950000000000003e-07,-0.1093748992000001,4.734375398399999,56.874998272,-1.2499957760000058,0
3.8e-07,-0.1093748992000001,4.8125004032,57.499998208,-1.8749957120000005,0
3.805e-07,-0.1093748992000001,4.890625407999999,58.74999808,-2.4999956480000023,0
3.8100000000000004e-07,-0.18749990400000005,4.8125004032,57.499998208,-2.4999956480000023,0
3.815e-07,-0.18749990400000005,4.890625407999999,57.499998208,-3.124995584000004,0
3.82e-07,-0.2656249088,4.890625407999999,57.499998208,-3.124995584000004,0
3.8250000000000004e-07,-0.2656249088,4.890625407999999,57.499998208,-2.4999956480000023,0
3.8300000000000003e-07,-0.18749990400000005,4.8125004032,56.874998272,-1.8749957120000005,0
3.835e-07,-0.18749990400000005,4.890625407999999,56.874998272,-1.8749957120000005,0
3.8400000000000005e-07,-0.18749990400000005,4.890625407999999,56.249998336000004,-1.8749957120000005,0
3.8450000000000004e-07,-0.2656249088,4.8125004032,56.249998336000004,-1.8749957120000005,0
3.85e-07,-0.2656249088,4.8125004032,56.249998336000004,-2.4999956480000023,0
3.855e-07,-0.18749990400000005,4.734375398399999,56.249998336000004,-2.4999956480000023,0
3.8600000000000004e-07,-0.1093748992000001,4.8125004032,54.999998464,-3.124995584000004,0
3.865e-07,-0.1093748992000001,4.890625407999999,54.999998464,-3.124995584000004,0
3.87e-07,-0.1093748992000001,4.890625407999999,53.749998592,-2.4999956480000023,0
3.8750000000000005e-07,-0.18749990400000005,4.734375398399999,53.749998592,-1.8749957120000005,0
3.8800000000000003e-07,-0.18749990400000005,4.734375398399999,53.124998656,-1.8749957120000005,0
3.885e-07,-0.18749990400000005,4.6562503936,53.124998656,-1.8749957120000005,0
3.89e-07,-0.2656249088,4.421875379199999,51.874998784,-2.4999956480000023,0
3.8950000000000004e-07,-0.2656249088,4.031250355199999,50.624998912,-3.124995584000004,0
3.9e-07,-0.2656249088,3.7187503359999994,49.37499904,-3.124995584000004,0
3.905e-07,-0.18749990400000005,3.328125312,49.37499904,-1.8749957120000005,0
3.9100000000000005e-07,-0.1093748992000001,2.937500288,46.874999296,-1.8749957120000005,0
3.9150000000000003e-07,-0.1093748992000001,2.3125002495999993,47.499999232,-1.8749957120000005,0
3.92e-07,-0.18749990400000005,1.6875002111999997,45.624999424,4.0959999978440464e-06,0
3.925e-07,-0.2656249088,0.6718751487999999,44.374999552,1.8750039039999962,0
3.9300000000000004e-07,-0.3437499136000002,-0.42187491840000013,43.749999616,5.000003583999998,0
3.935e-07,-0.3437499136000002,-1.4374999808,42.499999744,5.62500352,0
3.94e-07,-0.2656249088,-1.9843750143999999,41.249999872000004,6.875003391999996,0
3.9450000000000005e-07,-0.3437499136000002,-2.3750000384,40.624999936,8.750003199999998,0
3.9500000000000003e-07,-0.2656249088,-2.531250048,39.375000064,10.625003008,0
3.955e-07,-0.2656249088,-2.7656250624,37.500000256,13.125002752,0
3.96e-07,-0.18749990400000005,-2.8437500672000002,36.87500032,16.250002432,0
3.9650000000000004e-07,-0.18749990400000005,-2.7656250624,35.625000448,18.750002176,256
3.97e-07,-0.2656249088,-2.4531250432,33.750000639999996,20.625001984,256
3.975e-07,-0.3437499136000002,-1.75,31.875000831999998,21.875001855999997,256
3.9800000000000004e-07,-0.3437499136000002,-0.8124999424000001,30.62500096,22.500001792,256
3.9850000000000003e-07,-0.3437499136000002,-0.031249894400000144,30.000001024,23.125001728,768
3.99e-07,-0.2656249088,0.4375001344,27.50000128,25.000001536,768
3.9950000000000005e-07,-0.18749990400000005,0.35937512960000007,26.250001408,28.750001152,768
4.0000000000000003e-07,-0.18749990400000005,0.5937501439999999,24.375001599999997,31.250000896,768
4.005e-07,-0.2656249088,0.7500001535999998,23.750001664,33.750000639999996,768
4.01e-07,-0.18749990400000005,1.2187501824,22.500001792,35.000000512,768
4.0150000000000004e-07,-0.18749990400000005,1.375000192,20.625001984,35.625000448,768
4.02e-07,-0.18749990400000005,1.2187501824,18.750002176,36.87500032,768
4.025e-07,-0.18749990400000005,0.9062501631999997,17.500002304,38.125000192,768
4.0300000000000005e-07,-0.18749990400000005,0.5937501439999999,16.250002432,40.0,768
4.0350000000000003e-07,-0.2656249088,0.5937501439999999,14.375002623999997,40.624999936,768
4.04e-07,-0.2656249088,0.6718751487999999,13.750002687999999,41.874999808,768
4.045e-07,-0.18749990400000005,0.4375001344,12.500002815999999,42.499999744,768
4.0500000000000004e-07,-0.18749990400000005,-0.1093748992000001,10.625003008,44.999999488,768
4.055e-07,-0.18749990400000005,-0.6562499328,9.375003135999997,47.499999232,768
4.06e-07,-0.2656249088,-0.968749952,8.125003264,48.124999168,768
4.0650000000000005e-07,-0.3437499136000002,-0.7343749376000002,8.125003264,46.874999296,768
4.0700000000000003e-07,-0.2656249088,-0.2656249088,6.875003391999996,45.624999424,768
4.075e-07,-0.3437499136000002,-0.2656249088,5.62500352,46.874999296,768
4.08e-07,-0.2656249088,-0.578124928,4.375003647999996,49.999998976,768
4.0850000000000004e-07,-0.3437499136000002,-1.0468749568,3.7500037119999945,52.49999872,768
4.09e-07,-0.2656249088,-0.968749952,3.125003776,53.124998656,768
4.095e-07,-0.3437499136000002,-0.4999999232000001,1.8750039039999962,51.874998784,768
4.1000000000000004e-07,-0.3437499136000002,0.04687511039999981,1.2500039680000015,49.999998976,768
4.1050000000000003e-07,-0.3437499136000002,0.04687511039999981,1.2500039680000015,49.999998976,768
4.11e-07,-0.3437499136000002,-0.18749990400000005,0.6250040319999997,51.249998848000004,768
4.1150000000000005e-07,-0.2656249088,-0.2656249088,-0.624995840000004,52.49999872,768
4.1200000000000004e-07,-0.18749990400000005,-0.1093748992000001,-0.624995840000004,52.49999872,768
4.125e-07,-0.2656249088,0.28125012479999967,-1.2499957760000058,52.49999872,768
4.13e-07,-0.3437499136000002,0.35937512960000007,-2.4999956480000023,52.49999872,768
4.1350000000000004e-07,-0.2656249088,0.04687511039999981,-3.124995584000004,53.124998656,768
4.1400000000000003e-07,-0.18749990400000005,-0.18749990400000005,-3.749995519999999,53.124998656,768
4.145e-07,-0.1093748992000001,0.04687511039999981,-1.8749957120000005,51.874998784,768
4.1500000000000005e-07,-0.031249894400000144,0.35937512960000007,-3.124995584000004,50.624998912,768
4.1550000000000003e-07,-0.18749990400000005,0.35937512960000007,-3.124995584000004,49.999998976,768
4.16e-07,-0.18749990400000005,0.04687511039999981,-3.749995519999999,51.249998848000004,768
4.165e-07,-0.2656249088,-0.3437499136000002,-2.4999956480000023,52.49999872,768
4.1700000000000004e-07,-0.1093748992000001,-0.578124928,-2.4999956480000023,53.124998656,768
4.175e-07,-0.031249894400000144,-0.3437499136000002,-2.4999956480000023,51.874998784,768
4.18e-07,0.20312511999999994,0.04687511039999981,-2.4999956480000023,50.624998912,768
4.1850000000000005e-07,0.6718751487999999,0.04687511039999981,-1.8749957120000005,49.37499904,768
4.1900000000000003e-07,1.1406251775999996,-0.2656249088,-1.2499957760000058,49.37499904,768
4.195e-07,1.7656252159999997,-0.4999999232000001,-1.2499957760000058,49.999998976,768
4.2e-07,2.3906252543999997,-0.42187491840000013,-1.2499957760000058,51.249998848000004,768
4.2050000000000004e-07,3.0156252927999994,-0.18749990400000005,-1.2499957760000058,49.999998976,768
4.21e-07,3.4843753216,-0.031249894400000144,-2.4999956480000023,48.749999104,768
4.215e-07,3.8750003455999993,-0.1093748992000001,-1.8749957120000005,48.124999168,768
4.2200000000000005e-07,4.1875003648,-0.2656249088,-1.2499957760000058,47.499999232,768
4.2250000000000003e-07,4.3437503744,-0.18749990400000005,-0.624995840000004,46.874999296,768
4.23e-07,4.578125388799999,-0.1093748992000001,-1.8749957120000005,46.249999360000004,768
4.235e-07,4.734375398399999,0.12500011519999976,-1.2499957760000058,45.624999424,768
4.2400000000000004e-07,4.890625407999999,0.04687511039999981,-0.624995840000004,45.624999424,768
4.245e-07,5.0468754176,-0.18749990400000005,-0.624995840000004,46.249999360000004,768
4.25e-07,5.281250431999999,-0.42187491840000013,4.0959999978440464e-06,46.249999360000004,768
4.2550000000000004e-07,5.3593754368,-0.2656249088,-0.624995840000004,45.624999424,768
4.2600000000000003e-07,5.437500441599999,0.04687511039999981,-1.2499957760000058,43.749999616,768
4.265e-07,5.593750451199999,0.28125012479999967,-1.2499957760000058,43.749999616,768
4.2700000000000005e-07,5.750000460799999,0.04687511039999981,-1.2499957760000058,43.749999616,768
4.2750000000000004e-07,5.6718754559999995,-0.18749990400000005,-1.2499957760000058,44.374999552,768
4.28e-07,5.593750451199999,-0.2656249088,-1.2499957760000058,44.999999488,768
4.285e-07,5.437500441599999,-0.18749990400000005,-1.2499957760000058,43.749999616,768
4.2900000000000004e-07,5.3593754368,-0.031249894400000144,-1.8749957120000005,43.749999616,768
4.2950000000000003e-07,5.437500441599999,0.04687511039999981,-1.8749957120000005,42.499999744,768
4.3e-07,5.281250431999999,-0.1093748992000001,-1.2499957760000058,41.874999808,768
4.3050000000000005e-07,5.2031254272,-0.2656249088,-0.624995840000004,41.874999808,768
4.3100000000000003e-07,5.125000422399999,-0.18749990400000005,-1.8749957120000005,41.874999808,768
4.315e-07,5.0468754176,-0.031249894400000144,-1.2499957760000058,42.499999744,768
4.32e-07,5.0468754176,-0.1093748992000001,-1.2499957760000058,42.499999744,768
4.3250000000000004e-07,4.890625407999999,-0.18749990400000005,-0.624995840000004,42.499999744,768
4.33e-07,4.8125004032,-0.3437499136000002,4.0959999978440464e-06,42.499999744,768
4.335e-07,4.890625407999999,-0.3437499136000002,-0.624995840000004,43.12499968,768
4.3400000000000005e-07,4.8125004032,-0.031249894400000144,-1.8749957120000005,42.499999744,768
4.3450000000000003e-07,4.6562503936,0.12500011519999976,-0.624995840000004,43.12499968,768
4.35e-07,4.6562503936,0.20312511999999994,-1.2499957760000058,42.499999744,768
4.355e-07,4.578125388799999,-0.031249894400000144,-1.8749957120000005,43.749999616,768
4.3600000000000004e-07,4.421875379199999,-0.18749990400000005,-1.2499957760000058,44.374999552,768
4.365e-07,4.421875379199999,-0.18749990400000005,-1.2499957760000058,44.374999552,768
4.37e-07,4.421875379199999,-0.1093748992000001,-1.2499957760000058,43.749999616,768
4.3750000000000005e-07,4.578125388799999,0.12500011519999976,-1.8749957120000005,44.374999552,768
4.3800000000000003e-07,4.578125388799999,0.04687511039999981,-1.8749957120000005,43.749999616,768
4.385e-07,4.734375398399999,-0.1093748992000001,-1.2499957760000058,44.374999552,768
4.3900000000000005e-07,4.734375398399999,-0.18749990400000005,-1.8749957120000005,45.624999424,768
4.3950000000000004e-07,4.8125004032,-0.1093748992000001,-1.2499957760000058,45.624999424,768
4.4e-07,4.890625407999999,-0.1093748992000001,-1.2499957760000058,45.624999424,768
4.405e-07,4.8125004032,0.04687511039999981,-1.2499957760000058,46.874999296,768
4.4100000000000004e-07,4.734375398399999,-0.1093748992000001,-1.8749957120000005,47.499999232,768
4.4150000000000003e-07,4.8125004032,-0.2656249088,-1.2499957760000058,47.499999232,768
4.42e-07,4.8125004032,-0.18749990400000005,-1.2499957760000058,47.499999232,768
4.4250000000000005e-07,4.8125004032,0.04687511039999981,-0.624995840000004,48.124999168,768
4.4300000000000004e-07,4.890625407999999,-0.031249894400000144,-0.624995840000004,47.499999232,768
4.435e-07,4.890625407999999,-0.1093748992000001,-1.8749957120000005,48.124999168,768
4.44e-07,4.890625407999999,-0.2656249088,-1.8749957120000005,49.999998976,768
4.4450000000000004e-07,4.9687504127999995,-0.2656249088,-1.2499957760000058,50.624998912,768
4.4500000000000003e-07,4.9687504127999995,-0.18749990400000005,-1.8749957120000005,51.249998848000004,512
4.455e-07,4.9687504127999995,0.04687511039999981,-2.4999956480000023,51.249998848000004,512
4.4600000000000005e-07,4.9687504127999995,0.04687511039999981,-2.4999956480000023,50.624998912,0
4.4650000000000003e-07,4.890625407999999,-0.031249894400000144,-1.2499957760000058,50.624998912,0
4.47e-07,4.9687504127999995,-0.18749990400000005,-1.8749957120000005,51.874998784,0
4.475e-07,4.9687504127999995,-0.18749990400000005,-2.4999956480000023,53.124998656,0
4.4800000000000004e-07,5.0468754176,-0.1093748992000001,-1.8749957120000005,53.124998656,0
4.485e-07,4.890625407999999,-0.031249894400000144,-1.8749957120000005,53.749998592,0
4.49e-07,4.8125004032,-0.18749990400000005,-1.8749957120000005,53.749998592,0
4.4950000000000005e-07,4.8125004032,-0.18749990400000005,-1.8749957120000005,53.749998592,0
4.5000000000000003e-07,4.8125004032,-0.1093748992000001,-1.8749957120000005,53.749998592,0
4.505e-07,4.890625407999999,-0.031249894400000144,-1.2499957760000058,54.999998464,0
4.51e-07,4.9687504127999995,-0.031249894400000144,-1.2499957760000058,54.999998464,0
4.5150000000000004e-07,5.0468754176,-0.031249894400000144,-1.8749957120000005,56.249998336000004,0
4.52e-07,4.9687504127999995,-0.031249894400000144,-1.2499957760000058,56.874998272,0
4.525e-07,4.9687504127999995,-0.18749990400000005,-1.2499957760000058,56.249998336000004,0
4.5300000000000005e-07,4.890625407999999,-0.18749990400000005,-1.2499957760000058,56.249998336000004,0
4.5350000000000003e-07,4.9687504127999995,-0.1093748992000001,-1.8749957120000005,55.6249984,0
4.54e-07,4.8125004032,-0.031249894400000144,-2.4999956480000023,54.999998464,0
4.5450000000000005e-07,4.8125004032,-0.18749990400000005,-1.2499957760000058,54.999998464,0
4.5500000000000004e-07,4.734375398399999,-0.2656249088,-1.8749957120000005,56.249998336000004,0
4.555e-07,4.8125004032,-0.3437499136000002,-1.8749957120000005,56.874998272,0
4.56e-07,4.890625407999999,-0.18749990400000005,-1.8749957120000005,55.6249984,0
4.5650000000000004e-07,4.734375398399999,-0.1093748992000001,-2.4999956480000023,55.6249984,0
4.5700000000000003e-07,4.890625407999999,-0.18749990400000005,-2.4999956480000023,54.999998464,0
4.575e-07,4.890625407999999,-0.2656249088,-1.8749957120000005,54.999998464,0
4.5800000000000005e-07,4.9687504127999995,-0.18749990400000005,-1.8749957120000005,54.999998464,0
4.5850000000000004e-07,4.9687504127999995,-0.18749990400000005,-1.2499957760000058,55.6249984,0
4.59e-07,4.9687504127999995,-0.1093748992000001,-1.8749957120000005,54.374998528,0
4.595e-07,4.890625407999999,-0.18749990400000005,-1.8749957120000005,54.374998528,0
4.6000000000000004e-07,4.734375398399999,-0.18749990400000005,-1.8749957120000005,53.749998592,0
4.6050000000000003e-07,4.734375398399999,-0.2656249088,-1.2499957760000058,53.124998656,0
4.61e-07,4.734375398399999,-0.1093748992000001,-2.4999956480000023,52.49999872,0
4.6150000000000005e-07,4.8125004032,-0.031249894400000144,-1.8749957120000005,51.249998848000004,0
4.6200000000000003e-07,4.8125004032,-0.1093748992000001,-2.4999956480000023,50.624998912,0
4.625e-07,4.8125004032,-0.18749990400000005,-1.8749957120000005,49.999998976,0
4.63e-07,4.578125388799999,-0.18749990400000005,-2.4999956480000023,49.999998976,0
4.6350000000000004e-07,4.10937536,-0.18749990400000005,-1.2499957760000058,48.749999104,0
4.64e-07,3.4843753216,-0.031249894400000144,-1.2499957760000058,47.499999232,0
4.645e-07,3.0937502975999998,0.04687511039999981,-2.4999956480000023,46.249999360000004,0
4.6500000000000005e-07,2.8593752831999995,-0.1093748992000001,-2.4999956480000023,45.624999424,0
4.6550000000000003e-07,2.3125002495999993,-0.18749990400000005,-1.8749957120000005,44.999999488,0
4.66e-07,1.4531251967999999,-0.031249894400000144,-0.624995840000004,43.12499968,0
4.6650000000000005e-07,0.35937512960000007,-0.031249894400000144,1.8750039039999962,42.499999744,0
4.6700000000000004e-07,-0.6562499328,-0.1093748992000001,3.7500037119999945,40.0,0
4.675e-07,-1.4374999808,-0.1093748992000001,5.62500352,40.0,0
4.68e-07,-1.9843750143999999,-0.18749990400000005,8.750003199999998,39.375000064,0
4.6850000000000005e-07,-2.140625024,-0.1093748992000001,13.125002752,36.87500032,0
4.6900000000000003e-07,-2.2187500287999997,-0.18749990400000005,14.375002623999997,36.250000384,0
4.695e-07,-2.140625024,-0.1093748992000001,13.125002752,33.750000639999996,0
4.7000000000000005e-07,-2.2187500287999997,-0.031249894400000144,11.250002943999998,32.500000768,0
4.7050000000000004e-07,-2.140625024,-0.1093748992000001,14.375002623999997,31.875000831999998,0
4.71e-07,-1.75,-0.18749990400000005,18.12500224,31.250000896,1024
4.715e-07,-1.1249999616,-0.18749990400000005,25.625001472,30.000001024,1024
4.7200000000000004e-07,-0.2656249088,-0.1093748992000001,30.000001024,28.125001216,1024
4.7250000000000003e-07,0.20312511999999994,-0.1093748992000001,30.62500096,26.250001408,3072
4.73e-07,0.5156251392,-0.1093748992000001,25.625001472,24.375001599999997,3072
4.7350000000000005e-07,0.5156251392,-0.18749990400000005,22.500001792,23.125001728,3072
4.7400000000000004e-07,0.6718751487999999,-0.1093748992000001,24.375001599999997,22.500001792,3072
4.745e-07,0.9843751679999997,-0.18749990400000005,33.125000704,21.25000192,3072
4.75e-07,1.1406251775999996,-0.18749990400000005,40.624999936,20.000002048,3072
4.7550000000000004e-07,1.1406251775999996,-0.18749990400000005,42.499999744,18.12500224,3072
4.7600000000000003e-07,0.6718751487999999,-0.2656249088,39.375000064,16.250002432,3072
4.765e-07,0.12500011519999976,-0.2656249088,36.250000384,15.000002559999999,3072
4.77e-07,-0.031249894400000144,-0.2656249088,36.250000384,13.750002687999999,3072
4.775e-07,0.28125012479999967,-0.18749990400000005,40.624999936,13.125002752,3072
4.78e-07,0.35937512960000007,-0.18749990400000005,44.374999552,11.250002943999998,3072
4.785000000000001e-07,0.20312511999999994,-0.18749990400000005,46.874999296,10.000003071999998,3072
4.79e-07,-0.578124928,-0.18749990400000005,44.374999552,8.125003264,3072
4.795e-07,-1.0468749568,-0.18749990400000005,43.749999616,7.500003327999998,3072
4.800000000000001e-07,-1.0468749568,-0.3437499136000002,46.874999296,6.875003391999996,3072
4.805e-07,-0.578124928,-0.18749990400000005,51.874998784,6.875003391999996,3072
4.81e-07,-0.18749990400000005,-0.2656249088,52.49999872,5.62500352,3072
4.815000000000001e-07,-0.1093748992000001,-0.2656249088,48.749999104,3.7500037119999945,3072
4.82e-07,-0.42187491840000013,-0.18749990400000005,44.999999488,2.500003839999998,3072
4.825e-07,-0.578124928,-0.2656249088,47.499999232,2.500003839999998,3072
4.830000000000001e-07,-0.42187491840000013,-0.2656249088,53.124998656,2.500003839999998,3072
4.835e-07,-0.031249894400000144,-0.3437499136000002,56.874998272,1.2500039680000015,3072
4.84e-07,0.04687511039999981,-0.2656249088,56.874998272,0.6250040319999997,3072
4.845e-07,-0.031249894400000144,-0.18749990400000005,53.124998656,-1.2499957760000058,3072
4.85e-07,-0.2656249088,-0.2656249088,49.37499904,-2.4999956480000023,3072
4.855e-07,-0.1093748992000001,-0.3437499136000002,49.999998976,-1.2499957760000058,3072
4.86e-07,0.20312511999999994,-0.18749990400000005,52.49999872,-1.8749957120000005,3072
4.865e-07,0.35937512960000007,-0.18749990400000005,54.999998464,-2.4999956480000023,3072
4.870000000000001e-07,0.12500011519999976,-0.2656249088,52.49999872,-3.124995584000004,3072
4.875e-07,-0.2656249088,-0.18749990400000005,52.49999872,-3.749995519999999,3072
4.88e-07,-0.42187491840000013,-0.2656249088,53.124998656,-2.4999956480000023,3072
4.885000000000001e-07,-0.2656249088,-0.031249894400000144,54.374998528,-3.124995584000004,3072
4.89e-07,0.12500011519999976,-0.031249894400000144,54.999998464,-3.124995584000004,3072
4.895e-07,0.12500011519999976,-0.1093748992000001,52.49999872,-3.749995519999999,3072
4.900000000000001e-07,-0.1093748992000001,-0.1093748992000001,49.999998976,-3.749995519999999,3072
4.905e-07,-0.4999999232000001,-0.1093748992000001,50.624998912,-2.4999956480000023,3072
4.91e-07,-0.42187491840000013,-0.1093748992000001,51.874998784,-1.8749957120000005,3072
4.915000000000001e-07,-0.2656249088,0.04687511039999981,53.749998592,-1.2499957760000058,3072
4.92e-07,-0.2656249088,0.28125012479999967,54.374998528,-0.624995840000004,3072
4.925e-07,-0.2656249088,0.5156251392,52.49999872,-1.8749957120000005,3072
4.93e-07,-0.3437499136000002,0.9062501631999997,49.999998976,-1.2499957760000058,3072
4.935e-07,-0.18749990400000005,1.5312502015999998,48.124999168,-0.624995840000004,3072
4.940000000000001e-07,-0.1093748992000001,2.2343752448,47.499999232,4.0959999978440464e-06,3072
4.945e-07,-0.031249894400000144,2.8593752831999995,48.749999104,0.6250040319999997,3072
4.95e-07,-0.1093748992000001,3.4062503167999996,48.749999104,0.6250040319999997,3072
4.955000000000001e-07,-0.18749990400000005,3.5625003263999995,48.124999168,-0.624995840000004,3072
4.96e-07,-0.18749990400000005,3.7968753407999998,48.124999168,-1.2499957760000058,3072
4.965e-07,-0.2656249088,4.10937536,48.124999168,-0.624995840000004,3072
4.970000000000001e-07,-0.1093748992000001,4.2656253695999995,48.124999168,-0.624995840000004,3072
4.975e-07,0.04687511039999981,4.500000384,46.249999360000004,-1.8749957120000005,3072
4.98e-07,-0.031249894400000144,4.734375398399999,44.374999552,-1.8749957120000005,3072
4.985000000000001e-07,-0.1093748992000001,4.9687504127999995,44.374999552,-1.8749957120000005,3072
4.99e-07,-0.1093748992000001,5.125000422399999,43.749999616,-2.4999956480000023,3072
4.995e-07,-0.18749990400000005,5.281250431999999,44.374999552,-1.8749957120000005,3072
