Time (s),V_TANK_IN,I_PRI,V_TANK_OUT,I_SEC,"[""CRTL_A"", ""IN_A"", ""CRTL_B"", ""IN_B"", ""nEN"", ""GATE_1"", ""GATE_2""]"
0.0,-87.60005376000004,-1.0630001408000003,31.25,-0.6869994239999997,8960
5e-10,-75.10005504000003,-1.0630001408000003,29.687499904,-0.6869994239999997,8960
1e-09,-81.35005439999998,-1.0630001408000003,31.25,-0.6869994239999997,8960
1.5000000000000002e-09,-87.60005376000004,-1.0630001408000003,29.687499904,-0.6869994239999997,8960
2e-09,-75.10005504000003,-1.0630001408000003,31.25,-0.6244994304000002,8960
2.5e-09,-75.10005504000003,-1.0005001472000001,29.687499904,-0.5619994367999999,8704
3.0000000000000004e-09,-68.85005567999997,-1.0005001472000001,32.812500096,-0.5619994367999999,8704
3.5000000000000003e-09,-75.10005504000003,-1.0005001472000001,31.25,-0.5619994367999999,8192
4e-09,-68.85005567999997,-1.0005001472000001,31.25,-0.4994994432000004,8192
4.500000000000001e-09,-75.10005504000003,-1.0630001408000003,29.687499904,-0.4994994432000004,8192
5e-09,-68.85005567999997,-1.0630001408000003,31.25,-0.43699944960000003,8192
5.5000000000000004e-09,-68.85005567999997,-1.0005001472000001,29.687499904,-0.43699944960000003,8192
6.000000000000001e-09,-62.60005632000002,-1.0005001472000001,32.812500096,-0.43699944960000003,8192
6.5e-09,-62.60005632000002,-1.0630001408000003,31.25,-0.3744994559999997,8192
7.000000000000001e-09,-68.85005567999997,-1.0630001408000003,29.687499904,-0.3119994624000002,8192
7.500000000000001e-09,-56.35005695999996,-1.0005001472000001,31.25,-0.24949946879999985,8192
8e-09,-62.60005632000002,-1.0005001472000001,31.25,-0.3119994624000002,8192
8.5e-09,-56.35005695999996,-1.0005001472000001,28.124999808,-0.24949946879999985,8192
9.000000000000001e-09,-62.60005632000002,-0.9380001536000002,26.562499712,-0.18699947520000038,8192
9.5e-09,-62.60005632000002,-0.9380001536000002,26.562499712,-0.24949946879999985,8192
1e-08,-50.100057600000014,-0.9380001536000002,26.562499712,-0.24949946879999985,8192
1.0500000000000001e-08,-50.100057600000014,-0.8755001600000003,23.43749952,-0.24949946879999985,8192
1.1000000000000001e-08,-50.100057600000014,-0.9380001536000002,21.874999424000002,-0.18699947520000038,8192
1.15e-08,-50.100057600000014,-0.9380001536000002,20.312499328,-0.12449948160000002,8192
1.2000000000000002e-08,-37.600058880000006,-0.8755001600000003,20.312499328,-0.06199948800000055,8192
1.2500000000000001e-08,-43.85005823999995,-0.8755001600000003,18.749999232,0.000500505599999812,8192
1.3e-08,-43.85005823999995,-0.8755001600000003,15.62499904,0.000500505599999812,8192
1.35e-08,-43.85005823999995,-0.8755001600000003,12.499998848,0.000500505599999812,8192
1.4000000000000001e-08,-37.600058880000006,-0.8130001664000002,14.062498944000001,0.000500505599999812,8192
1.45e-08,-37.600058880000006,-0.8130001664000002,9.374998656000002,0.06300049920000017,8192
1.5000000000000002e-08,-37.600058880000006,-0.8130001664000002,6.249998464000001,0.06300049920000017,8192
1.55e-08,-37.600058880000006,-0.8130001664000002,4.687498368,0.12550049279999964,8192
1.6e-08,-37.600058880000006,-0.8755001600000003,3.124998271999999,0.12550049279999964,8192
1.6500000000000002e-08,-37.600058880000006,-0.7505001728000003,-1.9199999989893968e-06,0.06300049920000017,8192
1.7e-08,-37.600058880000006,-0.8130001664000002,-1.5625020159999963,0.12550049279999964,8192
1.75e-08,-37.600058880000006,-0.7505001728000003,-6.250002303999999,0.1880004864,8192
1.8000000000000002e-08,-25.100060159999998,-0.7505001728000003,-7.8125024,0.1880004864,8192
1.85e-08,-31.350059519999945,-0.7505001728000003,-10.937502592000001,0.31300047359999983,8192
1.9e-08,-25.100060159999998,-0.6880001792000003,-12.500002687999995,0.3755004672000002,8192
1.9500000000000003e-08,-31.350059519999945,-0.6880001792000003,-17.187502975999998,0.31300047359999983,8192
2e-08,-25.100060159999998,-0.6880001792000003,-20.312503168,0.3755004672000002,8192
2.05e-08,-25.100060159999998,-0.6880001792000003,-25.000003456,0.3755004672000002,8192
2.1000000000000003e-08,-25.100060159999998,-0.7505001728000003,-26.562503551999995,0.3755004672000002,8192
2.15e-08,-25.100060159999998,-0.6880001792000003,-31.250003839999998,0.43800046079999966,8192
2.2000000000000002e-08,-25.100060159999998,-0.6880001792000003,-31.250003839999998,0.43800046079999966,8192
2.2500000000000003e-08,-18.850060799999937,-0.6255001856000002,-34.37500403199999,0.43800046079999966,8192
2.3e-08,-18.850060799999937,-0.5630001920000003,-39.06250432,0.43800046079999966,8192
2.3500000000000002e-08,-18.850060799999937,-0.5630001920000003,-40.625004415999996,0.5630004479999995,8192
2.4000000000000003e-08,-25.100060159999998,-0.5630001920000003,-40.625004415999996,0.5005004544,8192
2.45e-08,-18.850060799999937,-0.5005001984000002,-43.750004608,0.5005004544,8192
2.5000000000000002e-08,-25.100060159999998,-0.5005001984000002,-45.31250470399999,0.5630004479999995,0
2.55e-08,-25.100060159999998,-0.5630001920000003,-43.750004608,0.5630004479999995,0
2.6e-08,-25.100060159999998,-0.43800020480000024,-45.31250470399999,0.6255004415999998,1024
2.6500000000000002e-08,-18.850060799999937,-0.43800020480000024,-45.31250470399999,0.6880004352000002,1024
2.7e-08,-12.60006143999999,-0.5005001984000002,-43.750004608,0.6255004415999998,1024
2.75e-08,-18.850060799999937,-0.43800020480000024,-43.750004608,0.6255004415999998,1024
2.8000000000000003e-08,-18.850060799999937,-0.43800020480000024,-42.187504512000004,0.6880004352000002,1024
2.85e-08,-12.60006143999999,-0.43800020480000024,-42.187504512000004,0.7505004287999997,1024
2.9e-08,-12.60006143999999,-0.3755002112000003,-42.187504512000004,0.7505004287999997,3072
2.9500000000000003e-08,-12.60006143999999,-0.3130002176000004,-40.625004415999996,0.8130004224,3072
3.0000000000000004e-08,-12.60006143999999,-0.25050022400000005,-39.06250432,0.8130004224,3072
3.05e-08,-6.350062080000043,-0.25050022400000005,-39.06250432,0.8130004224,3072
3.1e-08,-6.350062080000043,-0.3130002176000004,-39.06250432,0.8130004224,3072
3.1500000000000004e-08,-6.350062080000043,-0.3130002176000004,-37.500004223999994,0.8130004224,3072
3.2e-08,-6.350062080000043,-0.18800023040000013,-37.500004223999994,0.7505004287999997,3072
3.25e-08,-0.10006271999998262,-0.25050022400000005,-39.06250432,0.8755004159999995,3072
3.3000000000000004e-08,-0.10006271999998262,-0.18800023040000013,-39.06250432,0.8130004224,3072
3.35e-08,6.149936639999964,-0.25050022400000005,-40.625004415999996,0.8130004224,3072
3.4e-08,6.149936639999964,-0.25050022400000005,-37.500004223999994,0.8755004159999995,3072
3.4500000000000005e-08,6.149936639999964,-0.18800023040000013,-39.06250432,0.8755004159999995,3072
3.5e-08,12.399936000000025,-0.18800023040000013,-40.625004415999996,0.9380004095999999,3072
3.55e-08,6.149936639999964,-0.12550023680000022,-40.625004415999996,1.0005004031999998,3072
3.6000000000000005e-08,12.399936000000025,-0.0630002432000003,-40.625004415999996,0.8755004159999995,11264
3.65e-08,12.399936000000025,-0.12550023680000022,-42.187504512000004,0.9380004095999999,11264
3.7e-08,18.649935359999972,-0.12550023680000022,-42.187504512000004,1.0630003967999997,3072
3.7500000000000005e-08,18.649935359999972,-0.0630002432000003,-43.750004608,1.0005004031999998,3072
3.8e-08,18.649935359999972,-0.0630002432000003,-42.187504512000004,1.0005004031999998,3072
3.85e-08,31.14993407999998,-0.0005002496000003909,-45.31250470399999,1.0005004031999998,3072
3.9000000000000005e-08,24.899934720000033,-0.0005002496000003909,-43.750004608,1.0005004031999998,3072
3.95e-08,31.14993407999998,-0.0630002432000003,-42.187504512000004,1.0630003967999997,3072
4e-08,37.39993344000004,0.06199974399999997,-40.625004415999996,1.0005004031999998,11264
4.0500000000000005e-08,43.64993279999999,-0.0005002496000003909,-42.187504512000004,1.0005004031999998,11264
4.1e-08,31.14993407999998,0.06199974399999997,-42.187504512000004,1.0630003967999997,11264
4.15e-08,37.39993344000004,0.12449973759999988,-43.750004608,1.0630003967999997,11264
4.2000000000000006e-08,43.64993279999999,0.06199974399999997,-40.625004415999996,1.0630003967999997,11264
4.2500000000000003e-08,43.64993279999999,0.12449973759999988,-40.625004415999996,1.0630003967999997,3072
4.3e-08,49.89993216000005,0.12449973759999988,-40.625004415999996,1.1255003904,3072
4.3500000000000006e-08,43.64993279999999,0.12449973759999988,-40.625004415999996,1.1255003904,3072
4.4000000000000004e-08,49.89993216000005,0.2494997247999997,-40.625004415999996,1.1255003904,11264
4.45e-08,49.89993216000005,0.2494997247999997,-39.06250432,1.188000384,11264
4.5000000000000006e-08,49.89993216000005,0.2494997247999997,-39.06250432,1.188000384,11264
4.5500000000000004e-08,43.64993279999999,0.2494997247999997,-40.625004415999996,1.1255003904,3072
4.6e-08,49.89993216000005,0.3119997183999996,-35.937504128,1.1255003904,3072
4.6500000000000006e-08,49.89993216000005,0.2494997247999997,-35.937504128,1.188000384,3072
4.7000000000000004e-08,56.149931519999996,0.3119997183999996,-39.06250432,1.1255003904,3072
4.75e-08,56.149931519999996,0.37449971199999954,-39.06250432,1.188000384,3072
4.8000000000000006e-08,49.89993216000005,0.37449971199999954,-37.500004223999994,1.1255003904,3072
4.8500000000000004e-08,56.149931519999996,0.37449971199999954,-40.625004415999996,1.0630003967999997,3072
4.9e-08,49.89993216000005,0.37449971199999954,-39.06250432,1.1255003904,3072
4.95e-08,49.89993216000005,0.37449971199999954,-39.06250432,1.1255003904,3072
5.0000000000000004e-08,49.89993216000005,0.37449971199999954,-35.937504128,1.188000384,3072
5.05e-08,49.89993216000005,0.4994996991999998,-39.06250432,1.188000384,3072
5.1e-08,56.149931519999996,0.4369997055999999,-39.06250432,1.2505003775999999,3072
5.1500000000000005e-08,43.64993279999999,0.4369997055999999,-40.625004415999996,1.188000384,3072
5.2e-08,56.149931519999996,0.4994996991999998,-39.06250432,1.188000384,3072
5.25e-08,49.89993216000005,0.4994996991999998,-39.06250432,1.188000384,3072
5.3000000000000005e-08,49.89993216000005,0.4369997055999999,-40.625004415999996,1.188000384,19456
5.35e-08,49.89993216000005,0.5619996927999997,-42.187504512000004,1.188000384,19456
5.4e-08,49.89993216000005,0.6244996863999996,-39.06250432,1.188000384,19456
5.4500000000000005e-08,49.89993216000005,0.5619996927999997,-39.06250432,1.188000384,19456
5.5e-08,43.64993279999999,0.5619996927999997,-39.06250432,1.188000384,19456
5.55e-08,43.64993279999999,0.6244996863999996,-39.06250432,1.1255003904,19456
5.6000000000000005e-08,43.64993279999999,0.6244996863999996,-35.937504128,1.1255003904,19456
5.65e-08,49.89993216000005,0.6244996863999996,-39.06250432,1.1255003904,19456
5.7e-08,43.64993279999999,0.6244996863999996,-39.06250432,1.1255003904,19456
5.7500000000000005e-08,43.64993279999999,0.6244996863999996,-40.625004415999996,1.1255003904,19456
5.8e-08,43.64993279999999,0.6869996799999996,-37.500004223999994,1.1255003904,19456
5.85e-08,37.39993344000004,0.7494996735999999,-35.937504128,1.188000384,19456
5.9000000000000006e-08,49.89993216000005,0.7494996735999999,-34.37500403199999,1.1255003904,19456
5.9500000000000003e-08,37.39993344000004,0.7494996735999999,-34.37500403199999,1.1255003904,19456
6.000000000000001e-08,37.39993344000004,0.7494996735999999,-34.37500403199999,1.0630003967999997,19456
6.05e-08,43.64993279999999,0.7494996735999999,-37.500004223999994,1.1255003904,19456
6.1e-08,31.14993407999998,0.7494996735999999,-35.937504128,1.1255003904,19456
6.15e-08,31.14993407999998,0.8119996671999998,-35.937504128,1.0630003967999997,19456
6.2e-08,31.14993407999998,0.8119996671999998,-35.937504128,1.0630003967999997,19456
6.250000000000001e-08,31.14993407999998,0.8119996671999998,-35.937504128,1.0630003967999997,19456
6.300000000000001e-08,24.899934720000033,0.7494996735999999,-37.500004223999994,1.1255003904,19456
6.35e-08,24.899934720000033,0.8119996671999998,-39.06250432,1.0630003967999997,19456
6.4e-08,18.649935359999972,0.8744996607999997,-37.500004223999994,1.0005004031999998,19456
6.45e-08,24.899934720000033,0.8119996671999998,-39.06250432,0.9380004095999999,19456
6.5e-08,12.399936000000025,0.8119996671999998,-40.625004415999996,0.9380004095999999,19456
6.55e-08,12.399936000000025,0.7494996735999999,-40.625004415999996,0.9380004095999999,19456
6.600000000000001e-08,12.399936000000025,0.8119996671999998,-37.500004223999994,0.9380004095999999,19456
6.65e-08,12.399936000000025,0.8744996607999997,-39.06250432,0.9380004095999999,19456
6.7e-08,12.399936000000025,0.8119996671999998,-39.06250432,0.9380004095999999,19456
6.75e-08,-0.10006271999998262,0.8744996607999997,-39.06250432,0.9380004095999999,19456
6.8e-08,6.149936639999964,0.8744996607999997,-37.500004223999994,0.9380004095999999,19456
6.85e-08,6.149936639999964,0.8119996671999998,-39.06250432,0.8755004159999995,19456
6.900000000000001e-08,-0.10006271999998262,0.8744996607999997,-37.500004223999994,0.8755004159999995,19456
6.950000000000001e-08,-6.350062080000043,0.9369996543999997,-39.06250432,0.8755004159999995,19456
7e-08,-6.350062080000043,0.8744996607999997,-35.937504128,0.8755004159999995,19456
7.05e-08,-6.350062080000043,0.8744996607999997,-34.37500403199999,0.8130004224,19456
7.1e-08,-6.350062080000043,0.8119996671999998,-37.500004223999994,0.8130004224,19456
7.15e-08,-6.350062080000043,0.9369996543999997,-34.37500403199999,0.8130004224,19456
7.200000000000001e-08,-6.350062080000043,0.9369996543999997,-32.812503936,0.6880004352000002,19456
7.250000000000001e-08,-12.60006143999999,0.9369996543999997,-34.37500403199999,0.7505004287999997,19456
7.3e-08,-18.850060799999937,0.9369996543999997,-32.812503936,0.6880004352000002,19456
7.35e-08,-25.100060159999998,0.8744996607999997,-35.937504128,0.6255004415999998,19456
7.4e-08,-18.850060799999937,0.9369996543999997,-32.812503936,0.6880004352000002,19456
7.45e-08,-18.850060799999937,0.9369996543999997,-32.812503936,0.6255004415999998,18432
7.500000000000001e-08,-18.850060799999937,0.8744996607999997,-32.812503936,0.6255004415999998,18432
7.550000000000001e-08,-25.100060159999998,0.9369996543999997,-34.37500403199999,0.5630004479999995,18432
7.6e-08,-25.100060159999998,0.9369996543999997,-32.812503936,0.5630004479999995,18432
7.65e-08,-31.350059519999945,0.8744996607999997,-34.37500403199999,0.6255004415999998,18432
7.7e-08,-25.100060159999998,0.8744996607999997,-35.937504128,0.5630004479999995,18432
7.75e-08,-25.100060159999998,0.8744996607999997,-35.937504128,0.43800046079999966,16384
7.800000000000001e-08,-31.350059519999945,0.8744996607999997,-34.37500403199999,0.43800046079999966,16384
7.850000000000001e-08,-31.350059519999945,0.8744996607999997,-34.37500403199999,0.3755004672000002,16384
7.9e-08,-37.600058880000006,0.8744996607999997,-37.500004223999994,0.43800046079999966,16384
7.95e-08,-37.600058880000006,0.8119996671999998,-35.937504128,0.3755004672000002,16384
8e-08,-43.85005823999995,0.8744996607999997,-34.37500403199999,0.3755004672000002,16384
8.05e-08,-43.85005823999995,0.8119996671999998,-34.37500403199999,0.31300047359999983,16384
8.100000000000001e-08,-43.85005823999995,0.8119996671999998,-35.937504128,0.31300047359999983,16384
8.150000000000001e-08,-50.100057600000014,0.8119996671999998,-34.37500403199999,0.25050047999999947,16384
8.2e-08,-50.100057600000014,0.7494996735999999,-32.812503936,0.25050047999999947,16384
8.25e-08,-50.100057600000014,0.8119996671999998,-32.812503936,0.25050047999999947,16384
8.3e-08,-43.85005823999995,0.8119996671999998,-31.250003839999998,0.1880004864,16384
8.35e-08,-56.35005695999996,0.7494996735999999,-29.687503743999997,0.12550049279999964,16384
8.400000000000001e-08,-50.100057600000014,0.8119996671999998,-28.125003647999996,0.06300049920000017,16384
8.450000000000001e-08,-56.35005695999996,0.7494996735999999,-28.125003647999996,0.12550049279999964,16384
8.500000000000001e-08,-56.35005695999996,0.8119996671999998,-25.000003456,0.12550049279999964,16384
8.55e-08,-62.60005632000002,0.7494996735999999,-23.43750336,0.06300049920000017,16384
8.6e-08,-56.35005695999996,0.7494996735999999,-20.312503168,0.000500505599999812,16384
8.65e-08,-56.35005695999996,0.7494996735999999,-18.750003072,0.000500505599999812,16384
8.700000000000001e-08,-56.35005695999996,0.6869996799999996,-17.187502975999998,-0.06199948800000055,16384
8.750000000000001e-08,-56.35005695999996,0.6869996799999996,-14.062502783999996,0.000500505599999812,16384
8.800000000000001e-08,-62.60005632000002,0.6869996799999996,-10.937502592000001,-0.12449948160000002,16384
8.85e-08,-56.35005695999996,0.6244996863999996,-12.500002687999995,-0.12449948160000002,16384
8.9e-08,-68.85005567999997,0.6244996863999996,-9.375002496,-0.12449948160000002,16384
8.95e-08,-68.85005567999997,0.6244996863999996,-6.250002303999999,-0.18699947520000038,16384
9.000000000000001e-08,-68.85005567999997,0.6869996799999996,-1.5625020159999963,-0.24949946879999985,16384
9.050000000000001e-08,-75.10005504000003,0.6244996863999996,-1.5625020159999963,-0.18699947520000038,16384
9.100000000000001e-08,-68.85005567999997,0.5619996927999997,1.5624981760000018,-0.24949946879999985,16384
9.15e-08,-81.35005439999998,0.6244996863999996,4.687498368,-0.24949946879999985,16384
9.2e-08,-75.10005504000003,0.6244996863999996,7.812498560000002,-0.24949946879999985,16384
9.25e-08,-68.85005567999997,0.5619996927999997,10.937498752,-0.24949946879999985,16384
9.300000000000001e-08,-75.10005504000003,0.4994996991999998,14.062498944000001,-0.3119994624000002,16384
9.350000000000001e-08,-75.10005504000003,0.5619996927999997,17.187499136,-0.3744994559999997,16384
9.400000000000001e-08,-68.85005567999997,0.4994996991999998,21.874999424000002,-0.3119994624000002,16384
9.45e-08,-81.35005439999998,0.4994996991999998,23.43749952,-0.3744994559999997,16384
9.5e-08,-81.35005439999998,0.4994996991999998,24.999999616,-0.43699944960000003,16384
9.55e-08,-81.35005439999998,0.4369997055999999,28.124999808,-0.43699944960000003,16384
9.600000000000001e-08,-81.35005439999998,0.4994996991999998,31.25,-0.43699944960000003,16384
9.650000000000001e-08,-75.10005504000003,0.4369997055999999,32.812500096,-0.4994994432000004,16384
9.700000000000001e-08,-81.35005439999998,0.4369997055999999,34.375000192,-0.5619994367999999,16384
9.75e-08,-87.60005376000004,0.4369997055999999,35.937500288,-0.6244994304000002,0
9.8e-08,-81.35005439999998,0.4369997055999999,40.625000576,-0.5619994367999999,0
9.85e-08,-81.35005439999998,0.4369997055999999,39.06250048,-0.6244994304000002,0
9.9e-08,-75.10005504000003,0.37449971199999954,39.06250048,-0.6244994304000002,0
9.950000000000001e-08,-87.60005376000004,0.37449971199999954,39.06250048,-0.6244994304000002,0
1.0000000000000001e-07,-81.35005439999998,0.37449971199999954,39.06250048,-0.6869994239999997,0
1.005e-07,-87.60005376000004,0.3119997183999996,39.06250048,-0.6869994239999997,0
1.01e-07,-87.60005376000004,0.2494997247999997,39.06250048,-0.6869994239999997,0
1.015e-07,-87.60005376000004,0.3119997183999996,37.500000384,-0.7494994176,0
1.02e-07,-87.60005376000004,0.2494997247999997,39.06250048,-0.6869994239999997,256
1.0250000000000001e-07,-93.85005311999998,0.2494997247999997,37.500000384,-0.7494994176,256
1.0300000000000001e-07,-93.85005311999998,0.2494997247999997,37.500000384,-0.7494994176,768
1.0350000000000001e-07,-93.85005311999998,0.2494997247999997,35.937500288,-0.7494994176,768
1.04e-07,-93.85005311999998,0.2494997247999997,37.500000384,-0.8119994112000004,768
1.045e-07,-93.85005311999998,0.1869997311999998,34.375000192,-0.8744994047999999,768
1.05e-07,-100.10005248000004,0.1869997311999998,35.937500288,-0.8744994047999999,768
1.0550000000000001e-07,-106.35005183999999,0.1869997311999998,32.812500096,-0.8744994047999999,768
1.0600000000000001e-07,-106.35005183999999,0.12449973759999988,35.937500288,-0.8744994047999999,768
1.0650000000000001e-07,-106.35005183999999,0.1869997311999998,34.375000192,-0.8744994047999999,768
1.07e-07,-100.10005248000004,0.12449973759999988,35.937500288,-0.8744994047999999,768
1.075e-07,-112.6000512,0.12449973759999988,35.937500288,-0.9369993984000002,768
1.08e-07,-106.35005183999999,0.06199974399999997,35.937500288,-0.9369993984000002,768
1.0850000000000001e-07,-106.35005183999999,-0.0005002496000003909,37.500000384,-0.9369993984000002,768
1.0900000000000001e-07,-118.85005056,-0.0005002496000003909,35.937500288,-0.9994993919999997,768
1.0950000000000001e-07,-118.85005056,-0.0005002496000003909,35.937500288,-1.0619993856,768
1.1e-07,-118.85005056,-0.0005002496000003909,39.06250048,-0.9994993919999997,768
1.105e-07,-118.85005056,-0.0005002496000003909,39.06250048,-0.9994993919999997,768
1.11e-07,-118.85005056,-0.0630002432000003,37.500000384,-0.9994993919999997,768
1.1150000000000001e-07,-125.10004992,-0.0630002432000003,39.06250048,-0.9369993984000002,768
1.1200000000000001e-07,-131.35004928,-0.0630002432000003,39.06250048,-1.1244993792000004,768
1.1250000000000001e-07,-131.35004928,-0.12550023680000022,37.500000384,-1.0619993856,768
1.13e-07,-137.60004864,-0.12550023680000022,37.500000384,-1.1244993792000004,768
1.135e-07,-143.85004800000002,-0.0630002432000003,37.500000384,-1.0619993856,768
1.14e-07,-137.60004864,-0.12550023680000022,39.06250048,-1.1244993792000004,768
1.1450000000000001e-07,-143.85004800000002,-0.18800023040000013,39.06250048,-1.1244993792000004,768
1.1500000000000001e-07,-131.35004928,-0.25050022400000005,37.500000384,-1.1244993792000004,768
1.1550000000000001e-07,-143.85004800000002,-0.25050022400000005,35.937500288,-1.0619993856,768
1.16e-07,-143.85004800000002,-0.25050022400000005,35.937500288,-1.1244993792000004,768
1.165e-07,-150.10004736000002,-0.25050022400000005,35.937500288,-1.1869993728,768
1.17e-07,-150.10004736000002,-0.3130002176000004,35.937500288,-1.1869993728,768
1.1750000000000001e-07,-150.10004736000002,-0.3130002176000004,34.375000192,-1.1869993728,768
1.1800000000000001e-07,-150.10004736000002,-0.3130002176000004,35.937500288,-1.1244993792000004,768
1.1850000000000001e-07,-150.10004736000002,-0.3755002112000003,34.375000192,-1.1244993792000004,768
1.1900000000000001e-07,-156.35004672000002,-0.3755002112000003,34.375000192,-1.1244993792000004,768
1.195e-07,-156.35004672000002,-0.3755002112000003,35.937500288,-1.1869993728,768
1.2000000000000002e-07,-156.35004672000002,-0.3755002112000003,35.937500288,-1.2494993664000003,768
1.205e-07,-156.35004672000002,-0.43800020480000024,34.375000192,-1.2494993664000003,768
1.21e-07,-156.35004672000002,-0.43800020480000024,35.937500288,-1.2494993664000003,768
1.215e-07,-162.60004607999997,-0.43800020480000024,34.375000192,-1.2494993664000003,768
1.22e-07,-156.35004672000002,-0.43800020480000024,37.500000384,-1.2494993664000003,768
1.2250000000000002e-07,-162.60004607999997,-0.5005001984000002,34.375000192,-1.2494993664000003,768
1.23e-07,-150.10004736000002,-0.5630001920000003,35.937500288,-1.2494993664000003,768
1.2350000000000001e-07,-162.60004607999997,-0.5630001920000003,34.375000192,-1.2494993664000003,768
1.24e-07,-156.35004672000002,-0.5630001920000003,35.937500288,-1.2494993664000003,768
1.245e-07,-156.35004672000002,-0.5005001984000002,34.375000192,-1.1869993728,768
1.2500000000000002e-07,-150.10004736000002,-0.6255001856000002,35.937500288,-1.1869993728,768
1.255e-07,-156.35004672000002,-0.6255001856000002,34.375000192,-1.3119993599999997,768
1.2600000000000002e-07,-156.35004672000002,-0.6255001856000002,37.500000384,-1.2494993664000003,8960
1.265e-07,-162.60004607999997,-0.6255001856000002,35.937500288,-1.3119993599999997,8960
1.27e-07,-150.10004736000002,-0.6880001792000003,35.937500288,-1.2494993664000003,8960
1.275e-07,-150.10004736000002,-0.7505001728000003,35.937500288,-1.1869993728,8960
1.28e-07,-156.35004672000002,-0.6880001792000003,37.500000384,-1.3119993599999997,8960
1.2850000000000002e-07,-150.10004736000002,-0.7505001728000003,34.375000192,-1.3119993599999997,8960
1.29e-07,-150.10004736000002,-0.6880001792000003,34.375000192,-1.2494993664000003,8960
1.2950000000000001e-07,-156.35004672000002,-0.8130001664000002,32.812500096,-1.2494993664000003,8960
1.3e-07,-150.10004736000002,-0.8130001664000002,35.937500288,-1.1869993728,8960
1.305e-07,-143.85004800000002,-0.7505001728000003,32.812500096,-1.2494993664000003,8960
1.31e-07,-143.85004800000002,-0.8130001664000002,34.375000192,-1.1869993728,8960
1.315e-07,-150.10004736000002,-0.8130001664000002,32.812500096,-1.1869993728,8960
1.3200000000000002e-07,-143.85004800000002,-0.8130001664000002,32.812500096,-1.1869993728,8960
1.325e-07,-143.85004800000002,-0.8755001600000003,32.812500096,-1.1869993728,8960
1.33e-07,-137.60004864,-0.8755001600000003,34.375000192,-1.1244993792000004,8960
1.335e-07,-143.85004800000002,-0.8755001600000003,31.25,-1.1869993728,8960
1.34e-07,-137.60004864,-0.8755001600000003,35.937500288,-1.1869993728,8960
1.3450000000000002e-07,-137.60004864,-0.8755001600000003,35.937500288,-1.1244993792000004,8960
1.35e-07,-137.60004864,-0.9380001536000002,35.937500288,-1.1869993728,8960
1.3550000000000002e-07,-131.35004928,-0.8755001600000003,35.937500288,-1.1244993792000004,8960
1.36e-07,-131.35004928,-0.8755001600000003,35.937500288,-1.1244993792000004,8960
1.365e-07,-125.10004992,-0.9380001536000002,34.375000192,-1.1244993792000004,8960
1.37e-07,-125.10004992,-0.9380001536000002,35.937500288,-1.1244993792000004,8960
1.375e-07,-131.35004928,-1.0005001472000001,34.375000192,-1.1244993792000004,8960
1.3800000000000002e-07,-131.35004928,-1.0005001472000001,37.500000384,-1.0619993856,8960
1.385e-07,-125.10004992,-1.0005001472000001,34.375000192,-1.0619993856,8960
1.3900000000000001e-07,-112.6000512,-1.0005001472000001,35.937500288,-1.0619993856,8960
1.395e-07,-118.85005056,-1.0630001408000003,34.375000192,-1.0619993856,8960
1.4e-07,-112.6000512,-0.9380001536000002,35.937500288,-0.9994993919999997,8960
1.4050000000000002e-07,-112.6000512,-1.0005001472000001,34.375000192,-0.9994993919999997,8960
1.41e-07,-106.35005183999999,-1.0630001408000003,34.375000192,-0.9994993919999997,8960
1.4150000000000002e-07,-106.35005183999999,-0.9380001536000002,32.812500096,-0.9369993984000002,8960
1.42e-07,-100.10005248000004,-1.0005001472000001,34.375000192,-0.9369993984000002,8960
1.425e-07,-100.10005248000004,-1.0630001408000003,34.375000192,-0.9369993984000002,8960
1.43e-07,-100.10005248000004,-1.0630001408000003,32.812500096,-0.9369993984000002,8960
1.435e-07,-93.85005311999998,-1.0005001472000001,32.812500096,-0.8744994047999999,8960
1.4400000000000002e-07,-100.10005248000004,-1.0005001472000001,31.25,-0.9369993984000002,8960
1.445e-07,-93.85005311999998,-1.0630001408000003,29.687499904,-0.8744994047999999,8960
1.4500000000000001e-07,-87.60005376000004,-1.0005001472000001,31.25,-0.8119994112000004,8960
1.455e-07,-93.85005311999998,-1.0005001472000001,29.687499904,-0.8744994047999999,8960
1.46e-07,-93.85005311999998,-1.0630001408000003,31.25,-0.8119994112000004,8960
1.4650000000000002e-07,-87.60005376000004,-1.0630001408000003,29.687499904,-0.7494994176,8960
1.47e-07,-81.35005439999998,-1.0005001472000001,31.25,-0.6869994239999997,8960
1.4750000000000002e-07,-81.35005439999998,-1.0005001472000001,29.687499904,-0.6869994239999997,8960
1.48e-07,-75.10005504000003,-1.0005001472000001,29.687499904,-0.6244994304000002,8960
1.485e-07,-75.10005504000003,-1.0630001408000003,31.25,-0.6244994304000002,8960
1.49e-07,-81.35005439999998,-1.0005001472000001,31.25,-0.6244994304000002,8960
1.495e-07,-81.35005439999998,-1.0005001472000001,31.25,-0.6244994304000002,8704
1.5000000000000002e-07,-75.10005504000003,-1.0005001472000001,32.812500096,-0.5619994367999999,8704
1.505e-07,-68.85005567999997,-1.0630001408000003,32.812500096,-0.5619994367999999,8704
1.5100000000000002e-07,-62.60005632000002,-1.0630001408000003,31.25,-0.4994994432000004,8192
1.515e-07,-68.85005567999997,-1.0630001408000003,31.25,-0.4994994432000004,8192
1.52e-07,-75.10005504000003,-1.0630001408000003,32.812500096,-0.4994994432000004,8192
1.5250000000000002e-07,-68.85005567999997,-1.0630001408000003,32.812500096,-0.4994994432000004,8192
1.53e-07,-68.85005567999997,-1.0005001472000001,34.375000192,-0.43699944960000003,8192
1.5350000000000002e-07,-68.85005567999997,-1.0005001472000001,31.25,-0.43699944960000003,8192
1.54e-07,-62.60005632000002,-1.0630001408000003,32.812500096,-0.43699944960000003,8192
1.5450000000000001e-07,-62.60005632000002,-1.0005001472000001,31.25,-0.3744994559999997,8192
1.55e-07,-50.100057600000014,-1.0005001472000001,31.25,-0.3744994559999997,8192
1.555e-07,-56.35005695999996,-1.0005001472000001,29.687499904,-0.3119994624000002,8192
1.5600000000000002e-07,-56.35005695999996,-0.9380001536000002,29.687499904,-0.24949946879999985,8192
1.565e-07,-56.35005695999996,-1.0005001472000001,28.124999808,-0.24949946879999985,8192
1.5700000000000002e-07,-43.85005823999995,-1.0005001472000001,28.124999808,-0.18699947520000038,8192
1.575e-07,-50.100057600000014,-0.9380001536000002,24.999999616,-0.18699947520000038,8192
1.58e-07,-50.100057600000014,-1.0005001472000001,26.562499712,-0.12449948160000002,8192
1.5850000000000002e-07,-43.85005823999995,-0.9380001536000002,23.43749952,-0.18699947520000038,8192
1.59e-07,-50.100057600000014,-0.9380001536000002,20.312499328,-0.12449948160000002,8192
1.5950000000000002e-07,-50.100057600000014,-0.9380001536000002,20.312499328,-0.12449948160000002,8192
1.6e-07,-50.100057600000014,-0.8130001664000002,20.312499328,-0.12449948160000002,8192
1.6050000000000001e-07,-50.100057600000014,-0.8755001600000003,17.187499136,-0.06199948800000055,8192
1.61e-07,-50.100057600000014,-0.8130001664000002,14.062498944000001,0.000500505599999812,8192
1.615e-07,-50.100057600000014,-0.8755001600000003,12.499998848,-0.06199948800000055,8192
1.6200000000000002e-07,-50.100057600000014,-0.8755001600000003,12.499998848,0.000500505599999812,8192
1.625e-07,-37.600058880000006,-0.8130001664000002,7.812498560000002,0.06300049920000017,8192
1.6300000000000002e-07,-37.600058880000006,-0.8130001664000002,6.249998464000001,0.12550049279999964,8192
1.635e-07,-37.600058880000006,-0.8130001664000002,4.687498368,0.12550049279999964,8192
1.64e-07,-31.350059519999945,-0.6880001792000003,1.5624981760000018,0.12550049279999964,8192
1.645e-07,-31.350059519999945,-0.7505001728000003,-1.5625020159999963,0.1880004864,8192
1.65e-07,-31.350059519999945,-0.8130001664000002,-4.687502207999998,0.1880004864,8192
1.6550000000000002e-07,-31.350059519999945,-0.7505001728000003,-9.375002496,0.1880004864,8192
1.66e-07,-31.350059519999945,-0.6255001856000002,-9.375002496,0.25050047999999947,8192
1.6650000000000002e-07,-31.350059519999945,-0.6255001856000002,-14.062502783999996,0.25050047999999947,8192
1.67e-07,-25.100060159999998,-0.6880001792000003,-18.750003072,0.31300047359999983,8192
1.675e-07,-18.850060799999937,-0.5630001920000003,-20.312503168,0.31300047359999983,8192
1.6800000000000002e-07,-18.850060799999937,-0.6255001856000002,-23.43750336,0.25050047999999947,8192
1.685e-07,-18.850060799999937,-0.6255001856000002,-26.562503551999995,0.31300047359999983,8192
1.6900000000000002e-07,-25.100060159999998,-0.6255001856000002,-29.687503743999997,0.3755004672000002,8192
1.695e-07,-25.100060159999998,-0.6255001856000002,-34.37500403199999,0.31300047359999983,8192
1.7000000000000001e-07,-25.100060159999998,-0.5630001920000003,-32.812503936,0.3755004672000002,8192
1.705e-07,-25.100060159999998,-0.5630001920000003,-37.500004223999994,0.5005004544,8192
1.71e-07,-18.850060799999937,-0.5005001984000002,-39.06250432,0.5005004544,8192
1.7150000000000002e-07,-25.100060159999998,-0.5630001920000003,-40.625004415999996,0.5005004544,8192
1.72e-07,-18.850060799999937,-0.5005001984000002,-42.187504512000004,0.5630004479999995,8192
1.7250000000000002e-07,-18.850060799999937,-0.5005001984000002,-43.750004608,0.6255004415999998,0
1.73e-07,-18.850060799999937,-0.5630001920000003,-43.750004608,0.6255004415999998,1024
1.735e-07,-18.850060799999937,-0.5005001984000002,-45.31250470399999,0.6255004415999998,1024
1.7400000000000002e-07,-18.850060799999937,-0.43800020480000024,-42.187504512000004,0.6255004415999998,1024
1.745e-07,-12.60006143999999,-0.43800020480000024,-42.187504512000004,0.6255004415999998,1024
1.7500000000000002e-07,-18.850060799999937,-0.3755002112000003,-43.750004608,0.7505004287999997,1024
1.755e-07,-12.60006143999999,-0.3130002176000004,-40.625004415999996,0.7505004287999997,1024
1.7600000000000001e-07,-12.60006143999999,-0.3755002112000003,-39.06250432,0.6880004352000002,1024
1.765e-07,-12.60006143999999,-0.3755002112000003,-40.625004415999996,0.6880004352000002,1024
1.77e-07,-12.60006143999999,-0.3755002112000003,-40.625004415999996,0.7505004287999997,3072
1.7750000000000002e-07,-12.60006143999999,-0.3755002112000003,-40.625004415999996,0.7505004287999997,3072
1.78e-07,-6.350062080000043,-0.3130002176000004,-35.937504128,0.7505004287999997,3072
1.7850000000000002e-07,-6.350062080000043,-0.25050022400000005,-35.937504128,0.8130004224,3072
1.79e-07,-0.10006271999998262,-0.25050022400000005,-35.937504128,0.8130004224,3072
1.795e-07,-12.60006143999999,-0.18800023040000013,-37.500004223999994,0.8755004159999995,3072
1.8000000000000002e-07,-6.350062080000043,-0.18800023040000013,-37.500004223999994,0.8130004224,3072
1.805e-07,-6.350062080000043,-0.3130002176000004,-37.500004223999994,0.8130004224,3072
1.8100000000000002e-07,-0.10006271999998262,-0.25050022400000005,-37.500004223999994,0.8130004224,3072
1.815e-07,-0.10006271999998262,-0.18800023040000013,-37.500004223999994,0.8755004159999995,3072
1.8200000000000002e-07,12.399936000000025,-0.18800023040000013,-37.500004223999994,0.8755004159999995,3072
1.825e-07,12.399936000000025,-0.18800023040000013,-37.500004223999994,0.9380004095999999,3072
1.83e-07,12.399936000000025,-0.18800023040000013,-42.187504512000004,0.9380004095999999,11264
1.8350000000000002e-07,18.649935359999972,-0.12550023680000022,-40.625004415999996,1.0005004031999998,11264
1.84e-07,24.899934720000033,-0.0630002432000003,-42.187504512000004,0.9380004095999999,11264
1.8450000000000002e-07,24.899934720000033,-0.0630002432000003,-43.750004608,0.9380004095999999,3072
1.85e-07,24.899934720000033,-0.0630002432000003,-43.750004608,1.0005004031999998,3072
1.8550000000000001e-07,24.899934720000033,-0.0630002432000003,-43.750004608,0.9380004095999999,3072
1.8600000000000002e-07,24.899934720000033,-0.0005002496000003909,-42.187504512000004,1.0005004031999998,3072
1.865e-07,37.39993344000004,-0.0005002496000003909,-43.750004608,1.0630003967999997,3072
1.8700000000000002e-07,37.39993344000004,-0.0005002496000003909,-42.187504512000004,1.0630003967999997,3072
1.875e-07,31.14993407999998,-0.0005002496000003909,-43.750004608,1.0630003967999997,3072
1.8800000000000002e-07,43.64993279999999,0.06199974399999997,-42.187504512000004,1.0630003967999997,11264
1.885e-07,43.64993279999999,0.06199974399999997,-40.625004415999996,1.0630003967999997,11264
1.89e-07,37.39993344000004,0.06199974399999997,-42.187504512000004,1.0630003967999997,11264
1.8950000000000002e-07,43.64993279999999,0.06199974399999997,-42.187504512000004,1.0630003967999997,3072
1.9e-07,37.39993344000004,0.12449973759999988,-40.625004415999996,1.1255003904,3072
1.9050000000000002e-07,49.89993216000005,0.1869997311999998,-39.06250432,1.0630003967999997,3072
1.91e-07,49.89993216000005,0.1869997311999998,-39.06250432,1.0630003967999997,11264
1.9150000000000001e-07,49.89993216000005,0.2494997247999997,-39.06250432,1.188000384,11264
1.9200000000000003e-07,56.149931519999996,0.2494997247999997,-35.937504128,1.0630003967999997,11264
1.925e-07,56.149931519999996,0.2494997247999997,-37.500004223999994,1.1255003904,11264
1.9300000000000002e-07,56.149931519999996,0.1869997311999998,-37.500004223999994,1.1255003904,3072
1.935e-07,56.149931519999996,0.2494997247999997,-39.06250432,1.1255003904,3072
1.9400000000000002e-07,56.149931519999996,0.2494997247999997,-34.37500403199999,1.188000384,3072
1.945e-07,56.149931519999996,0.37449971199999954,-37.500004223999994,1.188000384,3072
1.95e-07,56.149931519999996,0.37449971199999954,-37.500004223999994,1.188000384,3072
1.9550000000000002e-07,49.89993216000005,0.37449971199999954,-39.06250432,1.188000384,3072
1.96e-07,62.399930880000056,0.4369997055999999,-39.06250432,1.188000384,3072
1.9650000000000002e-07,56.149931519999996,0.37449971199999954,-37.500004223999994,1.188000384,3072
1.97e-07,56.149931519999996,0.37449971199999954,-37.500004223999994,1.188000384,3072
1.9750000000000001e-07,56.149931519999996,0.4369997055999999,-39.06250432,1.1255003904,3072
1.98e-07,56.149931519999996,0.4369997055999999,-37.500004223999994,1.1255003904,3072
1.985e-07,62.399930880000056,0.4994996991999998,-39.06250432,1.188000384,3072
1.9900000000000002e-07,56.149931519999996,0.4994996991999998,-40.625004415999996,1.188000384,3072
1.995e-07,62.399930880000056,0.4994996991999998,-39.06250432,1.1255003904,3072
2.0000000000000002e-07,56.149931519999996,0.5619996927999997,-39.06250432,1.1255003904,19456
2.005e-07,62.399930880000056,0.5619996927999997,-40.625004415999996,1.188000384,19456
2.01e-07,56.149931519999996,0.5619996927999997,-40.625004415999996,1.1255003904,19456
2.0150000000000002e-07,56.149931519999996,0.5619996927999997,-40.625004415999996,1.1255003904,19456
2.02e-07,56.149931519999996,0.5619996927999997,-37.500004223999994,1.1255003904,19456
2.0250000000000002e-07,56.149931519999996,0.6244996863999996,-39.06250432,1.188000384,19456
2.03e-07,56.149931519999996,0.5619996927999997,-39.06250432,1.188000384,19456
2.0350000000000002e-07,49.89993216000005,0.6244996863999996,-40.625004415999996,1.188000384,19456
2.04e-07,49.89993216000005,0.6869996799999996,-39.06250432,1.1255003904,19456
2.045e-07,43.64993279999999,0.6244996863999996,-39.06250432,1.188000384,19456
2.0500000000000002e-07,49.89993216000005,0.6244996863999996,-39.06250432,1.188000384,19456
2.055e-07,43.64993279999999,0.6869996799999996,-39.06250432,1.1255003904,19456
2.0600000000000002e-07,49.89993216000005,0.7494996735999999,-35.937504128,1.1255003904,19456
2.065e-07,49.89993216000005,0.6869996799999996,-37.500004223999994,1.1255003904,19456
2.0700000000000001e-07,37.39993344000004,0.7494996735999999,-37.500004223999994,1.1255003904,19456
2.0750000000000003e-07,43.64993279999999,0.7494996735999999,-35.937504128,1.1255003904,19456
2.08e-07,37.39993344000004,0.8119996671999998,-34.37500403199999,1.0630003967999997,19456
2.0850000000000002e-07,43.64993279999999,0.8119996671999998,-35.937504128,1.0630003967999997,19456
2.09e-07,31.14993407999998,0.8119996671999998,-37.500004223999994,1.0630003967999997,19456
2.0950000000000002e-07,24.899934720000033,0.8119996671999998,-39.06250432,1.0630003967999997,19456
2.1e-07,18.649935359999972,0.7494996735999999,-37.500004223999994,1.0630003967999997,19456
2.105e-07,24.899934720000033,0.8119996671999998,-37.500004223999994,1.0630003967999997,19456
2.1100000000000002e-07,24.899934720000033,0.8119996671999998,-39.06250432,1.0005004031999998,19456
2.115e-07,12.399936000000025,0.8119996671999998,-39.06250432,1.0005004031999998,19456
2.1200000000000002e-07,18.649935359999972,0.8744996607999997,-39.06250432,1.0005004031999998,19456
2.125e-07,18.649935359999972,0.8744996607999997,-39.06250432,1.0630003967999997,19456
2.1300000000000001e-07,12.399936000000025,0.8119996671999998,-39.06250432,1.0005004031999998,19456
2.1350000000000003e-07,12.399936000000025,0.8744996607999997,-39.06250432,1.0005004031999998,19456
2.14e-07,12.399936000000025,0.9369996543999997,-35.937504128,0.9380004095999999,19456
2.1450000000000002e-07,12.399936000000025,0.8744996607999997,-37.500004223999994,0.9380004095999999,19456
2.15e-07,-0.10006271999998262,0.8744996607999997,-39.06250432,0.8755004159999995,19456
2.1550000000000002e-07,-0.10006271999998262,0.8744996607999997,-39.06250432,0.8755004159999995,19456
2.16e-07,-0.10006271999998262,0.8744996607999997,-37.500004223999994,0.8130004224,19456
2.165e-07,-0.10006271999998262,0.9369996543999997,-39.06250432,0.8130004224,19456
2.1700000000000002e-07,-6.350062080000043,0.8744996607999997,-37.500004223999994,0.8130004224,19456
2.175e-07,-6.350062080000043,0.8744996607999997,-37.500004223999994,0.8130004224,19456
2.1800000000000002e-07,-12.60006143999999,0.8744996607999997,-34.37500403199999,0.8130004224,19456
2.185e-07,-12.60006143999999,0.8744996607999997,-35.937504128,0.7505004287999997,19456
2.1900000000000002e-07,-6.350062080000043,0.8744996607999997,-35.937504128,0.7505004287999997,19456
2.1950000000000003e-07,-18.850060799999937,0.9369996543999997,-35.937504128,0.7505004287999997,19456
2.2e-07,-12.60006143999999,0.9994996479999996,-34.37500403199999,0.6880004352000002,19456
2.2050000000000002e-07,-6.350062080000043,0.8744996607999997,-34.37500403199999,0.6880004352000002,19456
2.21e-07,-18.850060799999937,0.9369996543999997,-34.37500403199999,0.6255004415999998,19456
2.2150000000000002e-07,-25.100060159999998,0.9369996543999997,-34.37500403199999,0.6255004415999998,19456
2.22e-07,-25.100060159999998,0.9369996543999997,-32.812503936,0.6255004415999998,19456
2.2250000000000001e-07,-25.100060159999998,0.8744996607999997,-34.37500403199999,0.5630004479999995,18432
2.2300000000000002e-07,-25.100060159999998,0.8744996607999997,-34.37500403199999,0.6255004415999998,18432
2.235e-07,-25.100060159999998,0.9369996543999997,-34.37500403199999,0.5630004479999995,18432
2.2400000000000002e-07,-18.850060799999937,0.8744996607999997,-35.937504128,0.43800046079999966,18432
2.245e-07,-25.100060159999998,0.8744996607999997,-34.37500403199999,0.43800046079999966,16384
2.2500000000000002e-07,-25.100060159999998,0.9369996543999997,-35.937504128,0.43800046079999966,16384
2.255e-07,-31.350059519999945,0.8744996607999997,-37.500004223999994,0.43800046079999966,16384
2.26e-07,-37.600058880000006,0.8744996607999997,-34.37500403199999,0.3755004672000002,16384
2.2650000000000002e-07,-37.600058880000006,0.8744996607999997,-35.937504128,0.3755004672000002,16384
2.27e-07,-25.100060159999998,0.8744996607999997,-35.937504128,0.3755004672000002,16384
2.2750000000000002e-07,-43.85005823999995,0.8744996607999997,-37.500004223999994,0.31300047359999983,16384
2.28e-07,-43.85005823999995,0.8744996607999997,-35.937504128,0.25050047999999947,16384
2.2850000000000001e-07,-37.600058880000006,0.8119996671999998,-37.500004223999994,0.25050047999999947,16384
2.2900000000000003e-07,-37.600058880000006,0.8119996671999998,-34.37500403199999,0.31300047359999983,16384
2.295e-07,-37.600058880000006,0.8744996607999997,-35.937504128,0.25050047999999947,16384
2.3000000000000002e-07,-37.600058880000006,0.8119996671999998,-31.250003839999998,0.1880004864,16384
2.305e-07,-43.85005823999995,0.8119996671999998,-31.250003839999998,0.1880004864,16384
2.3100000000000002e-07,-43.85005823999995,0.8119996671999998,-29.687503743999997,0.12550049279999964,16384
2.315e-07,-50.100057600000014,0.8744996607999997,-28.125003647999996,0.12550049279999964,16384
2.32e-07,-56.35005695999996,0.8119996671999998,-25.000003456,0.12550049279999964,16384
2.3250000000000002e-07,-50.100057600000014,0.7494996735999999,-25.000003456,0.06300049920000017,16384
2.33e-07,-56.35005695999996,0.7494996735999999,-23.43750336,0.000500505599999812,16384
2.3350000000000002e-07,-50.100057600000014,0.7494996735999999,-23.43750336,-0.06199948800000055,16384
2.34e-07,-56.35005695999996,0.6869996799999996,-18.750003072,0.000500505599999812,16384
2.3450000000000002e-07,-62.60005632000002,0.7494996735999999,-18.750003072,0.000500505599999812,16384
2.3500000000000003e-07,-56.35005695999996,0.6869996799999996,-14.062502783999996,-0.06199948800000055,16384
2.355e-07,-68.85005567999997,0.6869996799999996,-14.062502783999996,-0.12449948160000002,16384
2.3600000000000002e-07,-62.60005632000002,0.7494996735999999,-10.937502592000001,-0.12449948160000002,16384
2.365e-07,-62.60005632000002,0.6869996799999996,-7.8125024,-0.12449948160000002,16384
2.3700000000000002e-07,-62.60005632000002,0.6244996863999996,-6.250002303999999,-0.12449948160000002,16384
2.375e-07,-68.85005567999997,0.6244996863999996,-3.125002111999997,-0.18699947520000038,16384
2.3800000000000001e-07,-75.10005504000003,0.6244996863999996,1.5624981760000018,-0.18699947520000038,16384
2.385e-07,-68.85005567999997,0.5619996927999997,3.124998271999999,-0.24949946879999985,16384
2.39e-07,-75.10005504000003,0.6244996863999996,6.249998464000001,-0.24949946879999985,16384
2.395e-07,-75.10005504000003,0.5619996927999997,9.374998656000002,-0.3119994624000002,16384
2.4000000000000003e-07,-75.10005504000003,0.5619996927999997,12.499998848,-0.3744994559999997,16384
2.405e-07,-75.10005504000003,0.5619996927999997,14.062498944000001,-0.3744994559999997,16384
2.41e-07,-75.10005504000003,0.4994996991999998,17.187499136,-0.3744994559999997,16384
2.4150000000000004e-07,-81.35005439999998,0.4994996991999998,18.749999232,-0.3744994559999997,16384
2.42e-07,-81.35005439999998,0.4994996991999998,24.999999616,-0.43699944960000003,16384
2.425e-07,-75.10005504000003,0.4994996991999998,26.562499712,-0.43699944960000003,16384
2.43e-07,-75.10005504000003,0.4994996991999998,29.687499904,-0.4994994432000004,16384
2.4350000000000003e-07,-81.35005439999998,0.4369997055999999,29.687499904,-0.4994994432000004,16384
2.44e-07,-81.35005439999998,0.4994996991999998,32.812500096,-0.4994994432000004,16384
2.445e-07,-81.35005439999998,0.37449971199999954,35.937500288,-0.4994994432000004,16384
2.4500000000000004e-07,-81.35005439999998,0.37449971199999954,37.500000384,-0.5619994367999999,16384
2.455e-07,-81.35005439999998,0.4369997055999999,35.937500288,-0.5619994367999999,0
2.46e-07,-81.35005439999998,0.4369997055999999,40.625000576,-0.5619994367999999,0
2.465e-07,-75.10005504000003,0.37449971199999954,40.625000576,-0.6244994304000002,0
2.4700000000000003e-07,-81.35005439999998,0.37449971199999954,39.06250048,-0.6244994304000002,0
2.475e-07,-81.35005439999998,0.37449971199999954,40.625000576,-0.6244994304000002,0
2.48e-07,-87.60005376000004,0.37449971199999954,40.625000576,-0.6869994239999997,0
2.4850000000000003e-07,-81.35005439999998,0.3119997183999996,39.06250048,-0.7494994176,0
2.49e-07,-81.35005439999998,0.2494997247999997,39.06250048,-0.7494994176,256
2.495e-07,-87.60005376000004,0.3119997183999996,35.937500288,-0.8119994112000004,256
2.5000000000000004e-07,-87.60005376000004,0.1869997311999998,39.06250048,-0.8119994112000004,256
2.505e-07,-93.85005311999998,0.2494997247999997,35.937500288,-0.8744994047999999,256
2.51e-07,-81.35005439999998,0.2494997247999997,35.937500288,-0.8119994112000004,768
2.515e-07,-100.10005248000004,0.1869997311999998,34.375000192,-0.8119994112000004,768
2.5200000000000003e-07,-93.85005311999998,0.2494997247999997,34.375000192,-0.8119994112000004,768
2.525e-07,-100.10005248000004,0.12449973759999988,34.375000192,-0.8119994112000004,768
2.53e-07,-93.85005311999998,0.1869997311999998,34.375000192,-0.8744994047999999,768
2.5350000000000004e-07,-93.85005311999998,0.1869997311999998,34.375000192,-0.8744994047999999,768
2.54e-07,-106.35005183999999,0.1869997311999998,37.500000384,-0.9369993984000002,768
2.545e-07,-106.35005183999999,0.12449973759999988,35.937500288,-0.9369993984000002,768
2.55e-07,-106.35005183999999,0.06199974399999997,34.375000192,-0.8744994047999999,768
2.5550000000000003e-07,-106.35005183999999,0.06199974399999997,37.500000384,-0.8744994047999999,768
2.56e-07,-112.6000512,0.06199974399999997,37.500000384,-0.9369993984000002,768
2.565e-07,-112.6000512,0.06199974399999997,37.500000384,-0.9994993919999997,768
2.5700000000000004e-07,-112.6000512,0.06199974399999997,37.500000384,-0.9994993919999997,768
2.575e-07,-118.85005056,-0.0005002496000003909,35.937500288,-0.9994993919999997,768
2.58e-07,-125.10004992,-0.0630002432000003,39.06250048,-0.9994993919999997,768
2.585e-07,-125.10004992,-0.0630002432000003,37.500000384,-0.9994993919999997,768
2.5900000000000003e-07,-125.10004992,-0.12550023680000022,39.06250048,-1.0619993856,768
2.595e-07,-131.35004928,-0.12550023680000022,37.500000384,-1.0619993856,768
2.6e-07,-125.10004992,-0.12550023680000022,37.500000384,-1.0619993856,768
2.6050000000000004e-07,-131.35004928,-0.12550023680000022,37.500000384,-1.0619993856,768
2.61e-07,-131.35004928,-0.12550023680000022,37.500000384,-1.0619993856,768
2.615e-07,-131.35004928,-0.12550023680000022,35.937500288,-1.1244993792000004,768
2.62e-07,-137.60004864,-0.18800023040000013,39.06250048,-1.1244993792000004,768
2.6250000000000003e-07,-143.85004800000002,-0.18800023040000013,39.06250048,-1.1244993792000004,768
2.63e-07,-143.85004800000002,-0.25050022400000005,37.500000384,-1.1244993792000004,768
2.635e-07,-137.60004864,-0.25050022400000005,37.500000384,-1.0619993856,768
2.6400000000000003e-07,-143.85004800000002,-0.18800023040000013,37.500000384,-1.1244993792000004,768
2.645e-07,-143.85004800000002,-0.3130002176000004,35.937500288,-1.1244993792000004,768
2.65e-07,-150.10004736000002,-0.25050022400000005,35.937500288,-1.1869993728,768
2.6550000000000004e-07,-156.35004672000002,-0.3755002112000003,32.812500096,-1.1869993728,768
2.66e-07,-156.35004672000002,-0.3130002176000004,35.937500288,-1.1869993728,768
2.665e-07,-156.35004672000002,-0.3755002112000003,34.375000192,-1.2494993664000003,768
2.67e-07,-150.10004736000002,-0.3755002112000003,35.937500288,-1.1869993728,768
2.6750000000000003e-07,-162.60004607999997,-0.43800020480000024,35.937500288,-1.1869993728,768
2.68e-07,-156.35004672000002,-0.43800020480000024,34.375000192,-1.2494993664000003,768
2.685e-07,-156.35004672000002,-0.43800020480000024,34.375000192,-1.2494993664000003,768
2.6900000000000004e-07,-162.60004607999997,-0.5005001984000002,34.375000192,-1.1869993728,768
2.695e-07,-156.35004672000002,-0.43800020480000024,34.375000192,-1.2494993664000003,768
2.7e-07,-150.10004736000002,-0.5005001984000002,37.500000384,-1.2494993664000003,768
2.705e-07,-150.10004736000002,-0.5630001920000003,34.375000192,-1.2494993664000003,768
2.7100000000000003e-07,-156.35004672000002,-0.5630001920000003,34.375000192,-1.1869993728,768
2.715e-07,-156.35004672000002,-0.5630001920000003,35.937500288,-1.1869993728,768
2.72e-07,-156.35004672000002,-0.6255001856000002,37.500000384,-1.2494993664000003,768
2.7250000000000004e-07,-156.35004672000002,-0.6255001856000002,35.937500288,-1.2494993664000003,768
2.73e-07,-156.35004672000002,-0.5630001920000003,35.937500288,-1.2494993664000003,768
2.735e-07,-162.60004607999997,-0.6255001856000002,34.375000192,-1.2494993664000003,768
2.74e-07,-156.35004672000002,-0.6880001792000003,35.937500288,-1.2494993664000003,8960
2.7450000000000003e-07,-156.35004672000002,-0.6255001856000002,34.375000192,-1.2494993664000003,8960
2.75e-07,-150.10004736000002,-0.6880001792000003,37.500000384,-1.2494993664000003,8960
2.755e-07,-156.35004672000002,-0.6880001792000003,35.937500288,-1.2494993664000003,8960
2.7600000000000004e-07,-150.10004736000002,-0.7505001728000003,32.812500096,-1.2494993664000003,8960
2.765e-07,-150.10004736000002,-0.7505001728000003,34.375000192,-1.1869993728,8960
2.77e-07,-143.85004800000002,-0.7505001728000003,34.375000192,-1.1869993728,8960
2.7750000000000004e-07,-150.10004736000002,-0.8130001664000002,31.25,-1.1869993728,8960
2.7800000000000003e-07,-150.10004736000002,-0.8130001664000002,35.937500288,-1.1869993728,8960
2.785e-07,-150.10004736000002,-0.8130001664000002,34.375000192,-1.1869993728,8960
2.79e-07,-150.10004736000002,-0.8755001600000003,32.812500096,-1.1869993728,8960
2.7950000000000003e-07,-143.85004800000002,-0.8755001600000003,35.937500288,-1.1244993792000004,8960
2.8e-07,-143.85004800000002,-0.8755001600000003,34.375000192,-1.1869993728,8960
2.805e-07,-137.60004864,-0.8755001600000003,32.812500096,-1.1869993728,8960
2.8100000000000004e-07,-143.85004800000002,-0.8755001600000003,34.375000192,-1.1869993728,8960
2.815e-07,-143.85004800000002,-0.8755001600000003,32.812500096,-1.1869993728,8960
2.82e-07,-137.60004864,-0.9380001536000002,35.937500288,-1.1244993792000004,8960
2.825e-07,-137.60004864,-0.9380001536000002,32.812500096,-1.1244993792000004,8960
2.8300000000000003e-07,-125.10004992,-0.9380001536000002,34.375000192,-1.0619993856,8960
2.835e-07,-137.60004864,-0.9380001536000002,32.812500096,-1.1244993792000004,8960
2.84e-07,-125.10004992,-0.8755001600000003,34.375000192,-1.1244993792000004,8960
2.8450000000000004e-07,-125.10004992,-0.9380001536000002,35.937500288,-1.1244993792000004,8960
2.85e-07,-125.10004992,-1.0005001472000001,35.937500288,-1.0619993856,8960
2.855e-07,-125.10004992,-1.0005001472000001,35.937500288,-1.0619993856,8960
2.86e-07,-118.85005056,-1.0005001472000001,39.06250048,-1.0619993856,8960
2.8650000000000003e-07,-106.35005183999999,-1.0005001472000001,35.937500288,-1.0619993856,8960
2.87e-07,-118.85005056,-1.0005001472000001,34.375000192,-1.0619993856,8960
2.875e-07,-112.6000512,-1.0005001472000001,35.937500288,-0.9994993919999997,8960
2.8800000000000004e-07,-112.6000512,-1.0630001408000003,35.937500288,-0.9994993919999997,8960
2.885e-07,-112.6000512,-1.0630001408000003,32.812500096,-0.9994993919999997,8960
2.89e-07,-112.6000512,-1.0005001472000001,32.812500096,-0.9369993984000002,8960
2.895e-07,-100.10005248000004,-1.0005001472000001,31.25,-0.9369993984000002,8960
2.9000000000000003e-07,-100.10005248000004,-1.0005001472000001,32.812500096,-0.9369993984000002,8960
2.905e-07,-100.10005248000004,-1.0630001408000003,31.25,-0.8744994047999999,8960
2.91e-07,-93.85005311999998,-1.0630001408000003,31.25,-0.8744994047999999,8960
2.9150000000000004e-07,-100.10005248000004,-1.0630001408000003,29.687499904,-0.8744994047999999,8960
2.92e-07,-93.85005311999998,-1.0005001472000001,31.25,-0.8119994112000004,8960
2.925e-07,-87.60005376000004,-1.0630001408000003,29.687499904,-0.8119994112000004,8960
2.9300000000000004e-07,-87.60005376000004,-1.0630001408000003,31.25,-0.7494994176,8960
2.9350000000000003e-07,-87.60005376000004,-1.0630001408000003,29.687499904,-0.7494994176,8960
2.94e-07,-87.60005376000004,-1.0630001408000003,31.25,-0.7494994176,8960
2.945e-07,-81.35005439999998,-1.0630001408000003,29.687499904,-0.6869994239999997,8960
2.9500000000000003e-07,-81.35005439999998,-1.0630001408000003,29.687499904,-0.6869994239999997,8960
2.955e-07,-87.60005376000004,-1.0630001408000003,31.25,-0.6244994304000002,8960
2.96e-07,-81.35005439999998,-1.1255001344000002,31.25,-0.6869994239999997,8960
2.9650000000000004e-07,-75.10005504000003,-1.0630001408000003,28.124999808,-0.6869994239999997,8960
2.97e-07,-75.10005504000003,-1.0630001408000003,29.687499904,-0.5619994367999999,8960
2.975e-07,-81.35005439999998,-1.0630001408000003,31.25,-0.6244994304000002,8704
2.98e-07,-81.35005439999998,-1.1255001344000002,32.812500096,-0.6244994304000002,8704
2.9850000000000003e-07,-75.10005504000003,-1.0630001408000003,31.25,-0.5619994367999999,8192
2.99e-07,-68.85005567999997,-1.0005001472000001,32.812500096,-0.4994994432000004,8192
2.995e-07,-81.35005439999998,-1.0630001408000003,31.25,-0.4994994432000004,8192
3.0000000000000004e-07,-75.10005504000003,-1.0630001408000003,32.812500096,-0.43699944960000003,8192
3.005e-07,-75.10005504000003,-1.0630001408000003,31.25,-0.43699944960000003,8192
3.01e-07,-68.85005567999997,-1.0630001408000003,32.812500096,-0.3744994559999997,8192
3.015e-07,-68.85005567999997,-1.0005001472000001,31.25,-0.3744994559999997,8192
3.0200000000000003e-07,-68.85005567999997,-0.9380001536000002,32.812500096,-0.3119994624000002,8192
3.025e-07,-68.85005567999997,-1.0005001472000001,29.687499904,-0.3119994624000002,8192
3.03e-07,-62.60005632000002,-1.0630001408000003,29.687499904,-0.3119994624000002,8192
3.0350000000000004e-07,-56.35005695999996,-1.0005001472000001,29.687499904,-0.24949946879999985,8192
3.04e-07,-56.35005695999996,-0.9380001536000002,28.124999808,-0.24949946879999985,8192
3.045e-07,-56.35005695999996,-1.0005001472000001,24.999999616,-0.24949946879999985,8192
3.0500000000000004e-07,-56.35005695999996,-0.8755001600000003,26.562499712,-0.18699947520000038,8192
3.0550000000000003e-07,-56.35005695999996,-0.8755001600000003,23.43749952,-0.24949946879999985,8192
3.06e-07,-50.100057600000014,-0.9380001536000002,23.43749952,-0.18699947520000038,8192
3.065e-07,-50.100057600000014,-0.8755001600000003,20.312499328,-0.06199948800000055,8192
3.0700000000000004e-07,-43.85005823999995,-0.8755001600000003,20.312499328,-0.12449948160000002,8192
3.075e-07,-43.85005823999995,-0.9380001536000002,17.187499136,-0.06199948800000055,8192
3.08e-07,-37.600058880000006,-0.9380001536000002,15.62499904,-0.06199948800000055,8192
3.0850000000000004e-07,-37.600058880000006,-0.9380001536000002,12.499998848,0.000500505599999812,8192
3.0900000000000003e-07,-37.600058880000006,-0.8755001600000003,10.937498752,0.06300049920000017,8192
3.095e-07,-37.600058880000006,-0.8755001600000003,9.374998656000002,0.000500505599999812,8192
3.1e-07,-37.600058880000006,-0.8130001664000002,7.812498560000002,0.06300049920000017,8192
3.1050000000000003e-07,-37.600058880000006,-0.8755001600000003,4.687498368,0.06300049920000017,8192
3.11e-07,-31.350059519999945,-0.8130001664000002,1.5624981760000018,0.12550049279999964,8192
3.115e-07,-25.100060159999998,-0.7505001728000003,1.5624981760000018,0.1880004864,8192
3.1200000000000004e-07,-31.350059519999945,-0.7505001728000003,-1.9199999989893968e-06,0.12550049279999964,8192
3.125e-07,-31.350059519999945,-0.7505001728000003,-6.250002303999999,0.12550049279999964,8192
3.13e-07,-31.350059519999945,-0.7505001728000003,-9.375002496,0.1880004864,8192
3.135e-07,-25.100060159999998,-0.7505001728000003,-14.062502783999996,0.1880004864,8192
3.1400000000000003e-07,-25.100060159999998,-0.7505001728000003,-14.062502783999996,0.25050047999999947,8192
3.145e-07,-25.100060159999998,-0.6880001792000003,-18.750003072,0.31300047359999983,8192
3.15e-07,-25.100060159999998,-0.7505001728000003,-20.312503168,0.3755004672000002,8192
3.1550000000000004e-07,-31.350059519999945,-0.6880001792000003,-26.562503551999995,0.3755004672000002,8192
3.16e-07,-25.100060159999998,-0.6255001856000002,-26.562503551999995,0.3755004672000002,8192
3.165e-07,-25.100060159999998,-0.6255001856000002,-29.687503743999997,0.3755004672000002,8192
3.1700000000000005e-07,-18.850060799999937,-0.6255001856000002,-32.812503936,0.43800046079999966,8192
3.1750000000000003e-07,-18.850060799999937,-0.5630001920000003,-39.06250432,0.43800046079999966,8192
3.18e-07,-18.850060799999937,-0.5630001920000003,-35.937504128,0.5005004544,8192
3.185e-07,-18.850060799999937,-0.6255001856000002,-39.06250432,0.5005004544,8192
3.1900000000000004e-07,-25.100060159999998,-0.5630001920000003,-42.187504512000004,0.5630004479999995,8192
3.195e-07,-25.100060159999998,-0.5005001984000002,-42.187504512000004,0.5630004479999995,0
3.2e-07,-18.850060799999937,-0.5005001984000002,-42.187504512000004,0.5630004479999995,0
3.2050000000000004e-07,-18.850060799999937,-0.5005001984000002,-43.750004608,0.5630004479999995,0
3.2100000000000003e-07,-18.850060799999937,-0.43800020480000024,-45.31250470399999,0.6255004415999998,1024
3.215e-07,-12.60006143999999,-0.43800020480000024,-43.750004608,0.6255004415999998,1024
3.22e-07,-12.60006143999999,-0.43800020480000024,-42.187504512000004,0.6255004415999998,1024
3.2250000000000004e-07,-6.350062080000043,-0.3755002112000003,-42.187504512000004,0.6880004352000002,1024
3.23e-07,-6.350062080000043,-0.43800020480000024,-40.625004415999996,0.6880004352000002,1024
3.235e-07,-12.60006143999999,-0.3755002112000003,-42.187504512000004,0.6880004352000002,1024
3.2400000000000004e-07,-6.350062080000043,-0.3755002112000003,-39.06250432,0.7505004287999997,3072
3.2450000000000003e-07,-12.60006143999999,-0.3755002112000003,-39.06250432,0.8130004224,3072
3.25e-07,-6.350062080000043,-0.3755002112000003,-37.500004223999994,0.7505004287999997,3072
3.255e-07,-6.350062080000043,-0.25050022400000005,-37.500004223999994,0.8130004224,3072
3.2600000000000003e-07,-6.350062080000043,-0.25050022400000005,-35.937504128,0.8130004224,3072
3.265e-07,6.149936639999964,-0.3130002176000004,-35.937504128,0.7505004287999997,3072
3.27e-07,-0.10006271999998262,-0.25050022400000005,-37.500004223999994,0.8130004224,3072
3.2750000000000004e-07,-0.10006271999998262,-0.25050022400000005,-37.500004223999994,0.8755004159999995,3072
3.28e-07,-0.10006271999998262,-0.18800023040000013,-35.937504128,0.8130004224,3072
3.285e-07,-0.10006271999998262,-0.25050022400000005,-39.06250432,0.8755004159999995,3072
3.29e-07,-0.10006271999998262,-0.18800023040000013,-39.06250432,0.8755004159999995,3072
3.2950000000000003e-07,-0.10006271999998262,-0.25050022400000005,-40.625004415999996,0.8755004159999995,3072
3.3e-07,6.149936639999964,-0.18800023040000013,-37.500004223999994,0.9380004095999999,3072
3.305e-07,6.149936639999964,-0.12550023680000022,-42.187504512000004,0.9380004095999999,3072
3.3100000000000004e-07,18.649935359999972,-0.18800023040000013,-42.187504512000004,0.9380004095999999,11264
3.315e-07,12.399936000000025,-0.12550023680000022,-42.187504512000004,0.9380004095999999,11264
3.32e-07,18.649935359999972,-0.0630002432000003,-40.625004415999996,0.9380004095999999,3072
3.3250000000000005e-07,24.899934720000033,-0.0630002432000003,-43.750004608,1.0005004031999998,3072
3.3300000000000003e-07,31.14993407999998,-0.12550023680000022,-43.750004608,1.0630003967999997,3072
3.335e-07,24.899934720000033,-0.0005002496000003909,-45.31250470399999,1.0005004031999998,3072
3.34e-07,31.14993407999998,-0.0005002496000003909,-43.750004608,1.0005004031999998,3072
3.3450000000000004e-07,31.14993407999998,-0.0005002496000003909,-43.750004608,1.0630003967999997,3072
3.35e-07,31.14993407999998,-0.0005002496000003909,-43.750004608,1.0630003967999997,11264
3.355e-07,37.39993344000004,0.06199974399999997,-42.187504512000004,1.0630003967999997,11264
3.3600000000000004e-07,37.39993344000004,0.12449973759999988,-40.625004415999996,1.0005004031999998,11264
3.3650000000000003e-07,43.64993279999999,0.12449973759999988,-42.187504512000004,1.0630003967999997,11264
3.37e-07,43.64993279999999,0.12449973759999988,-40.625004415999996,1.0630003967999997,11264
3.375e-07,43.64993279999999,0.06199974399999997,-40.625004415999996,1.0630003967999997,3072
3.3800000000000004e-07,49.89993216000005,0.12449973759999988,-37.500004223999994,1.1255003904,3072
3.385e-07,49.89993216000005,0.1869997311999998,-39.06250432,1.1255003904,3072
3.39e-07,49.89993216000005,0.2494997247999997,-37.500004223999994,1.1255003904,11264
3.3950000000000004e-07,43.64993279999999,0.1869997311999998,-39.06250432,1.188000384,11264
3.4000000000000003e-07,56.149931519999996,0.2494997247999997,-37.500004223999994,1.1255003904,11264
3.405e-07,56.149931519999996,0.2494997247999997,-37.500004223999994,1.188000384,3072
3.41e-07,56.149931519999996,0.2494997247999997,-35.937504128,1.188000384,3072
3.4150000000000003e-07,56.149931519999996,0.3119997183999996,-37.500004223999994,1.188000384,3072
3.42e-07,62.399930880000056,0.3119997183999996,-34.37500403199999,1.188000384,3072
3.425e-07,62.399930880000056,0.37449971199999954,-35.937504128,1.188000384,3072
3.4300000000000004e-07,49.89993216000005,0.37449971199999954,-37.500004223999994,1.188000384,3072
3.435e-07,56.149931519999996,0.37449971199999954,-35.937504128,1.1255003904,3072
3.44e-07,49.89993216000005,0.37449971199999954,-35.937504128,1.1255003904,3072
3.4450000000000005e-07,62.399930880000056,0.4369997055999999,-39.06250432,1.1255003904,3072
3.4500000000000003e-07,56.149931519999996,0.4369997055999999,-39.06250432,1.188000384,3072
3.455e-07,56.149931519999996,0.4369997055999999,-39.06250432,1.1255003904,3072
3.46e-07,56.149931519999996,0.4369997055999999,-37.500004223999994,1.1255003904,3072
3.4650000000000004e-07,49.89993216000005,0.4994996991999998,-40.625004415999996,1.188000384,3072
3.47e-07,56.149931519999996,0.4994996991999998,-40.625004415999996,1.1255003904,3072
3.475e-07,49.89993216000005,0.4994996991999998,-40.625004415999996,1.1255003904,3072
3.4800000000000005e-07,56.149931519999996,0.6244996863999996,-37.500004223999994,1.1255003904,19456
3.4850000000000003e-07,49.89993216000005,0.5619996927999997,-39.06250432,1.1255003904,19456
3.49e-07,56.149931519999996,0.5619996927999997,-39.06250432,1.188000384,19456
3.495e-07,49.89993216000005,0.6244996863999996,-40.625004415999996,1.188000384,19456
3.5000000000000004e-07,49.89993216000005,0.6244996863999996,-35.937504128,1.1255003904,19456
3.505e-07,49.89993216000005,0.5619996927999997,-37.500004223999994,1.1255003904,19456
3.51e-07,49.89993216000005,0.6244996863999996,-39.06250432,1.188000384,19456
3.5150000000000004e-07,49.89993216000005,0.6869996799999996,-37.500004223999994,1.188000384,19456
3.5200000000000003e-07,43.64993279999999,0.6869996799999996,-35.937504128,1.1255003904,19456
3.525e-07,49.89993216000005,0.7494996735999999,-37.500004223999994,1.0630003967999997,19456
3.53e-07,43.64993279999999,0.7494996735999999,-37.500004223999994,1.1255003904,19456
3.5350000000000004e-07,37.39993344000004,0.7494996735999999,-37.500004223999994,1.0630003967999997,19456
3.54e-07,37.39993344000004,0.6869996799999996,-34.37500403199999,1.1255003904,19456
3.545e-07,43.64993279999999,0.7494996735999999,-37.500004223999994,1.1255003904,19456
3.5500000000000004e-07,49.89993216000005,0.7494996735999999,-35.937504128,1.1255003904,19456
3.5550000000000003e-07,37.39993344000004,0.7494996735999999,-37.500004223999994,1.0630003967999997,19456
3.56e-07,37.39993344000004,0.8744996607999997,-35.937504128,1.0005004031999998,19456
3.565e-07,37.39993344000004,0.8119996671999998,-37.500004223999994,1.0630003967999997,19456
3.5700000000000003e-07,37.39993344000004,0.8119996671999998,-37.500004223999994,1.0630003967999997,19456
3.575e-07,31.14993407999998,0.8744996607999997,-37.500004223999994,1.0005004031999998,19456
3.58e-07,31.14993407999998,0.8119996671999998,-34.37500403199999,1.0630003967999997,19456
3.5850000000000004e-07,31.14993407999998,0.8119996671999998,-35.937504128,1.0005004031999998,19456
3.59e-07,24.899934720000033,0.8119996671999998,-37.500004223999994,1.0630003967999997,19456
3.595e-07,24.899934720000033,0.8119996671999998,-39.06250432,1.0630003967999997,19456
3.6000000000000005e-07,18.649935359999972,0.8744996607999997,-39.06250432,0.9380004095999999,19456
3.6050000000000003e-07,18.649935359999972,0.8744996607999997,-40.625004415999996,1.0005004031999998,19456
3.61e-07,18.649935359999972,0.8744996607999997,-39.06250432,0.9380004095999999,19456
3.615e-07,18.649935359999972,0.8744996607999997,-39.06250432,0.9380004095999999,19456
3.6200000000000004e-07,12.399936000000025,0.8744996607999997,-37.500004223999994,0.9380004095999999,19456
3.625e-07,6.149936639999964,0.9369996543999997,-39.06250432,0.9380004095999999,19456
3.63e-07,12.399936000000025,0.8119996671999998,-37.500004223999994,0.8755004159999995,19456
3.6350000000000005e-07,-6.350062080000043,0.8744996607999997,-37.500004223999994,0.8755004159999995,19456
3.6400000000000003e-07,-0.10006271999998262,0.9369996543999997,-37.500004223999994,0.8130004224,19456
3.645e-07,-0.10006271999998262,0.9369996543999997,-37.500004223999994,0.8130004224,19456
3.65e-07,-6.350062080000043,0.8744996607999997,-37.500004223999994,0.8130004224,19456
3.6550000000000004e-07,-6.350062080000043,0.9369996543999997,-37.500004223999994,0.7505004287999997,19456
3.66e-07,-12.60006143999999,0.9369996543999997,-34.37500403199999,0.8130004224,19456
3.665e-07,-12.60006143999999,0.9369996543999997,-34.37500403199999,0.6880004352000002,19456
3.6700000000000004e-07,-12.60006143999999,0.8744996607999997,-32.812503936,0.6880004352000002,19456
3.6750000000000003e-07,-12.60006143999999,0.9369996543999997,-32.812503936,0.7505004287999997,19456
3.68e-07,-18.850060799999937,0.9369996543999997,-32.812503936,0.6255004415999998,19456
3.685e-07,-18.850060799999937,0.9369996543999997,-35.937504128,0.6255004415999998,19456
3.6900000000000004e-07,-18.850060799999937,0.9369996543999997,-34.37500403199999,0.6255004415999998,19456
3.695e-07,-25.100060159999998,0.8744996607999997,-34.37500403199999,0.5630004479999995,18432
3.7e-07,-25.100060159999998,0.8744996607999997,-32.812503936,0.6255004415999998,18432
3.7050000000000004e-07,-25.100060159999998,0.8744996607999997,-34.37500403199999,0.5630004479999995,18432
3.7100000000000003e-07,-25.100060159999998,0.8744996607999997,-34.37500403199999,0.5005004544,18432
3.715e-07,-25.100060159999998,0.8744996607999997,-35.937504128,0.5005004544,18432
3.7200000000000005e-07,-18.850060799999937,0.9369996543999997,-34.37500403199999,0.43800046079999966,18432
3.7250000000000003e-07,-25.100060159999998,0.8119996671999998,-35.937504128,0.43800046079999966,16384
3.73e-07,-31.350059519999945,0.8744996607999997,-35.937504128,0.5005004544,16384
3.735e-07,-31.350059519999945,0.8744996607999997,-37.500004223999994,0.43800046079999966,16384
3.7400000000000004e-07,-37.600058880000006,0.8744996607999997,-35.937504128,0.43800046079999966,16384
3.745e-07,-31.350059519999945,0.8744996607999997,-37.500004223999994,0.3755004672000002,16384
3.75e-07,-37.600058880000006,0.8119996671999998,-35.937504128,0.3755004672000002,16384
3.7550000000000005e-07,-37.600058880000006,0.8119996671999998,-34.37500403199999,0.3755004672000002,16384
3.7600000000000003e-07,-43.85005823999995,0.8744996607999997,-32.812503936,0.25050047999999947,16384
3.765e-07,-37.600058880000006,0.8119996671999998,-34.37500403199999,0.1880004864,16384
3.77e-07,-43.85005823999995,0.8119996671999998,-34.37500403199999,0.1880004864,16384
3.7750000000000004e-07,-50.100057600000014,0.7494996735999999,-34.37500403199999,0.1880004864,16384
3.78e-07,-50.100057600000014,0.7494996735999999,-29.687503743999997,0.12550049279999964,16384
3.785e-07,-43.85005823999995,0.8119996671999998,-31.250003839999998,0.12550049279999964,16384
3.7900000000000005e-07,-43.85005823999995,0.8119996671999998,-29.687503743999997,0.1880004864,16384
3.7950000000000003e-07,-56.35005695999996,0.8119996671999998,-28.125003647999996,0.12550049279999964,16384
3.8e-07,-50.100057600000014,0.7494996735999999,-26.562503551999995,0.06300049920000017,16384
3.805e-07,-56.35005695999996,0.7494996735999999,-23.43750336,0.000500505599999812,16384
3.8100000000000004e-07,-56.35005695999996,0.7494996735999999,-21.875003264,0.06300049920000017,16384
3.815e-07,-62.60005632000002,0.7494996735999999,-20.312503168,-0.06199948800000055,16384
3.82e-07,-56.35005695999996,0.7494996735999999,-17.187502975999998,0.000500505599999812,16384
3.8250000000000004e-07,-56.35005695999996,0.6869996799999996,-15.625002879999997,-0.12449948160000002,16384
3.8300000000000003e-07,-56.35005695999996,0.6869996799999996,-15.625002879999997,-0.12449948160000002,16384
3.835e-07,-62.60005632000002,0.6869996799999996,-10.937502592000001,-0.12449948160000002,16384
3.8400000000000005e-07,-68.85005567999997,0.6869996799999996,-7.8125024,-0.18699947520000038,16384
3.8450000000000004e-07,-68.85005567999997,0.6869996799999996,-4.687502207999998,-0.18699947520000038,16384
3.85e-07,-68.85005567999997,0.5619996927999997,-3.125002111999997,-0.12449948160000002,16384
3.855e-07,-68.85005567999997,0.6244996863999996,-3.125002111999997,-0.24949946879999985,16384
3.8600000000000004e-07,-68.85005567999997,0.6244996863999996,4.687498368,-0.24949946879999985,16384
3.865e-07,-68.85005567999997,0.6244996863999996,6.249998464000001,-0.24949946879999985,16384
3.87e-07,-62.60005632000002,0.5619996927999997,9.374998656000002,-0.3119994624000002,16384
3.8750000000000005e-07,-68.85005567999997,0.5619996927999997,10.937498752,-0.3119994624000002,16384
3.8800000000000003e-07,-62.60005632000002,0.6244996863999996,12.499998848,-0.3119994624000002,16384
3.885e-07,-68.85005567999997,0.4994996991999998,17.187499136,-0.3744994559999997,16384
3.89e-07,-75.10005504000003,0.4369997055999999,20.312499328,-0.3119994624000002,16384
3.8950000000000004e-07,-75.10005504000003,0.4994996991999998,23.43749952,-0.3744994559999997,16384
3.9e-07,-75.10005504000003,0.4994996991999998,28.124999808,-0.43699944960000003,16384
3.905e-07,-68.85005567999997,0.4994996991999998,29.687499904,-0.4994994432000004,16384
3.9100000000000005e-07,-75.10005504000003,0.4994996991999998,31.25,-0.43699944960000003,16384
3.9150000000000003e-07,-75.10005504000003,0.4369997055999999,34.375000192,-0.4994994432000004,16384
3.92e-07,-75.10005504000003,0.4369997055999999,35.937500288,-0.5619994367999999,16384
3.925e-07,-75.10005504000003,0.37449971199999954,35.937500288,-0.5619994367999999,0
3.9300000000000004e-07,-81.35005439999998,0.4369997055999999,37.500000384,-0.5619994367999999,0
3.935e-07,-81.35005439999998,0.4369997055999999,37.500000384,-0.6869994239999997,0
3.94e-07,-87.60005376000004,0.37449971199999954,42.187500672,-0.6869994239999997,0
3.9450000000000005e-07,-81.35005439999998,0.37449971199999954,40.625000576,-0.6869994239999997,0
3.9500000000000003e-07,-75.10005504000003,0.3119997183999996,40.625000576,-0.6869994239999997,0
3.955e-07,-87.60005376000004,0.3119997183999996,39.06250048,-0.6869994239999997,0
3.96e-07,-81.35005439999998,0.3119997183999996,39.06250048,-0.7494994176,0
3.9650000000000004e-07,-81.35005439999998,0.3119997183999996,40.625000576,-0.6869994239999997,0
3.97e-07,-81.35005439999998,0.2494997247999997,40.625000576,-0.6869994239999997,256
3.975e-07,-87.60005376000004,0.2494997247999997,37.500000384,-0.7494994176,256
3.9800000000000004e-07,-93.85005311999998,0.2494997247999997,39.06250048,-0.7494994176,768
3.9850000000000003e-07,-93.85005311999998,0.1869997311999998,37.500000384,-0.8119994112000004,768
3.99e-07,-100.10005248000004,0.1869997311999998,34.375000192,-0.8119994112000004,768
3.9950000000000005e-07,-93.85005311999998,0.2494997247999997,35.937500288,-0.8119994112000004,768
4.0000000000000003e-07,-93.85005311999998,0.2494997247999997,35.937500288,-0.8744994047999999,768
4.005e-07,-93.85005311999998,0.12449973759999988,34.375000192,-0.8744994047999999,768
4.01e-07,-100.10005248000004,0.12449973759999988,34.375000192,-0.8744994047999999,768
4.0150000000000004e-07,-100.10005248000004,0.12449973759999988,32.812500096,-0.9369993984000002,768
4.02e-07,-106.35005183999999,0.06199974399999997,35.937500288,-0.9369993984000002,768
4.025e-07,-106.35005183999999,0.12449973759999988,34.375000192,-0.9369993984000002,768
4.0300000000000005e-07,-106.35005183999999,-0.0005002496000003909,37.500000384,-0.8744994047999999,768
4.0350000000000003e-07,-106.35005183999999,-0.0005002496000003909,35.937500288,-1.0619993856,768
4.04e-07,-106.35005183999999,0.06199974399999997,37.500000384,-0.9994993919999997,768
4.045e-07,-118.85005056,-0.0005002496000003909,37.500000384,-0.9994993919999997,768
4.0500000000000004e-07,-118.85005056,-0.0630002432000003,37.500000384,-0.9369993984000002,768
4.055e-07,-118.85005056,-0.0630002432000003,37.500000384,-0.9369993984000002,768
4.06e-07,-125.10004992,-0.0630002432000003,40.625000576,-0.9369993984000002,768
4.0650000000000005e-07,-118.85005056,-0.0630002432000003,39.06250048,-1.0619993856,768
4.0700000000000003e-07,-125.10004992,-0.12550023680000022,37.500000384,-0.9994993919999997,768
4.075e-07,-125.10004992,-0.12550023680000022,39.06250048,-0.9994993919999997,768
4.08e-07,-125.10004992,-0.12550023680000022,39.06250048,-1.0619993856,768
4.0850000000000004e-07,-125.10004992,-0.12550023680000022,37.500000384,-1.1244993792000004,768
4.09e-07,-131.35004928,-0.18800023040000013,37.500000384,-1.1244993792000004,768
4.095e-07,-137.60004864,-0.18800023040000013,35.937500288,-1.1244993792000004,768
4.1000000000000004e-07,-137.60004864,-0.18800023040000013,37.500000384,-1.1244993792000004,768
4.1050000000000003e-07,-143.85004800000002,-0.18800023040000013,35.937500288,-1.1244993792000004,768
4.11e-07,-137.60004864,-0.25050022400000005,37.500000384,-1.1244993792000004,768
4.1150000000000005e-07,-150.10004736000002,-0.3130002176000004,37.500000384,-1.1244993792000004,768
4.1200000000000004e-07,-150.10004736000002,-0.25050022400000005,35.937500288,-1.1244993792000004,768
4.125e-07,-156.35004672000002,-0.3130002176000004,35.937500288,-1.1244993792000004,768
4.13e-07,-150.10004736000002,-0.3130002176000004,35.937500288,-1.1244993792000004,768
4.1350000000000004e-07,-156.35004672000002,-0.3130002176000004,34.375000192,-1.1869993728,768
4.1400000000000003e-07,-150.10004736000002,-0.3130002176000004,35.937500288,-1.1869993728,768
4.145e-07,-156.35004672000002,-0.3755002112000003,34.375000192,-1.2494993664000003,768
4.1500000000000005e-07,-156.35004672000002,-0.43800020480000024,34.375000192,-1.2494993664000003,768
4.1550000000000003e-07,-150.10004736000002,-0.43800020480000024,35.937500288,-1.2494993664000003,768
4.16e-07,-156.35004672000002,-0.3755002112000003,34.375000192,-1.2494993664000003,768
4.165e-07,-150.10004736000002,-0.5005001984000002,34.375000192,-1.2494993664000003,768
4.1700000000000004e-07,-156.35004672000002,-0.5005001984000002,34.375000192,-1.2494993664000003,768
4.175e-07,-156.35004672000002,-0.5630001920000003,34.375000192,-1.2494993664000003,768
4.18e-07,-156.35004672000002,-0.5630001920000003,37.500000384,-1.2494993664000003,768
4.1850000000000005e-07,-156.35004672000002,-0.5630001920000003,32.812500096,-1.2494993664000003,768
4.1900000000000003e-07,-150.10004736000002,-0.5630001920000003,35.937500288,-1.2494993664000003,768
4.195e-07,-156.35004672000002,-0.5630001920000003,35.937500288,-1.2494993664000003,768
4.2e-07,-156.35004672000002,-0.5630001920000003,34.375000192,-1.1869993728,768
4.2050000000000004e-07,-150.10004736000002,-0.6255001856000002,35.937500288,-1.1869993728,768
4.21e-07,-150.10004736000002,-0.6880001792000003,35.937500288,-1.1869993728,8960
4.215e-07,-150.10004736000002,-0.6255001856000002,34.375000192,-1.1869993728,8960
4.2200000000000005e-07,-156.35004672000002,-0.6255001856000002,37.500000384,-1.2494993664000003,8960
4.2250000000000003e-07,-156.35004672000002,-0.6880001792000003,35.937500288,-1.2494993664000003,8960
4.23e-07,-162.60004607999997,-0.6880001792000003,35.937500288,-1.1869993728,8960
4.235e-07,-156.35004672000002,-0.7505001728000003,35.937500288,-1.2494993664000003,8960
4.2400000000000004e-07,-156.35004672000002,-0.7505001728000003,34.375000192,-1.2494993664000003,8960
4.245e-07,-143.85004800000002,-0.8755001600000003,32.812500096,-1.2494993664000003,8960
4.25e-07,-150.10004736000002,-0.8130001664000002,32.812500096,-1.2494993664000003,8960
4.2550000000000004e-07,-150.10004736000002,-0.8755001600000003,34.375000192,-1.2494993664000003,8960
4.2600000000000003e-07,-150.10004736000002,-0.8130001664000002,34.375000192,-1.2494993664000003,8960
4.265e-07,-150.10004736000002,-0.8130001664000002,32.812500096,-1.2494993664000003,8960
4.2700000000000005e-07,-143.85004800000002,-0.8130001664000002,34.375000192,-1.1869993728,8960
4.2750000000000004e-07,-143.85004800000002,-0.8755001600000003,32.812500096,-1.1869993728,8960
4.28e-07,-137.60004864,-0.8755001600000003,32.812500096,-1.1869993728,8960
4.285e-07,-143.85004800000002,-0.9380001536000002,34.375000192,-1.1244993792000004,8960
4.2900000000000004e-07,-143.85004800000002,-0.9380001536000002,35.937500288,-1.1244993792000004,8960
4.2950000000000003e-07,-137.60004864,-0.8755001600000003,32.812500096,-1.1869993728,8960
4.3e-07,-137.60004864,-0.8755001600000003,35.937500288,-1.1244993792000004,8960
4.3050000000000005e-07,-131.35004928,-0.9380001536000002,35.937500288,-1.1244993792000004,8960
4.3100000000000003e-07,-125.10004992,-1.0005001472000001,35.937500288,-1.1244993792000004,8960
4.315e-07,-125.10004992,-1.0005001472000001,37.500000384,-1.0619993856,8960
4.32e-07,-125.10004992,-1.0005001472000001,35.937500288,-1.1244993792000004,8960
4.3250000000000004e-07,-118.85005056,-1.0005001472000001,34.375000192,-1.1244993792000004,8960
4.33e-07,-125.10004992,-0.9380001536000002,35.937500288,-1.1244993792000004,8960
4.335e-07,-125.10004992,-0.9380001536000002,34.375000192,-1.0619993856,8960
4.3400000000000005e-07,-118.85005056,-1.0005001472000001,35.937500288,-0.9994993919999997,8960
4.3450000000000003e-07,-112.6000512,-1.0005001472000001,34.375000192,-0.9994993919999997,8960
4.35e-07,-106.35005183999999,-1.0005001472000001,35.937500288,-0.9994993919999997,8960
4.355e-07,-112.6000512,-1.0005001472000001,34.375000192,-1.0619993856,8960
4.3600000000000004e-07,-112.6000512,-0.9380001536000002,34.375000192,-0.9994993919999997,8960
4.365e-07,-106.35005183999999,-1.0630001408000003,34.375000192,-0.9369993984000002,8960
4.37e-07,-100.10005248000004,-1.0630001408000003,32.812500096,-0.9369993984000002,8960
4.3750000000000005e-07,-93.85005311999998,-1.0005001472000001,31.25,-0.9994993919999997,8960
4.3800000000000003e-07,-93.85005311999998,-1.0005001472000001,34.375000192,-0.9369993984000002,8960
4.385e-07,-93.85005311999998,-1.0630001408000003,31.25,-0.9369993984000002,8960
4.3900000000000005e-07,-87.60005376000004,-1.0630001408000003,32.812500096,-0.8119994112000004,8960
4.3950000000000004e-07,-87.60005376000004,-1.0630001408000003,32.812500096,-0.7494994176,8960
4.4e-07,-93.85005311999998,-1.0630001408000003,32.812500096,-0.8744994047999999,8960
4.405e-07,-81.35005439999998,-1.1255001344000002,29.687499904,-0.8744994047999999,8960
4.4100000000000004e-07,-87.60005376000004,-1.0005001472000001,29.687499904,-0.8119994112000004,8960
4.4150000000000003e-07,-87.60005376000004,-1.0630001408000003,29.687499904,-0.8119994112000004,8960
4.42e-07,-87.60005376000004,-1.0005001472000001,31.25,-0.7494994176,8960
4.4250000000000005e-07,-87.60005376000004,-1.0630001408000003,29.687499904,-0.7494994176,8960
4.4300000000000004e-07,-81.35005439999998,-1.0630001408000003,31.25,-0.6869994239999997,8960
4.435e-07,-75.10005504000003,-1.0630001408000003,29.687499904,-0.7494994176,8960
4.44e-07,-68.85005567999997,-1.0005001472000001,29.687499904,-0.6244994304000002,8960
4.4450000000000004e-07,-81.35005439999998,-1.0630001408000003,31.25,-0.5619994367999999,8704
4.4500000000000003e-07,-75.10005504000003,-1.0630001408000003,31.25,-0.5619994367999999,8704
4.455e-07,-75.10005504000003,-1.0630001408000003,29.687499904,-0.6244994304000002,8704
4.4600000000000005e-07,-68.85005567999997,-1.0005001472000001,32.812500096,-0.4994994432000004,8192
4.4650000000000003e-07,-68.85005567999997,-1.0630001408000003,31.25,-0.4994994432000004,8192
4.47e-07,-68.85005567999997,-1.0630001408000003,31.25,-0.4994994432000004,8192
4.475e-07,-68.85005567999997,-1.0005001472000001,32.812500096,-0.43699944960000003,8192
4.4800000000000004e-07,-68.85005567999997,-1.0005001472000001,32.812500096,-0.43699944960000003,8192
4.485e-07,-62.60005632000002,-1.0630001408000003,32.812500096,-0.43699944960000003,8192
4.49e-07,-62.60005632000002,-0.9380001536000002,31.25,-0.43699944960000003,8192
4.4950000000000005e-07,-68.85005567999997,-1.0630001408000003,31.25,-0.43699944960000003,8192
4.5000000000000003e-07,-62.60005632000002,-1.0005001472000001,31.25,-0.43699944960000003,8192
4.505e-07,-50.100057600000014,-1.0005001472000001,29.687499904,-0.3119994624000002,8192
4.51e-07,-50.100057600000014,-0.9380001536000002,29.687499904,-0.3119994624000002,8192
4.5150000000000004e-07,-62.60005632000002,-1.0005001472000001,26.562499712,-0.24949946879999985,8192
4.52e-07,-56.35005695999996,-0.9380001536000002,28.124999808,-0.18699947520000038,8192
4.525e-07,-56.35005695999996,-0.9380001536000002,24.999999616,-0.18699947520000038,8192
4.5300000000000005e-07,-50.100057600000014,-0.9380001536000002,21.874999424000002,-0.18699947520000038,8192
4.5350000000000003e-07,-43.85005823999995,-0.8755001600000003,21.874999424000002,-0.12449948160000002,8192
4.54e-07,-43.85005823999995,-0.8755001600000003,23.43749952,-0.12449948160000002,8192
4.5450000000000005e-07,-43.85005823999995,-0.9380001536000002,18.749999232,-0.12449948160000002,8192
4.5500000000000004e-07,-43.85005823999995,-0.8755001600000003,17.187499136,-0.12449948160000002,8192
4.555e-07,-43.85005823999995,-0.8130001664000002,15.62499904,0.000500505599999812,8192
4.56e-07,-43.85005823999995,-0.8130001664000002,15.62499904,-0.06199948800000055,8192
4.5650000000000004e-07,-37.600058880000006,-0.8755001600000003,12.499998848,-0.06199948800000055,8192
4.5700000000000003e-07,-37.600058880000006,-0.8130001664000002,10.937498752,0.06300049920000017,8192
4.575e-07,-37.600058880000006,-0.8130001664000002,6.249998464000001,0.000500505599999812,8192
4.5800000000000005e-07,-37.600058880000006,-0.8130001664000002,6.249998464000001,0.06300049920000017,8192
4.5850000000000004e-07,-37.600058880000006,-0.7505001728000003,1.5624981760000018,0.06300049920000017,8192
4.59e-07,-25.100060159999998,-0.7505001728000003,-1.9199999989893968e-06,0.1880004864,8192
4.595e-07,-37.600058880000006,-0.7505001728000003,-3.125002111999997,0.12550049279999964,8192
4.6000000000000004e-07,-25.100060159999998,-0.7505001728000003,-4.687502207999998,0.1880004864,8192
4.6050000000000003e-07,-31.350059519999945,-0.7505001728000003,-7.8125024,0.1880004864,8192
4.61e-07,-25.100060159999998,-0.6880001792000003,-9.375002496,0.25050047999999947,8192
4.6150000000000005e-07,-31.350059519999945,-0.6880001792000003,-15.625002879999997,0.25050047999999947,8192
4.6200000000000003e-07,-25.100060159999998,-0.6880001792000003,-15.625002879999997,0.31300047359999983,8192
4.625e-07,-25.100060159999998,-0.6880001792000003,-21.875003264,0.31300047359999983,8192
4.63e-07,-25.100060159999998,-0.6880001792000003,-23.43750336,0.31300047359999983,8192
4.6350000000000004e-07,-25.100060159999998,-0.6880001792000003,-26.562503551999995,0.3755004672000002,8192
4.64e-07,-25.100060159999998,-0.6255001856000002,-28.125003647999996,0.3755004672000002,8192
4.645e-07,-18.850060799999937,-0.6255001856000002,-31.250003839999998,0.3755004672000002,8192
4.6500000000000005e-07,-25.100060159999998,-0.6255001856000002,-34.37500403199999,0.43800046079999966,8192
4.6550000000000003e-07,-31.350059519999945,-0.6255001856000002,-39.06250432,0.43800046079999966,8192
4.66e-07,-18.850060799999937,-0.5630001920000003,-37.500004223999994,0.5005004544,8192
4.6650000000000005e-07,-25.100060159999998,-0.5005001984000002,-40.625004415999996,0.5630004479999995,8192
4.6700000000000004e-07,-12.60006143999999,-0.5630001920000003,-40.625004415999996,0.5630004479999995,8192
4.675e-07,-18.850060799999937,-0.5630001920000003,-43.750004608,0.5630004479999995,0
4.68e-07,-12.60006143999999,-0.5005001984000002,-42.187504512000004,0.5630004479999995,1024
4.6850000000000005e-07,-18.850060799999937,-0.5005001984000002,-43.750004608,0.6255004415999998,1024
4.6900000000000003e-07,-18.850060799999937,-0.43800020480000024,-43.750004608,0.6880004352000002,1024
4.695e-07,-12.60006143999999,-0.43800020480000024,-45.31250470399999,0.6255004415999998,1024
4.7000000000000005e-07,-12.60006143999999,-0.43800020480000024,-42.187504512000004,0.6880004352000002,1024
4.7050000000000004e-07,-12.60006143999999,-0.43800020480000024,-40.625004415999996,0.6880004352000002,1024
4.71e-07,-6.350062080000043,-0.43800020480000024,-42.187504512000004,0.7505004287999997,1024
4.715e-07,-0.10006271999998262,-0.3755002112000003,-39.06250432,0.7505004287999997,1024
4.7200000000000004e-07,-6.350062080000043,-0.3755002112000003,-37.500004223999994,0.6880004352000002,3072
4.7250000000000003e-07,-6.350062080000043,-0.3755002112000003,-39.06250432,0.6880004352000002,3072
4.73e-07,-12.60006143999999,-0.3130002176000004,-37.500004223999994,0.7505004287999997,3072
4.7350000000000005e-07,-6.350062080000043,-0.3755002112000003,-39.06250432,0.7505004287999997,3072
4.7400000000000004e-07,-0.10006271999998262,-0.25050022400000005,-34.37500403199999,0.8130004224,3072
4.745e-07,-0.10006271999998262,-0.25050022400000005,-37.500004223999994,0.8130004224,3072
4.75e-07,12.399936000000025,-0.3130002176000004,-37.500004223999994,0.8755004159999995,3072
4.7550000000000004e-07,-0.10006271999998262,-0.25050022400000005,-39.06250432,0.8130004224,3072
4.7600000000000003e-07,-0.10006271999998262,-0.18800023040000013,-37.500004223999994,0.8755004159999995,3072
4.765e-07,6.149936639999964,-0.25050022400000005,-39.06250432,0.8755004159999995,3072
4.77e-07,6.149936639999964,-0.25050022400000005,-39.06250432,0.8755004159999995,3072
4.775e-07,12.399936000000025,-0.18800023040000013,-42.187504512000004,0.8755004159999995,3072
4.78e-07,18.649935359999972,-0.18800023040000013,-40.625004415999996,0.9380004095999999,11264
4.785000000000001e-07,12.399936000000025,-0.18800023040000013,-39.06250432,0.9380004095999999,11264
4.79e-07,12.399936000000025,-0.12550023680000022,-42.187504512000004,0.9380004095999999,11264
4.795e-07,18.649935359999972,-0.0630002432000003,-40.625004415999996,1.0005004031999998,3072
4.800000000000001e-07,18.649935359999972,-0.0630002432000003,-40.625004415999996,1.0005004031999998,3072
4.805e-07,31.14993407999998,-0.0630002432000003,-43.750004608,1.0005004031999998,3072
4.81e-07,31.14993407999998,-0.0005002496000003909,-43.750004608,1.0005004031999998,3072
4.815000000000001e-07,31.14993407999998,-0.0005002496000003909,-43.750004608,1.0005004031999998,3072
4.82e-07,31.14993407999998,-0.0005002496000003909,-42.187504512000004,1.0005004031999998,3072
4.825e-07,37.39993344000004,0.06199974399999997,-43.750004608,1.0005004031999998,3072
4.830000000000001e-07,49.89993216000005,0.06199974399999997,-42.187504512000004,1.0630003967999997,11264
4.835e-07,37.39993344000004,0.06199974399999997,-42.187504512000004,1.0630003967999997,11264
4.84e-07,49.89993216000005,0.12449973759999988,-40.625004415999996,1.0630003967999997,11264
4.845e-07,43.64993279999999,0.12449973759999988,-42.187504512000004,1.1255003904,11264
4.85e-07,43.64993279999999,0.12449973759999988,-42.187504512000004,1.1255003904,3072
4.855e-07,43.64993279999999,0.12449973759999988,-40.625004415999996,1.1255003904,3072
4.86e-07,49.89993216000005,0.12449973759999988,-37.500004223999994,1.188000384,11264
4.865e-07,49.89993216000005,0.12449973759999988,-39.06250432,1.188000384,11264
4.870000000000001e-07,49.89993216000005,0.1869997311999998,-37.500004223999994,1.188000384,11264
4.875e-07,49.89993216000005,0.2494997247999997,-35.937504128,1.1255003904,3072
4.88e-07,43.64993279999999,0.2494997247999997,-37.500004223999994,1.1255003904,3072
4.885000000000001e-07,56.149931519999996,0.1869997311999998,-39.06250432,1.0630003967999997,3072
4.89e-07,43.64993279999999,0.2494997247999997,-37.500004223999994,1.1255003904,3072
4.895e-07,49.89993216000005,0.3119997183999996,-37.500004223999994,1.1255003904,3072
4.900000000000001e-07,56.149931519999996,0.3119997183999996,-35.937504128,1.188000384,3072
4.905e-07,49.89993216000005,0.37449971199999954,-39.06250432,1.1255003904,3072
4.91e-07,56.149931519999996,0.37449971199999954,-37.500004223999994,1.188000384,3072
4.915000000000001e-07,49.89993216000005,0.37449971199999954,-37.500004223999994,1.1255003904,3072
4.92e-07,62.399930880000056,0.4369997055999999,-35.937504128,1.1255003904,3072
4.925e-07,56.149931519999996,0.37449971199999954,-37.500004223999994,1.188000384,3072
4.93e-07,62.399930880000056,0.4369997055999999,-39.06250432,1.188000384,3072
4.935e-07,62.399930880000056,0.4369997055999999,-40.625004415999996,1.1255003904,3072
4.940000000000001e-07,56.149931519999996,0.4994996991999998,-39.06250432,1.1255003904,3072
4.945e-07,56.149931519999996,0.4369997055999999,-39.06250432,1.188000384,3072
4.95e-07,49.89993216000005,0.4994996991999998,-39.06250432,1.188000384,19456
4.955000000000001e-07,56.149931519999996,0.5619996927999997,-39.06250432,1.2505003775999999,19456
4.96e-07,56.149931519999996,0.5619996927999997,-37.500004223999994,1.188000384,19456
4.965e-07,56.149931519999996,0.5619996927999997,-39.06250432,1.188000384,19456
4.970000000000001e-07,49.89993216000005,0.5619996927999997,-39.06250432,1.1255003904,19456
4.975e-07,56.149931519999996,0.6244996863999996,-40.625004415999996,1.1255003904,19456
4.98e-07,49.89993216000005,0.5619996927999997,-37.500004223999994,1.1255003904,19456
4.985000000000001e-07,49.89993216000005,0.6869996799999996,-37.500004223999994,1.188000384,19456
4.99e-07,49.89993216000005,0.6244996863999996,-37.500004223999994,1.188000384,19456
4.995e-07,49.89993216000005,0.6244996863999996,-37.500004223999994,1.1255003904,19456
