Time (s),VIN,IIN,VOUT
0.0,24.4091249856,1.809675007872,36.562496256
5e-10,24.315374979839998,1.808112507776,33.437496064
1e-09,24.39349998464,1.809675007872,33.437496064
1.5000000000000002e-09,24.51849999232,1.809675007872,31.874995968000007
2e-09,24.58099999616,1.812800008064,28.749995776000006
2.5e-09,24.51849999232,1.811237507968,30.312495872
3.0000000000000004e-09,24.4091249856,1.811237507968,30.312495872
3.5000000000000003e-09,24.45599998848,1.811237507968,27.187495679999998
4e-09,24.54974999424,1.811237507968,25.624995584000004
4.500000000000001e-09,24.61224999808,1.81436250816,24.062495487999996
5e-09,24.5653749952,1.811237507968,24.062495487999996
5.5000000000000004e-09,24.45599998848,1.808112507776,20.93749529600001
6.000000000000001e-09,24.42474998656,1.809675007872,22.499995392000002
6.5e-09,24.47162498944,1.811237507968,19.3749952
7.000000000000001e-09,24.5653749952,1.812800008064,19.3749952
7.500000000000001e-09,24.53412499328,1.811237507968,16.249995008
8e-09,24.45599998848,1.808112507776,14.687494912000005
8.5e-09,24.39349998464,1.80655000768,11.562494720000004
9.000000000000001e-09,24.45599998848,1.808112507776,13.124994815999997
9.5e-09,24.51849999232,1.808112507776,11.562494720000004
1e-08,24.5653749952,1.808112507776,9.99999462400001
1.0500000000000001e-08,24.51849999232,1.804987507584,8.437494528000002
1.1000000000000001e-08,24.47162498944,1.804987507584,8.437494528000002
1.15e-08,24.51849999232,1.808112507776,5.312494336
1.2000000000000002e-08,24.58099999616,1.812800008064,3.7499942400000066
1.2500000000000001e-08,24.59662499712,1.81436250816,2.1874941439999986
1.3e-08,24.53412499328,1.811237507968,3.7499942400000066
1.35e-08,24.4872499904,1.808112507776,0.6249940480000049
1.4000000000000001e-08,24.4872499904,1.808112507776,-0.937506048000003
1.45e-08,24.4872499904,1.808112507776,-4.0625062399999905
1.5000000000000002e-08,24.54974999424,1.809675007872,-4.0625062399999905
1.55e-08,24.53412499328,1.809675007872,-7.187506431999992
1.6e-08,24.4872499904,1.808112507776,-5.625006335999998
1.6500000000000002e-08,24.47162498944,1.809675007872,-8.750006528
1.7e-08,24.51849999232,1.8159250082560001,-7.187506431999992
1.75e-08,24.5653749952,1.8159250082560001,-10.312506623999994
1.8000000000000002e-08,24.59662499712,1.812800008064,-13.437506815999996
1.85e-08,24.58099999616,1.808112507776,-13.437506815999996
1.9e-08,24.5653749952,1.808112507776,-13.437506815999996
1.9500000000000003e-08,24.5653749952,1.811237507968,-16.562507007999997
2e-08,24.54974999424,1.81436250816,-18.12500710399999
2.05e-08,24.58099999616,1.81436250816,-21.250007295999993
2.1000000000000003e-08,24.54974999424,1.812800008064,-18.12500710399999
2.15e-08,24.54974999424,1.811237507968,-22.812507392
2.2000000000000002e-08,24.53412499328,1.811237507968,-21.250007295999993
2.2500000000000003e-08,24.53412499328,1.811237507968,-24.375007487999994
2.3e-08,24.54974999424,1.812800008064,-25.937507584000002
2.3500000000000002e-08,24.50287499136,1.812800008064,-27.500007679999996
2.4000000000000003e-08,24.51849999232,1.809675007872,-29.06250777599999
2.45e-08,24.51849999232,1.811237507968,-32.187507968000006
2.5000000000000002e-08,24.53412499328,1.8159250082560001,-29.06250777599999
2.55e-08,24.5653749952,1.81436250816,-30.625007871999998
2.6e-08,24.58099999616,1.811237507968,-32.187507968000006
2.6500000000000002e-08,24.54974999424,1.811237507968,-33.750008063999985
2.7e-08,24.53412499328,1.811237507968,-35.31250815999999
2.75e-08,24.58099999616,1.811237507968,-38.43750835200001
2.8000000000000003e-08,24.59662499712,1.812800008064,-38.43750835200001
2.85e-08,24.62787499904,1.812800008064,-40.00000844799999
2.9e-08,24.58099999616,1.811237507968,-38.43750835200001
2.9500000000000003e-08,24.5653749952,1.811237507968,-43.125008640000004
3.0000000000000004e-08,24.53412499328,1.8159250082560001,-41.562508543999996
3.05e-08,24.54974999424,1.8159250082560001,-43.125008640000004
3.1e-08,24.58099999616,1.81436250816,-43.125008640000004
3.1500000000000004e-08,24.59662499712,1.8159250082560001,-44.687508735999984
3.2e-08,24.58099999616,1.8159250082560001,-46.25000883199999
3.25e-08,24.51849999232,1.8159250082560001,-47.812508928
3.3000000000000004e-08,24.4872499904,1.81436250816,-46.25000883199999
3.35e-08,24.53412499328,1.81436250816,-47.812508928
3.4e-08,24.62787499904,1.812800008064,-50.93750911999999
3.4500000000000005e-08,24.6435,1.812800008064,-47.812508928
3.5e-08,24.59662499712,1.811237507968,-50.93750911999999
3.55e-08,24.54974999424,1.8159250082560001,-52.500009215999995
3.6000000000000005e-08,24.45599998848,1.8159250082560001,-54.062509312
3.65e-08,24.44037498752,1.8159250082560001,-55.62500940799998
3.7e-08,24.47162498944,1.81436250816,-52.500009215999995
3.7500000000000005e-08,24.54974999424,1.81436250816,-57.18750950399999
3.8e-08,24.5653749952,1.8174875083520001,-55.62500940799998
3.85e-08,24.54974999424,1.8190500084480001,-57.18750950399999
3.9000000000000005e-08,24.50287499136,1.8174875083520001,-57.18750950399999
3.95e-08,24.39349998464,1.8174875083520001,-57.18750950399999
4e-08,24.377874983679998,1.81436250816,-58.7500096
4.0500000000000005e-08,24.45599998848,1.812800008064,-60.312509696000006
4.1e-08,24.58099999616,1.8159250082560001,-57.18750950399999
4.15e-08,24.61224999808,1.8190500084480001,-60.312509696000006
4.2000000000000006e-08,24.59662499712,1.8174875083520001,-60.312509696000006
4.2500000000000003e-08,24.53412499328,1.8174875083520001,-61.875009791999986
4.3e-08,24.45599998848,1.8190500084480001,-60.312509696000006
4.3500000000000006e-08,24.47162498944,1.8206125085440001,-61.875009791999986
4.4000000000000004e-08,24.54974999424,1.8174875083520001,-63.437509887999994
4.45e-08,24.5653749952,1.8159250082560001,-63.437509887999994
4.5000000000000006e-08,24.54974999424,1.81436250816,-61.875009791999986
4.5500000000000004e-08,24.54974999424,1.8190500084480001,-65.000009984
4.6e-08,24.50287499136,1.8268625089280002,-61.875009791999986
4.6500000000000006e-08,24.4872499904,1.8284250090240002,-65.000009984
4.7000000000000004e-08,24.45599998848,1.8268625089280002,-65.000009984
4.75e-08,24.39349998464,1.8190500084480001,-63.437509887999994
4.8000000000000006e-08,24.44037498752,1.811237507968,-65.000009984
4.8500000000000004e-08,24.51849999232,1.8159250082560001,-65.000009984
4.9e-08,24.62787499904,1.8268625089280002,-61.875009791999986
4.95e-08,24.58099999616,1.831550009216,-63.437509887999994
5.0000000000000004e-08,24.4872499904,1.8299875091200002,-65.000009984
5.05e-08,24.4091249856,1.8237375087360002,-65.000009984
5.1e-08,24.4091249856,1.8221750086400001,-63.437509887999994
5.1500000000000005e-08,24.54974999424,1.8268625089280002,-65.000009984
5.2e-08,24.6435,1.8253000088320002,-65.000009984
5.25e-08,24.59662499712,1.8221750086400001,-65.000009984
5.3000000000000005e-08,24.4091249856,1.8206125085440001,-61.875009791999986
5.35e-08,24.315374979839998,1.8237375087360002,-65.000009984
5.4e-08,24.315374979839998,1.8268625089280002,-63.437509887999994
5.4500000000000005e-08,24.39349998464,1.8253000088320002,-63.437509887999994
5.5e-08,24.4872499904,1.8221750086400001,-63.437509887999994
5.55e-08,24.50287499136,1.8190500084480001,-63.437509887999994
5.6000000000000005e-08,24.51849999232,1.8174875083520001,-65.000009984
5.65e-08,24.50287499136,1.8237375087360002,-65.000009984
5.7e-08,24.50287499136,1.8268625089280002,-61.875009791999986
5.7500000000000005e-08,24.47162498944,1.8237375087360002,-61.875009791999986
5.8e-08,24.44037498752,1.8206125085440001,-63.437509887999994
5.85e-08,24.45599998848,1.8190500084480001,-61.875009791999986
5.9000000000000006e-08,24.51849999232,1.8237375087360002,-61.875009791999986
5.9500000000000003e-08,24.5653749952,1.8268625089280002,-60.312509696000006
6.000000000000001e-08,24.50287499136,1.8253000088320002,-60.312509696000006
6.05e-08,24.42474998656,1.8237375087360002,-61.875009791999986
6.1e-08,24.377874983679998,1.8253000088320002,-58.7500096
6.15e-08,24.39349998464,1.8253000088320002,-60.312509696000006
6.2e-08,24.47162498944,1.8284250090240002,-58.7500096
6.250000000000001e-08,24.51849999232,1.8268625089280002,-58.7500096
6.300000000000001e-08,24.53412499328,1.8268625089280002,-55.62500940799998
6.35e-08,24.53412499328,1.8284250090240002,-55.62500940799998
6.4e-08,24.51849999232,1.8299875091200002,-55.62500940799998
6.45e-08,24.45599998848,1.8299875091200002,-57.18750950399999
6.5e-08,24.39349998464,1.8299875091200002,-52.500009215999995
6.55e-08,24.377874983679998,1.8237375087360002,-52.500009215999995
6.600000000000001e-08,24.44037498752,1.8206125085440001,-52.500009215999995
6.65e-08,24.4872499904,1.8221750086400001,-52.500009215999995
6.7e-08,24.4872499904,1.8268625089280002,-50.93750911999999
6.75e-08,24.45599998848,1.8284250090240002,-49.37500902400001
6.8e-08,24.362249982719998,1.8268625089280002,-50.93750911999999
6.85e-08,24.39349998464,1.8206125085440001,-49.37500902400001
6.900000000000001e-08,24.42474998656,1.8190500084480001,-46.25000883199999
6.950000000000001e-08,24.45599998848,1.8206125085440001,-46.25000883199999
7e-08,24.44037498752,1.8253000088320002,-44.687508735999984
7.05e-08,24.42474998656,1.8253000088320002,-44.687508735999984
7.1e-08,24.42474998656,1.8237375087360002,-43.125008640000004
7.15e-08,24.42474998656,1.8221750086400001,-41.562508543999996
7.200000000000001e-08,24.45599998848,1.8237375087360002,-41.562508543999996
7.250000000000001e-08,24.44037498752,1.8253000088320002,-41.562508543999996
7.3e-08,24.42474998656,1.8253000088320002,-36.875008256
7.35e-08,24.4091249856,1.8237375087360002,-35.31250815999999
7.4e-08,24.47162498944,1.8221750086400001,-36.875008256
7.45e-08,24.4872499904,1.8253000088320002,-35.31250815999999
7.500000000000001e-08,24.4872499904,1.831550009216,-33.750008063999985
7.550000000000001e-08,24.4872499904,1.834675009408,-32.187507968000006
7.6e-08,24.42474998656,1.831550009216,-32.187507968000006
7.65e-08,24.4091249856,1.8253000088320002,-30.625007871999998
7.7e-08,24.362249982719998,1.8253000088320002,-25.937507584000002
7.75e-08,24.362249982719998,1.8284250090240002,-29.06250777599999
7.800000000000001e-08,24.377874983679998,1.8284250090240002,-25.937507584000002
7.850000000000001e-08,24.39349998464,1.8237375087360002,-25.937507584000002
7.9e-08,24.44037498752,1.8237375087360002,-24.375007487999994
7.95e-08,24.44037498752,1.8253000088320002,-22.812507392
8e-08,24.42474998656,1.8268625089280002,-21.250007295999993
8.05e-08,24.377874983679998,1.8268625089280002,-19.6875072
8.100000000000001e-08,24.377874983679998,1.8284250090240002,-16.562507007999997
8.150000000000001e-08,24.39349998464,1.8253000088320002,-16.562507007999997
8.2e-08,24.45599998848,1.8268625089280002,-16.562507007999997
8.25e-08,24.44037498752,1.831550009216,-13.437506815999996
8.3e-08,24.44037498752,1.834675009408,-10.312506623999994
8.35e-08,24.4091249856,1.834675009408,-11.875006720000002
8.400000000000001e-08,24.377874983679998,1.8284250090240002,-10.312506623999994
8.450000000000001e-08,24.346624981759998,1.8221750086400001,-8.750006528
8.500000000000001e-08,24.362249982719998,1.8221750086400001,-4.0625062399999905
8.55e-08,24.377874983679998,1.8268625089280002,-7.187506431999992
8.6e-08,24.42474998656,1.8284250090240002,-4.0625062399999905
8.65e-08,24.47162498944,1.8268625089280002,-2.5000061439999968
8.700000000000001e-08,24.45599998848,1.8268625089280002,-0.937506048000003
8.750000000000001e-08,24.377874983679998,1.8284250090240002,0.6249940480000049
8.800000000000001e-08,24.346624981759998,1.8284250090240002,0.6249940480000049
8.85e-08,24.330999980799998,1.8299875091200002,2.1874941439999986
8.9e-08,24.362249982719998,1.833112509312,5.312494336
8.95e-08,24.4091249856,1.8299875091200002,6.874994432000008
9.000000000000001e-08,24.42474998656,1.8268625089280002,8.437494528000002
9.050000000000001e-08,24.42474998656,1.8268625089280002,8.437494528000002
9.100000000000001e-08,24.4091249856,1.833112509312,9.99999462400001
9.15e-08,24.45599998848,1.834675009408,9.99999462400001
9.2e-08,24.42474998656,1.8299875091200002,11.562494720000004
9.25e-08,24.42474998656,1.8253000088320002,11.562494720000004
9.300000000000001e-08,24.4091249856,1.8284250090240002,17.812495104000007
9.350000000000001e-08,24.44037498752,1.8299875091200002,17.812495104000007
9.400000000000001e-08,24.42474998656,1.833112509312,19.3749952
9.45e-08,24.42474998656,1.8299875091200002,17.812495104000007
9.5e-08,24.377874983679998,1.8284250090240002,20.93749529600001
9.55e-08,24.330999980799998,1.8284250090240002,22.499995392000002
9.600000000000001e-08,24.362249982719998,1.831550009216,22.499995392000002
9.650000000000001e-08,24.4091249856,1.833112509312,24.062495487999996
9.700000000000001e-08,24.45599998848,1.833112509312,27.187495679999998
9.75e-08,24.42474998656,1.8284250090240002,25.624995584000004
9.8e-08,24.4091249856,1.8268625089280002,27.187495679999998
9.85e-08,24.4091249856,1.8284250090240002,28.749995776000006
9.9e-08,24.42474998656,1.831550009216,30.312495872
9.950000000000001e-08,24.47162498944,1.831550009216,31.874995968000007
1.0000000000000001e-07,24.4091249856,1.8299875091200002,33.437496064
1.005e-07,24.346624981759998,1.8299875091200002,31.874995968000007
1.01e-07,24.362249982719998,1.831550009216,36.562496256
1.015e-07,24.39349998464,1.8299875091200002,34.99999616
1.02e-07,24.39349998464,1.8299875091200002,36.562496256
1.0250000000000001e-07,24.4091249856,1.8253000088320002,36.562496256
1.0300000000000001e-07,24.45599998848,1.8237375087360002,38.124996352000004
1.0350000000000001e-07,24.45599998848,1.8268625089280002,39.687496448000005
1.04e-07,24.47162498944,1.8253000088320002,39.687496448000005
1.045e-07,24.45599998848,1.8221750086400001,39.687496448000005
1.05e-07,24.44037498752,1.8206125085440001,44.374996736
1.0550000000000001e-07,24.42474998656,1.8190500084480001,42.81249664
1.0600000000000001e-07,24.45599998848,1.8221750086400001,42.81249664
1.0650000000000001e-07,24.47162498944,1.8237375087360002,44.374996736
1.07e-07,24.44037498752,1.8268625089280002,47.499996928
1.075e-07,24.4091249856,1.8268625089280002,47.499996928
1.08e-07,24.377874983679998,1.8221750086400001,45.937496832
1.0850000000000001e-07,24.39349998464,1.8206125085440001,47.499996928
1.0900000000000001e-07,24.4091249856,1.8221750086400001,50.62499712
1.0950000000000001e-07,24.47162498944,1.8237375087360002,49.062497024
1.1e-07,24.45599998848,1.8268625089280002,50.62499712
1.105e-07,24.42474998656,1.8237375087360002,50.62499712
1.11e-07,24.377874983679998,1.8190500084480001,53.749997312000005
1.1150000000000001e-07,24.315374979839998,1.8174875083520001,53.749997312000005
1.1200000000000001e-07,24.346624981759998,1.8190500084480001,53.749997312000005
1.1250000000000001e-07,24.42474998656,1.8237375087360002,55.312497408
1.13e-07,24.51849999232,1.8253000088320002,55.312497408
1.135e-07,24.51849999232,1.8237375087360002,55.312497408
1.14e-07,24.42474998656,1.8206125085440001,55.312497408
1.1450000000000001e-07,24.330999980799998,1.8174875083520001,56.874997504
1.1500000000000001e-07,24.330999980799998,1.8174875083520001,58.4374976
1.1550000000000001e-07,24.47162498944,1.8206125085440001,56.874997504
1.16e-07,24.58099999616,1.8206125085440001,58.4374976
1.165e-07,24.59662499712,1.8190500084480001,58.4374976
1.17e-07,24.377874983679998,1.8174875083520001,59.999997696
1.1750000000000001e-07,24.22162497408,1.8159250082560001,58.4374976
1.1800000000000001e-07,24.26849997696,1.8159250082560001,59.999997696
1.1850000000000001e-07,24.47162498944,1.8190500084480001,59.999997696
1.1900000000000001e-07,24.59662499712,1.8206125085440001,59.999997696
1.195e-07,24.5653749952,1.8206125085440001,61.562497792
1.2000000000000002e-07,24.45599998848,1.8174875083520001,61.562497792
1.205e-07,24.39349998464,1.8174875083520001,58.4374976
1.21e-07,24.45599998848,1.8206125085440001,63.124997888
1.215e-07,24.5653749952,1.8190500084480001,63.124997888
1.22e-07,24.5653749952,1.8174875083520001,61.562497792
1.2250000000000002e-07,24.47162498944,1.8190500084480001,61.562497792
1.23e-07,24.377874983679998,1.8190500084480001,64.687497984
1.2350000000000001e-07,24.39349998464,1.8190500084480001,61.562497792
1.24e-07,24.47162498944,1.8221750086400001,61.562497792
1.245e-07,24.51849999232,1.8237375087360002,59.999997696
1.2500000000000002e-07,24.45599998848,1.8221750086400001,63.124997888
1.255e-07,24.39349998464,1.8190500084480001,63.124997888
1.2600000000000002e-07,24.377874983679998,1.8190500084480001,63.124997888
1.265e-07,24.45599998848,1.8174875083520001,63.124997888
1.27e-07,24.53412499328,1.8190500084480001,63.124997888
1.275e-07,24.54974999424,1.8206125085440001,61.562497792
1.28e-07,24.51849999232,1.8190500084480001,61.562497792
1.2850000000000002e-07,24.45599998848,1.81436250816,61.562497792
1.29e-07,24.42474998656,1.81436250816,63.124997888
1.2950000000000001e-07,24.44037498752,1.811237507968,61.562497792
1.3e-07,24.50287499136,1.811237507968,59.999997696
1.305e-07,24.4872499904,1.812800008064,59.999997696
1.31e-07,24.47162498944,1.81436250816,61.562497792
1.315e-07,24.4872499904,1.812800008064,59.999997696
1.3200000000000002e-07,24.47162498944,1.812800008064,59.999997696
1.325e-07,24.4872499904,1.81436250816,58.4374976
1.33e-07,24.47162498944,1.8159250082560001,59.999997696
1.335e-07,24.47162498944,1.8174875083520001,59.999997696
1.34e-07,24.42474998656,1.81436250816,59.999997696
1.3450000000000002e-07,24.42474998656,1.812800008064,58.4374976
1.35e-07,24.50287499136,1.812800008064,58.4374976
1.3550000000000002e-07,24.54974999424,1.812800008064,56.874997504
1.36e-07,24.5653749952,1.8159250082560001,55.312497408
1.365e-07,24.50287499136,1.8174875083520001,55.312497408
1.37e-07,24.42474998656,1.8174875083520001,56.874997504
1.375e-07,24.4091249856,1.812800008064,55.312497408
1.3800000000000002e-07,24.51849999232,1.811237507968,52.187497216000004
1.385e-07,24.58099999616,1.812800008064,53.749997312000005
1.3900000000000001e-07,24.54974999424,1.8174875083520001,53.749997312000005
1.395e-07,24.44037498752,1.8174875083520001,50.62499712
1.4e-07,24.330999980799998,1.8174875083520001,52.187497216000004
1.4050000000000002e-07,24.362249982719998,1.81436250816,50.62499712
1.41e-07,24.45599998848,1.81436250816,50.62499712
1.4150000000000002e-07,24.50287499136,1.812800008064,47.499996928
1.42e-07,24.44037498752,1.808112507776,47.499996928
1.425e-07,24.4091249856,1.80655000768,47.499996928
1.43e-07,24.44037498752,1.808112507776,45.937496832
1.435e-07,24.53412499328,1.809675007872,44.374996736
1.4400000000000002e-07,24.58099999616,1.809675007872,44.374996736
1.445e-07,24.54974999424,1.809675007872,41.249996544
1.4500000000000001e-07,24.42474998656,1.808112507776,44.374996736
1.455e-07,24.377874983679998,1.80655000768,41.249996544
1.46e-07,24.4872499904,1.808112507776,39.687496448000005
1.4650000000000002e-07,24.58099999616,1.811237507968,38.124996352000004
1.47e-07,24.53412499328,1.812800008064,38.124996352000004
1.4750000000000002e-07,24.42474998656,1.812800008064,34.99999616
1.48e-07,24.315374979839998,1.809675007872,34.99999616
1.485e-07,24.377874983679998,1.809675007872,33.437496064
1.49e-07,24.51849999232,1.811237507968,33.437496064
1.495e-07,24.58099999616,1.811237507968,31.874995968000007
1.5000000000000002e-07,24.51849999232,1.808112507776,30.312495872
1.505e-07,24.42474998656,1.809675007872,28.749995776000006
1.5100000000000002e-07,24.45599998848,1.812800008064,27.187495679999998
1.515e-07,24.53412499328,1.81436250816,25.624995584000004
1.52e-07,24.59662499712,1.811237507968,24.062495487999996
1.5250000000000002e-07,24.54974999424,1.808112507776,22.499995392000002
1.53e-07,24.47162498944,1.80655000768,24.062495487999996
1.5350000000000002e-07,24.42474998656,1.808112507776,20.93749529600001
1.54e-07,24.50287499136,1.811237507968,19.3749952
1.5450000000000001e-07,24.54974999424,1.812800008064,19.3749952
1.55e-07,24.50287499136,1.811237507968,17.812495104000007
1.555e-07,24.42474998656,1.80655000768,16.249995008
1.5600000000000002e-07,24.39349998464,1.80655000768,13.124994815999997
1.565e-07,24.45599998848,1.808112507776,11.562494720000004
1.5700000000000002e-07,24.50287499136,1.812800008064,13.124994815999997
1.575e-07,24.53412499328,1.809675007872,9.99999462400001
1.58e-07,24.51849999232,1.80655000768,8.437494528000002
1.5850000000000002e-07,24.4872499904,1.804987507584,5.312494336
1.59e-07,24.53412499328,1.809675007872,5.312494336
1.5950000000000002e-07,24.5653749952,1.81436250816,5.312494336
1.6e-07,24.61224999808,1.81436250816,2.1874941439999986
1.6050000000000001e-07,24.5653749952,1.812800008064,2.1874941439999986
1.61e-07,24.51849999232,1.812800008064,0.6249940480000049
1.615e-07,24.50287499136,1.809675007872,0.6249940480000049
1.6200000000000002e-07,24.53412499328,1.809675007872,-0.937506048000003
1.625e-07,24.53412499328,1.809675007872,-4.0625062399999905
1.6300000000000002e-07,24.51849999232,1.809675007872,-2.5000061439999968
1.635e-07,24.4872499904,1.811237507968,-5.625006335999998
1.64e-07,24.47162498944,1.811237507968,-10.312506623999994
1.645e-07,24.51849999232,1.8159250082560001,-11.875006720000002
1.65e-07,24.54974999424,1.81436250816,-10.312506623999994
1.6550000000000002e-07,24.59662499712,1.81436250816,-11.875006720000002
1.66e-07,24.59662499712,1.812800008064,-15.000006912000003
1.6650000000000002e-07,24.5653749952,1.812800008064,-15.000006912000003
1.67e-07,24.58099999616,1.8159250082560001,-16.562507007999997
1.675e-07,24.54974999424,1.8190500084480001,-18.12500710399999
1.6800000000000002e-07,24.58099999616,1.8174875083520001,-19.6875072
1.685e-07,24.58099999616,1.811237507968,-21.250007295999993
1.6900000000000002e-07,24.5653749952,1.808112507776,-21.250007295999993
1.695e-07,24.54974999424,1.808112507776,-22.812507392
1.7000000000000001e-07,24.5653749952,1.812800008064,-24.375007487999994
1.705e-07,24.54974999424,1.81436250816,-25.937507584000002
1.71e-07,24.53412499328,1.812800008064,-24.375007487999994
1.7150000000000002e-07,24.53412499328,1.808112507776,-27.500007679999996
1.72e-07,24.51849999232,1.808112507776,-29.06250777599999
1.7250000000000002e-07,24.54974999424,1.812800008064,-30.625007871999998
1.73e-07,24.5653749952,1.81436250816,-29.06250777599999
1.735e-07,24.59662499712,1.811237507968,-33.750008063999985
1.7400000000000002e-07,24.5653749952,1.811237507968,-33.750008063999985
1.745e-07,24.54974999424,1.812800008064,-36.875008256
1.7500000000000002e-07,24.59662499712,1.812800008064,-36.875008256
1.755e-07,24.59662499712,1.81436250816,-36.875008256
1.7600000000000001e-07,24.62787499904,1.812800008064,-38.43750835200001
1.765e-07,24.59662499712,1.811237507968,-41.562508543999996
1.77e-07,24.58099999616,1.809675007872,-40.00000844799999
1.7750000000000002e-07,24.54974999424,1.811237507968,-40.00000844799999
1.78e-07,24.58099999616,1.8159250082560001,-43.125008640000004
1.7850000000000002e-07,24.59662499712,1.8174875083520001,-44.687508735999984
1.79e-07,24.61224999808,1.81436250816,-44.687508735999984
1.795e-07,24.61224999808,1.812800008064,-44.687508735999984
1.8000000000000002e-07,24.51849999232,1.809675007872,-47.812508928
1.805e-07,24.50287499136,1.811237507968,-47.812508928
1.8100000000000002e-07,24.54974999424,1.811237507968,-47.812508928
1.815e-07,24.6435,1.812800008064,-50.93750911999999
1.8200000000000002e-07,24.65912500096,1.8159250082560001,-50.93750911999999
1.825e-07,24.61224999808,1.8190500084480001,-52.500009215999995
1.83e-07,24.5653749952,1.8206125085440001,-50.93750911999999
1.8350000000000002e-07,24.47162498944,1.8206125085440001,-52.500009215999995
1.84e-07,24.44037498752,1.8159250082560001,-52.500009215999995
1.8450000000000002e-07,24.4872499904,1.809675007872,-55.62500940799998
1.85e-07,24.5653749952,1.811237507968,-54.062509312
1.8550000000000001e-07,24.5653749952,1.812800008064,-55.62500940799998
1.8600000000000002e-07,24.54974999424,1.8174875083520001,-57.18750950399999
1.865e-07,24.4872499904,1.8159250082560001,-55.62500940799998
1.8700000000000002e-07,24.39349998464,1.811237507968,-57.18750950399999
1.875e-07,24.377874983679998,1.811237507968,-58.7500096
1.8800000000000002e-07,24.44037498752,1.81436250816,-60.312509696000006
1.885e-07,24.58099999616,1.8190500084480001,-60.312509696000006
1.89e-07,24.59662499712,1.8221750086400001,-58.7500096
1.8950000000000002e-07,24.58099999616,1.8206125085440001,-60.312509696000006
1.9e-07,24.51849999232,1.8190500084480001,-61.875009791999986
1.9050000000000002e-07,24.47162498944,1.8174875083520001,-61.875009791999986
1.91e-07,24.4872499904,1.8190500084480001,-61.875009791999986
1.9150000000000001e-07,24.53412499328,1.8190500084480001,-61.875009791999986
1.9200000000000003e-07,24.5653749952,1.81436250816,-63.437509887999994
1.925e-07,24.54974999424,1.812800008064,-63.437509887999994
1.9300000000000002e-07,24.5653749952,1.8190500084480001,-61.875009791999986
1.935e-07,24.53412499328,1.8253000088320002,-63.437509887999994
1.9400000000000002e-07,24.47162498944,1.8299875091200002,-65.000009984
1.945e-07,24.44037498752,1.8253000088320002,-63.437509887999994
1.95e-07,24.39349998464,1.8174875083520001,-61.875009791999986
1.9550000000000002e-07,24.45599998848,1.81436250816,-63.437509887999994
1.96e-07,24.51849999232,1.8190500084480001,-65.000009984
1.9650000000000002e-07,24.59662499712,1.8253000088320002,-65.000009984
1.97e-07,24.58099999616,1.8299875091200002,-61.875009791999986
1.9750000000000001e-07,24.47162498944,1.8253000088320002,-65.000009984
1.98e-07,24.362249982719998,1.8237375087360002,-63.437509887999994
1.985e-07,24.4091249856,1.8237375087360002,-66.56251007999998
1.9900000000000002e-07,24.58099999616,1.8253000088320002,-65.000009984
1.995e-07,24.62787499904,1.8268625089280002,-65.000009984
2.0000000000000002e-07,24.5653749952,1.8253000088320002,-65.000009984
2.005e-07,24.4091249856,1.8206125085440001,-65.000009984
2.01e-07,24.330999980799998,1.8221750086400001,-61.875009791999986
2.0150000000000002e-07,24.330999980799998,1.8237375087360002,-63.437509887999994
2.02e-07,24.4091249856,1.8221750086400001,-65.000009984
2.0250000000000002e-07,24.47162498944,1.8190500084480001,-63.437509887999994
2.03e-07,24.4872499904,1.8174875083520001,-63.437509887999994
2.0350000000000002e-07,24.50287499136,1.8174875083520001,-63.437509887999994
2.04e-07,24.4872499904,1.8206125085440001,-65.000009984
2.045e-07,24.4872499904,1.8221750086400001,-65.000009984
2.0500000000000002e-07,24.44037498752,1.8206125085440001,-61.875009791999986
2.055e-07,24.42474998656,1.8190500084480001,-63.437509887999994
2.0600000000000002e-07,24.45599998848,1.8190500084480001,-61.875009791999986
2.065e-07,24.53412499328,1.8221750086400001,-63.437509887999994
2.0700000000000001e-07,24.5653749952,1.8284250090240002,-61.875009791999986
2.0750000000000003e-07,24.50287499136,1.8299875091200002,-60.312509696000006
2.08e-07,24.4091249856,1.8253000088320002,-60.312509696000006
2.0850000000000002e-07,24.362249982719998,1.8268625089280002,-60.312509696000006
2.09e-07,24.39349998464,1.8299875091200002,-57.18750950399999
2.0950000000000002e-07,24.47162498944,1.831550009216,-58.7500096
2.1e-07,24.51849999232,1.8299875091200002,-58.7500096
2.105e-07,24.51849999232,1.8268625089280002,-57.18750950399999
2.1100000000000002e-07,24.50287499136,1.8268625089280002,-54.062509312
2.115e-07,24.50287499136,1.8268625089280002,-55.62500940799998
2.1200000000000002e-07,24.44037498752,1.8299875091200002,-55.62500940799998
2.125e-07,24.39349998464,1.8284250090240002,-55.62500940799998
2.1300000000000001e-07,24.39349998464,1.8268625089280002,-49.37500902400001
2.1350000000000003e-07,24.44037498752,1.8221750086400001,-54.062509312
2.14e-07,24.4872499904,1.8253000088320002,-50.93750911999999
2.1450000000000002e-07,24.51849999232,1.8253000088320002,-50.93750911999999
2.15e-07,24.45599998848,1.8268625089280002,-49.37500902400001
2.1550000000000002e-07,24.377874983679998,1.8253000088320002,-49.37500902400001
2.16e-07,24.39349998464,1.8221750086400001,-49.37500902400001
2.165e-07,24.45599998848,1.8237375087360002,-47.812508928
2.1700000000000002e-07,24.4872499904,1.8268625089280002,-44.687508735999984
2.175e-07,24.44037498752,1.8284250090240002,-46.25000883199999
2.1800000000000002e-07,24.42474998656,1.8253000088320002,-44.687508735999984
2.185e-07,24.42474998656,1.8190500084480001,-43.125008640000004
2.1900000000000002e-07,24.44037498752,1.8206125085440001,-41.562508543999996
2.1950000000000003e-07,24.47162498944,1.8221750086400001,-41.562508543999996
2.2e-07,24.42474998656,1.8237375087360002,-40.00000844799999
2.2050000000000002e-07,24.42474998656,1.8221750086400001,-40.00000844799999
2.21e-07,24.4091249856,1.8206125085440001,-35.31250815999999
2.2150000000000002e-07,24.47162498944,1.8221750086400001,-36.875008256
2.22e-07,24.50287499136,1.8268625089280002,-35.31250815999999
2.2250000000000001e-07,24.4872499904,1.8299875091200002,-35.31250815999999
2.2300000000000002e-07,24.47162498944,1.831550009216,-32.187507968000006
2.235e-07,24.42474998656,1.831550009216,-32.187507968000006
2.2400000000000002e-07,24.4091249856,1.8284250090240002,-29.06250777599999
2.245e-07,24.362249982719998,1.8268625089280002,-30.625007871999998
2.2500000000000002e-07,24.362249982719998,1.8268625089280002,-25.937507584000002
2.255e-07,24.377874983679998,1.8268625089280002,-25.937507584000002
2.26e-07,24.42474998656,1.8284250090240002,-25.937507584000002
2.2650000000000002e-07,24.44037498752,1.8268625089280002,-24.375007487999994
2.27e-07,24.45599998848,1.8299875091200002,-19.6875072
2.2750000000000002e-07,24.44037498752,1.8299875091200002,-21.250007295999993
2.28e-07,24.377874983679998,1.8299875091200002,-19.6875072
2.2850000000000001e-07,24.39349998464,1.8299875091200002,-19.6875072
2.2900000000000003e-07,24.39349998464,1.8299875091200002,-16.562507007999997
2.295e-07,24.44037498752,1.8284250090240002,-16.562507007999997
2.3000000000000002e-07,24.44037498752,1.831550009216,-13.437506815999996
2.305e-07,24.44037498752,1.833112509312,-13.437506815999996
2.3100000000000002e-07,24.42474998656,1.833112509312,-10.312506623999994
2.315e-07,24.39349998464,1.8299875091200002,-10.312506623999994
2.32e-07,24.4091249856,1.8221750086400001,-10.312506623999994
2.3250000000000002e-07,24.377874983679998,1.8190500084480001,-8.750006528
2.33e-07,24.4091249856,1.8253000088320002,-4.0625062399999905
2.3350000000000002e-07,24.44037498752,1.8299875091200002,-4.0625062399999905
2.34e-07,24.4872499904,1.8299875091200002,-2.5000061439999968
2.3450000000000002e-07,24.45599998848,1.8253000088320002,-0.937506048000003
2.3500000000000003e-07,24.39349998464,1.8253000088320002,2.1874941439999986
2.355e-07,24.330999980799998,1.8268625089280002,0.6249940480000049
2.3600000000000002e-07,24.330999980799998,1.8299875091200002,2.1874941439999986
2.365e-07,24.39349998464,1.8299875091200002,2.1874941439999986
2.3700000000000002e-07,24.42474998656,1.8284250090240002,6.874994432000008
2.375e-07,24.44037498752,1.8268625089280002,5.312494336
2.3800000000000001e-07,24.44037498752,1.8284250090240002,9.99999462400001
2.385e-07,24.45599998848,1.8299875091200002,9.99999462400001
2.39e-07,24.50287499136,1.831550009216,11.562494720000004
2.395e-07,24.45599998848,1.8284250090240002,11.562494720000004
2.4000000000000003e-07,24.45599998848,1.8268625089280002,13.124994815999997
2.405e-07,24.44037498752,1.8253000088320002,13.124994815999997
2.41e-07,24.45599998848,1.8268625089280002,17.812495104000007
2.4150000000000004e-07,24.44037498752,1.8299875091200002,17.812495104000007
2.42e-07,24.44037498752,1.8299875091200002,19.3749952
2.425e-07,24.39349998464,1.8253000088320002,20.93749529600001
2.43e-07,24.346624981759998,1.8268625089280002,22.499995392000002
2.4350000000000003e-07,24.377874983679998,1.8299875091200002,20.93749529600001
2.44e-07,24.45599998848,1.8299875091200002,24.062495487999996
2.445e-07,24.4872499904,1.8268625089280002,24.062495487999996
2.4500000000000004e-07,24.44037498752,1.8253000088320002,28.749995776000006
2.455e-07,24.4091249856,1.8237375087360002,27.187495679999998
2.46e-07,24.4091249856,1.8268625089280002,28.749995776000006
2.465e-07,24.45599998848,1.8268625089280002,28.749995776000006
2.4700000000000003e-07,24.50287499136,1.8284250090240002,31.874995968000007
2.475e-07,24.44037498752,1.8284250090240002,33.437496064
2.48e-07,24.377874983679998,1.8268625089280002,33.437496064
2.4850000000000003e-07,24.362249982719998,1.8237375087360002,33.437496064
2.49e-07,24.4091249856,1.8237375087360002,36.562496256
2.495e-07,24.4091249856,1.8237375087360002,36.562496256
2.5000000000000004e-07,24.44037498752,1.8253000088320002,38.124996352000004
2.505e-07,24.45599998848,1.8253000088320002,39.687496448000005
2.51e-07,24.47162498944,1.8253000088320002,39.687496448000005
2.515e-07,24.4872499904,1.8237375087360002,39.687496448000005
2.5200000000000003e-07,24.47162498944,1.8237375087360002,41.249996544
2.525e-07,24.45599998848,1.8206125085440001,41.249996544
2.53e-07,24.44037498752,1.8190500084480001,44.374996736
2.5350000000000004e-07,24.47162498944,1.8206125085440001,44.374996736
2.54e-07,24.47162498944,1.8253000088320002,45.937496832
2.545e-07,24.47162498944,1.8268625089280002,45.937496832
2.55e-07,24.45599998848,1.8253000088320002,47.499996928
2.5550000000000003e-07,24.4091249856,1.8221750086400001,47.499996928
2.56e-07,24.42474998656,1.8190500084480001,47.499996928
2.565e-07,24.45599998848,1.8190500084480001,49.062497024
2.5700000000000004e-07,24.47162498944,1.8237375087360002,52.187497216000004
2.575e-07,24.47162498944,1.8237375087360002,52.187497216000004
2.58e-07,24.45599998848,1.8237375087360002,50.62499712
2.585e-07,24.39349998464,1.8174875083520001,52.187497216000004
2.5900000000000003e-07,24.346624981759998,1.8159250082560001,55.312497408
2.595e-07,24.362249982719998,1.8206125085440001,53.749997312000005
2.6e-07,24.44037498752,1.8221750086400001,53.749997312000005
2.6050000000000004e-07,24.53412499328,1.8237375087360002,53.749997312000005
2.61e-07,24.50287499136,1.8237375087360002,56.874997504
2.615e-07,24.42474998656,1.8190500084480001,56.874997504
2.62e-07,24.346624981759998,1.8174875083520001,56.874997504
2.6250000000000003e-07,24.39349998464,1.8174875083520001,56.874997504
2.63e-07,24.50287499136,1.8190500084480001,58.4374976
2.635e-07,24.59662499712,1.8206125085440001,58.4374976
2.6400000000000003e-07,24.58099999616,1.8206125085440001,58.4374976
2.645e-07,24.377874983679998,1.8159250082560001,56.874997504
2.65e-07,24.22162497408,1.8159250082560001,58.4374976
2.6550000000000004e-07,24.252874976,1.8159250082560001,59.999997696
2.66e-07,24.4872499904,1.8159250082560001,59.999997696
2.665e-07,24.61224999808,1.8159250082560001,59.999997696
2.67e-07,24.54974999424,1.8174875083520001,61.562497792
2.6750000000000003e-07,24.45599998848,1.8159250082560001,59.999997696
2.68e-07,24.377874983679998,1.8174875083520001,59.999997696
2.685e-07,24.45599998848,1.8190500084480001,61.562497792
2.6900000000000004e-07,24.5653749952,1.8221750086400001,63.124997888
2.695e-07,24.58099999616,1.8221750086400001,61.562497792
2.7e-07,24.47162498944,1.8206125085440001,61.562497792
2.705e-07,24.377874983679998,1.8174875083520001,61.562497792
2.7100000000000003e-07,24.4091249856,1.8190500084480001,63.124997888
2.715e-07,24.47162498944,1.8221750086400001,63.124997888
2.72e-07,24.51849999232,1.8221750086400001,59.999997696
2.7250000000000004e-07,24.45599998848,1.8190500084480001,61.562497792
2.73e-07,24.39349998464,1.8206125085440001,63.124997888
2.735e-07,24.377874983679998,1.8190500084480001,63.124997888
2.74e-07,24.45599998848,1.8174875083520001,61.562497792
2.7450000000000003e-07,24.51849999232,1.8159250082560001,63.124997888
2.75e-07,24.53412499328,1.8190500084480001,63.124997888
2.755e-07,24.51849999232,1.8206125085440001,61.562497792
2.7600000000000004e-07,24.45599998848,1.8206125085440001,61.562497792
2.765e-07,24.42474998656,1.8159250082560001,59.999997696
2.77e-07,24.42474998656,1.81436250816,63.124997888
2.7750000000000004e-07,24.45599998848,1.812800008064,59.999997696
2.7800000000000003e-07,24.47162498944,1.812800008064,61.562497792
2.785e-07,24.47162498944,1.81436250816,59.999997696
2.79e-07,24.50287499136,1.812800008064,59.999997696
2.7950000000000003e-07,24.47162498944,1.81436250816,59.999997696
2.8e-07,24.50287499136,1.811237507968,59.999997696
2.805e-07,24.50287499136,1.812800008064,58.4374976
2.8100000000000004e-07,24.45599998848,1.81436250816,59.999997696
2.815e-07,24.4091249856,1.81436250816,59.999997696
2.82e-07,24.44037498752,1.811237507968,56.874997504
2.825e-07,24.50287499136,1.811237507968,58.4374976
2.8300000000000003e-07,24.54974999424,1.81436250816,58.4374976
2.835e-07,24.5653749952,1.8159250082560001,55.312497408
2.84e-07,24.50287499136,1.8159250082560001,55.312497408
2.8450000000000004e-07,24.42474998656,1.81436250816,55.312497408
2.85e-07,24.42474998656,1.811237507968,55.312497408
2.855e-07,24.50287499136,1.812800008064,53.749997312000005
2.86e-07,24.59662499712,1.812800008064,55.312497408
2.8650000000000003e-07,24.53412499328,1.811237507968,52.187497216000004
2.87e-07,24.44037498752,1.811237507968,52.187497216000004
2.875e-07,24.330999980799998,1.812800008064,52.187497216000004
2.8800000000000004e-07,24.362249982719998,1.812800008064,49.062497024
2.885e-07,24.45599998848,1.812800008064,49.062497024
2.89e-07,24.51849999232,1.81436250816,50.62499712
2.895e-07,24.45599998848,1.808112507776,47.499996928
2.9000000000000003e-07,24.39349998464,1.80655000768,45.937496832
2.905e-07,24.44037498752,1.804987507584,45.937496832
2.91e-07,24.51849999232,1.809675007872,45.937496832
2.9150000000000004e-07,24.61224999808,1.811237507968,42.81249664
2.92e-07,24.51849999232,1.808112507776,41.249996544
2.925e-07,24.4091249856,1.804987507584,39.687496448000005
2.9300000000000004e-07,24.362249982719998,1.804987507584,41.249996544
2.9350000000000003e-07,24.47162498944,1.80655000768,39.687496448000005
2.94e-07,24.54974999424,1.809675007872,39.687496448000005
2.945e-07,24.53412499328,1.80655000768,36.562496256
2.9500000000000003e-07,24.42474998656,1.804987507584,36.562496256
2.955e-07,24.315374979839998,1.80655000768,34.99999616
2.96e-07,24.39349998464,1.80655000768,33.437496064
2.9650000000000004e-07,24.53412499328,1.809675007872,30.312495872
2.97e-07,24.58099999616,1.811237507968,33.437496064
2.975e-07,24.51849999232,1.809675007872,31.874995968000007
2.98e-07,24.42474998656,1.808112507776,28.749995776000006
2.9850000000000003e-07,24.44037498752,1.80655000768,27.187495679999998
2.99e-07,24.54974999424,1.808112507776,27.187495679999998
2.995e-07,24.61224999808,1.808112507776,25.624995584000004
3.0000000000000004e-07,24.53412499328,1.80655000768,24.062495487999996
3.005e-07,24.44037498752,1.804987507584,22.499995392000002
3.01e-07,24.39349998464,1.80655000768,20.93749529600001
3.015e-07,24.47162498944,1.809675007872,19.3749952
3.0200000000000003e-07,24.51849999232,1.811237507968,19.3749952
3.025e-07,24.50287499136,1.809675007872,16.249995008
3.03e-07,24.44037498752,1.808112507776,14.687494912000005
3.0350000000000004e-07,24.39349998464,1.809675007872,13.124994815999997
3.04e-07,24.44037498752,1.809675007872,11.562494720000004
3.045e-07,24.51849999232,1.811237507968,9.99999462400001
3.0500000000000004e-07,24.54974999424,1.809675007872,11.562494720000004
3.0550000000000003e-07,24.50287499136,1.803425007488,8.437494528000002
3.06e-07,24.4872499904,1.803425007488,8.437494528000002
3.065e-07,24.4872499904,1.80655000768,5.312494336
3.0700000000000004e-07,24.54974999424,1.811237507968,5.312494336
3.075e-07,24.58099999616,1.812800008064,2.1874941439999986
3.08e-07,24.51849999232,1.808112507776,2.1874941439999986
3.0850000000000004e-07,24.4872499904,1.80655000768,-0.937506048000003
3.0900000000000003e-07,24.47162498944,1.808112507776,0.6249940480000049
3.095e-07,24.50287499136,1.811237507968,-4.0625062399999905
3.1e-07,24.51849999232,1.811237507968,-4.0625062399999905
3.1050000000000003e-07,24.50287499136,1.809675007872,-5.625006335999998
3.11e-07,24.50287499136,1.808112507776,-7.187506431999992
3.115e-07,24.45599998848,1.809675007872,-8.750006528
3.1200000000000004e-07,24.50287499136,1.81436250816,-10.312506623999994
3.125e-07,24.54974999424,1.8159250082560001,-11.875006720000002
3.13e-07,24.59662499712,1.81436250816,-10.312506623999994
3.135e-07,24.5653749952,1.811237507968,-11.875006720000002
3.1400000000000003e-07,24.5653749952,1.811237507968,-15.000006912000003
3.145e-07,24.5653749952,1.811237507968,-15.000006912000003
3.15e-07,24.53412499328,1.812800008064,-16.562507007999997
3.1550000000000004e-07,24.5653749952,1.812800008064,-18.12500710399999
3.16e-07,24.5653749952,1.809675007872,-19.6875072
3.165e-07,24.53412499328,1.808112507776,-22.812507392
3.1700000000000005e-07,24.51849999232,1.809675007872,-22.812507392
3.1750000000000003e-07,24.54974999424,1.812800008064,-25.937507584000002
3.18e-07,24.53412499328,1.81436250816,-25.937507584000002
3.185e-07,24.51849999232,1.812800008064,-27.500007679999996
3.1900000000000004e-07,24.53412499328,1.812800008064,-29.06250777599999
3.195e-07,24.50287499136,1.81436250816,-29.06250777599999
3.2e-07,24.53412499328,1.8159250082560001,-30.625007871999998
3.2050000000000004e-07,24.58099999616,1.8174875083520001,-32.187507968000006
3.2100000000000003e-07,24.58099999616,1.8159250082560001,-30.625007871999998
3.215e-07,24.54974999424,1.811237507968,-33.750008063999985
3.22e-07,24.54974999424,1.809675007872,-35.31250815999999
3.2250000000000004e-07,24.58099999616,1.812800008064,-35.31250815999999
3.23e-07,24.59662499712,1.8159250082560001,-36.875008256
3.235e-07,24.61224999808,1.8159250082560001,-40.00000844799999
3.2400000000000004e-07,24.58099999616,1.811237507968,-40.00000844799999
3.2450000000000003e-07,24.54974999424,1.809675007872,-43.125008640000004
3.25e-07,24.53412499328,1.809675007872,-41.562508543999996
3.255e-07,24.54974999424,1.812800008064,-43.125008640000004
3.2600000000000003e-07,24.59662499712,1.8159250082560001,-43.125008640000004
3.265e-07,24.62787499904,1.8159250082560001,-46.25000883199999
3.27e-07,24.59662499712,1.81436250816,-46.25000883199999
3.2750000000000004e-07,24.51849999232,1.8159250082560001,-46.25000883199999
3.28e-07,24.4872499904,1.8174875083520001,-47.812508928
3.285e-07,24.54974999424,1.8159250082560001,-50.93750911999999
3.29e-07,24.6435,1.8174875083520001,-47.812508928
3.2950000000000003e-07,24.6435,1.81436250816,-50.93750911999999
3.3e-07,24.62787499904,1.8174875083520001,-52.500009215999995
3.305e-07,24.5653749952,1.8190500084480001,-50.93750911999999
3.3100000000000004e-07,24.47162498944,1.8174875083520001,-52.500009215999995
3.315e-07,24.45599998848,1.8174875083520001,-54.062509312
3.32e-07,24.4872499904,1.812800008064,-55.62500940799998
3.3250000000000005e-07,24.5653749952,1.808112507776,-55.62500940799998
3.3300000000000003e-07,24.5653749952,1.811237507968,-54.062509312
3.335e-07,24.53412499328,1.81436250816,-57.18750950399999
3.34e-07,24.47162498944,1.8159250082560001,-57.18750950399999
3.3450000000000004e-07,24.4091249856,1.811237507968,-58.7500096
3.35e-07,24.4091249856,1.811237507968,-58.7500096
3.355e-07,24.45599998848,1.812800008064,-58.7500096
3.3600000000000004e-07,24.58099999616,1.81436250816,-60.312509696000006
3.3650000000000003e-07,24.62787499904,1.81436250816,-61.875009791999986
3.37e-07,24.59662499712,1.8159250082560001,-60.312509696000006
3.375e-07,24.54974999424,1.8159250082560001,-60.312509696000006
3.3800000000000004e-07,24.4872499904,1.8190500084480001,-61.875009791999986
3.385e-07,24.4872499904,1.8190500084480001,-60.312509696000006
3.39e-07,24.53412499328,1.8190500084480001,-60.312509696000006
3.3950000000000004e-07,24.58099999616,1.81436250816,-63.437509887999994
3.4000000000000003e-07,24.5653749952,1.811237507968,-65.000009984
3.405e-07,24.5653749952,1.81436250816,-63.437509887999994
3.41e-07,24.51849999232,1.8221750086400001,-61.875009791999986
3.4150000000000003e-07,24.47162498944,1.8284250090240002,-65.000009984
3.42e-07,24.44037498752,1.8268625089280002,-63.437509887999994
3.425e-07,24.42474998656,1.8190500084480001,-65.000009984
3.4300000000000004e-07,24.42474998656,1.81436250816,-66.56251007999998
3.435e-07,24.51849999232,1.8190500084480001,-65.000009984
3.44e-07,24.62787499904,1.8253000088320002,-65.000009984
3.4450000000000005e-07,24.59662499712,1.8268625089280002,-66.56251007999998
3.4500000000000003e-07,24.4872499904,1.8284250090240002,-63.437509887999994
3.455e-07,24.39349998464,1.8237375087360002,-63.437509887999994
3.46e-07,24.4091249856,1.8221750086400001,-65.000009984
3.4650000000000004e-07,24.54974999424,1.8221750086400001,-66.56251007999998
3.47e-07,24.62787499904,1.8268625089280002,-63.437509887999994
3.475e-07,24.5653749952,1.8237375087360002,-63.437509887999994
3.4800000000000005e-07,24.4091249856,1.8190500084480001,-65.000009984
3.4850000000000003e-07,24.330999980799998,1.8206125085440001,-66.56251007999998
3.49e-07,24.346624981759998,1.8268625089280002,-63.437509887999994
3.495e-07,24.4091249856,1.8284250090240002,-65.000009984
3.5000000000000004e-07,24.47162498944,1.8237375087360002,-63.437509887999994
3.505e-07,24.50287499136,1.8190500084480001,-63.437509887999994
3.51e-07,24.51849999232,1.8190500084480001,-65.000009984
3.5150000000000004e-07,24.4872499904,1.8221750086400001,-63.437509887999994
3.5200000000000003e-07,24.50287499136,1.8221750086400001,-63.437509887999994
3.525e-07,24.45599998848,1.8206125085440001,-63.437509887999994
3.53e-07,24.45599998848,1.8206125085440001,-60.312509696000006
3.5350000000000004e-07,24.47162498944,1.8174875083520001,-60.312509696000006
3.54e-07,24.53412499328,1.8190500084480001,-63.437509887999994
3.545e-07,24.54974999424,1.8253000088320002,-60.312509696000006
3.5500000000000004e-07,24.4872499904,1.8268625089280002,-58.7500096
3.5550000000000003e-07,24.4091249856,1.8237375087360002,-60.312509696000006
3.56e-07,24.362249982719998,1.8206125085440001,-61.875009791999986
3.565e-07,24.4091249856,1.8206125085440001,-60.312509696000006
3.5700000000000003e-07,24.47162498944,1.8284250090240002,-57.18750950399999
3.575e-07,24.51849999232,1.831550009216,-58.7500096
3.58e-07,24.53412499328,1.8268625089280002,-57.18750950399999
3.5850000000000004e-07,24.51849999232,1.8237375087360002,-57.18750950399999
3.59e-07,24.51849999232,1.8268625089280002,-57.18750950399999
3.595e-07,24.44037498752,1.8284250090240002,-54.062509312
3.6000000000000005e-07,24.4091249856,1.8299875091200002,-54.062509312
3.6050000000000003e-07,24.377874983679998,1.8284250090240002,-54.062509312
3.61e-07,24.44037498752,1.8237375087360002,-52.500009215999995
3.615e-07,24.50287499136,1.8221750086400001,-52.500009215999995
3.6200000000000004e-07,24.51849999232,1.8253000088320002,-50.93750911999999
3.625e-07,24.47162498944,1.8268625089280002,-49.37500902400001
3.63e-07,24.39349998464,1.8268625089280002,-49.37500902400001
3.6350000000000005e-07,24.39349998464,1.8237375087360002,-47.812508928
3.6400000000000003e-07,24.42474998656,1.8221750086400001,-47.812508928
3.645e-07,24.47162498944,1.8253000088320002,-46.25000883199999
3.65e-07,24.44037498752,1.8299875091200002,-43.125008640000004
3.6550000000000004e-07,24.4091249856,1.8284250090240002,-44.687508735999984
3.66e-07,24.4091249856,1.8284250090240002,-43.125008640000004
3.665e-07,24.44037498752,1.8268625089280002,-43.125008640000004
3.6700000000000004e-07,24.47162498944,1.8284250090240002,-41.562508543999996
3.6750000000000003e-07,24.42474998656,1.8284250090240002,-40.00000844799999
3.68e-07,24.4091249856,1.831550009216,-38.43750835200001
3.685e-07,24.4091249856,1.8299875091200002,-38.43750835200001
3.6900000000000004e-07,24.45599998848,1.831550009216,-33.750008063999985
3.695e-07,24.50287499136,1.8268625089280002,-33.750008063999985
3.7e-07,24.50287499136,1.8284250090240002,-35.31250815999999
3.7050000000000004e-07,24.47162498944,1.8299875091200002,-33.750008063999985
3.7100000000000003e-07,24.4091249856,1.833112509312,-30.625007871999998
3.715e-07,24.39349998464,1.8284250090240002,-30.625007871999998
3.7200000000000005e-07,24.362249982719998,1.8253000088320002,-29.06250777599999
3.7250000000000003e-07,24.362249982719998,1.8268625089280002,-29.06250777599999
3.73e-07,24.377874983679998,1.8284250090240002,-24.375007487999994
3.735e-07,24.4091249856,1.8284250090240002,-25.937507584000002
3.7400000000000004e-07,24.42474998656,1.8299875091200002,-22.812507392
3.745e-07,24.47162498944,1.8268625089280002,-22.812507392
3.75e-07,24.45599998848,1.8268625089280002,-21.250007295999993
3.7550000000000005e-07,24.377874983679998,1.8299875091200002,-19.6875072
3.7600000000000003e-07,24.377874983679998,1.8299875091200002,-18.12500710399999
3.765e-07,24.4091249856,1.8253000088320002,-18.12500710399999
3.77e-07,24.44037498752,1.8268625089280002,-15.000006912000003
3.7750000000000004e-07,24.44037498752,1.8299875091200002,-11.875006720000002
3.78e-07,24.44037498752,1.834675009408,-13.437506815999996
3.785e-07,24.39349998464,1.833112509312,-11.875006720000002
3.7900000000000005e-07,24.377874983679998,1.831550009216,-8.750006528
3.7950000000000003e-07,24.377874983679998,1.8268625089280002,-7.187506431999992
3.8e-07,24.346624981759998,1.8253000088320002,-7.187506431999992
3.805e-07,24.39349998464,1.8284250090240002,-5.625006335999998
3.8100000000000004e-07,24.44037498752,1.8284250090240002,-2.5000061439999968
3.815e-07,24.4872499904,1.8268625089280002,-2.5000061439999968
3.82e-07,24.44037498752,1.8268625089280002,-0.937506048000003
3.8250000000000004e-07,24.377874983679998,1.8284250090240002,-0.937506048000003
3.8300000000000003e-07,24.346624981759998,1.8299875091200002,0.6249940480000049
3.835e-07,24.346624981759998,1.8299875091200002,3.7499942400000066
3.8400000000000005e-07,24.39349998464,1.8268625089280002,2.1874941439999986
3.8450000000000004e-07,24.42474998656,1.8284250090240002,3.7499942400000066
3.85e-07,24.44037498752,1.8299875091200002,8.437494528000002
3.855e-07,24.4091249856,1.8284250090240002,8.437494528000002
3.8600000000000004e-07,24.42474998656,1.8299875091200002,8.437494528000002
3.865e-07,24.45599998848,1.8284250090240002,9.99999462400001
3.87e-07,24.45599998848,1.8299875091200002,13.124994815999997
3.8750000000000005e-07,24.42474998656,1.8268625089280002,13.124994815999997
3.8800000000000003e-07,24.4091249856,1.8268625089280002,14.687494912000005
3.885e-07,24.42474998656,1.8284250090240002,16.249995008
3.89e-07,24.4091249856,1.8299875091200002,17.812495104000007
3.8950000000000004e-07,24.39349998464,1.8299875091200002,17.812495104000007
3.9e-07,24.346624981759998,1.8284250090240002,20.93749529600001
3.905e-07,24.346624981759998,1.8268625089280002,20.93749529600001
3.9100000000000005e-07,24.39349998464,1.8284250090240002,22.499995392000002
3.9150000000000003e-07,24.44037498752,1.8299875091200002,24.062495487999996
3.92e-07,24.47162498944,1.8268625089280002,25.624995584000004
3.925e-07,24.44037498752,1.8237375087360002,25.624995584000004
3.9300000000000004e-07,24.42474998656,1.8253000088320002,30.312495872
3.935e-07,24.4091249856,1.8268625089280002,28.749995776000006
3.94e-07,24.45599998848,1.8299875091200002,28.749995776000006
3.9450000000000005e-07,24.47162498944,1.8299875091200002,31.874995968000007
3.9500000000000003e-07,24.42474998656,1.8253000088320002,33.437496064
3.955e-07,24.377874983679998,1.8237375087360002,33.437496064
3.96e-07,24.362249982719998,1.8253000088320002,34.99999616
3.9650000000000004e-07,24.4091249856,1.8253000088320002,34.99999616
3.97e-07,24.4091249856,1.8253000088320002,36.562496256
3.975e-07,24.4091249856,1.8253000088320002,36.562496256
3.9800000000000004e-07,24.44037498752,1.8253000088320002,38.124996352000004
3.9850000000000003e-07,24.45599998848,1.8253000088320002,39.687496448000005
3.99e-07,24.4872499904,1.8253000088320002,41.249996544
3.9950000000000005e-07,24.45599998848,1.8253000088320002,41.249996544
4.0000000000000003e-07,24.45599998848,1.8221750086400001,41.249996544
4.005e-07,24.45599998848,1.8190500084480001,41.249996544
4.01e-07,24.47162498944,1.8206125085440001,45.937496832
4.0150000000000004e-07,24.47162498944,1.8253000088320002,44.374996736
4.02e-07,24.4872499904,1.8299875091200002,44.374996736
4.025e-07,24.44037498752,1.8284250090240002,45.937496832
4.0300000000000005e-07,24.42474998656,1.8206125085440001,49.062497024
4.0350000000000003e-07,24.4091249856,1.8174875083520001,49.062497024
4.04e-07,24.42474998656,1.8190500084480001,47.499996928
4.045e-07,24.47162498944,1.8237375087360002,49.062497024
4.0500000000000004e-07,24.45599998848,1.8268625089280002,53.749997312000005
4.055e-07,24.44037498752,1.8268625089280002,52.187497216000004
4.06e-07,24.362249982719998,1.8221750086400001,52.187497216000004
4.0650000000000005e-07,24.346624981759998,1.8174875083520001,52.187497216000004
4.0700000000000003e-07,24.377874983679998,1.8221750086400001,53.749997312000005
4.075e-07,24.44037498752,1.8253000088320002,55.312497408
4.08e-07,24.51849999232,1.8253000088320002,53.749997312000005
4.0850000000000004e-07,24.51849999232,1.8190500084480001,55.312497408
4.09e-07,24.44037498752,1.8159250082560001,58.4374976
4.095e-07,24.346624981759998,1.8174875083520001,58.4374976
4.1000000000000004e-07,24.362249982719998,1.8190500084480001,56.874997504
4.1050000000000003e-07,24.4872499904,1.8190500084480001,58.4374976
4.11e-07,24.59662499712,1.8190500084480001,58.4374976
4.1150000000000005e-07,24.58099999616,1.8190500084480001,58.4374976
4.1200000000000004e-07,24.377874983679998,1.8190500084480001,58.4374976
4.125e-07,24.22162497408,1.8190500084480001,58.4374976
4.13e-07,24.26849997696,1.8174875083520001,61.562497792
4.1350000000000004e-07,24.45599998848,1.8190500084480001,58.4374976
4.1400000000000003e-07,24.58099999616,1.8206125085440001,61.562497792
4.145e-07,24.5653749952,1.81436250816,59.999997696
4.1500000000000005e-07,24.47162498944,1.81436250816,59.999997696
4.1550000000000003e-07,24.377874983679998,1.8174875083520001,61.562497792
4.16e-07,24.45599998848,1.8221750086400001,61.562497792
4.165e-07,24.58099999616,1.8206125085440001,59.999997696
4.1700000000000004e-07,24.59662499712,1.8190500084480001,63.124997888
4.175e-07,24.44037498752,1.8174875083520001,63.124997888
4.18e-07,24.377874983679998,1.8174875083520001,61.562497792
4.1850000000000005e-07,24.4091249856,1.8159250082560001,64.687497984
4.1900000000000003e-07,24.4872499904,1.8159250082560001,63.124997888
4.195e-07,24.51849999232,1.8174875083520001,61.562497792
4.2e-07,24.45599998848,1.8190500084480001,61.562497792
4.2050000000000004e-07,24.39349998464,1.8159250082560001,59.999997696
4.21e-07,24.377874983679998,1.81436250816,61.562497792
4.215e-07,24.44037498752,1.81436250816,63.124997888
4.2200000000000005e-07,24.50287499136,1.8159250082560001,63.124997888
4.2250000000000003e-07,24.51849999232,1.8174875083520001,61.562497792
4.23e-07,24.50287499136,1.8206125085440001,61.562497792
4.235e-07,24.42474998656,1.8174875083520001,61.562497792
4.2400000000000004e-07,24.4091249856,1.812800008064,59.999997696
4.245e-07,24.42474998656,1.811237507968,59.999997696
4.25e-07,24.45599998848,1.8174875083520001,63.124997888
4.2550000000000004e-07,24.45599998848,1.812800008064,63.124997888
4.2600000000000003e-07,24.45599998848,1.81436250816,61.562497792
4.265e-07,24.47162498944,1.811237507968,59.999997696
4.2700000000000005e-07,24.45599998848,1.811237507968,59.999997696
4.2750000000000004e-07,24.4872499904,1.811237507968,59.999997696
4.28e-07,24.4872499904,1.8159250082560001,58.4374976
4.285e-07,24.45599998848,1.8190500084480001,56.874997504
4.2900000000000004e-07,24.39349998464,1.81436250816,59.999997696
4.2950000000000003e-07,24.4091249856,1.811237507968,58.4374976
4.3e-07,24.47162498944,1.809675007872,56.874997504
4.3050000000000005e-07,24.51849999232,1.812800008064,56.874997504
4.3100000000000003e-07,24.5653749952,1.8174875083520001,55.312497408
4.315e-07,24.4872499904,1.8190500084480001,55.312497408
4.32e-07,24.4091249856,1.8159250082560001,56.874997504
4.3250000000000004e-07,24.4091249856,1.812800008064,55.312497408
4.33e-07,24.50287499136,1.81436250816,55.312497408
4.335e-07,24.58099999616,1.812800008064,53.749997312000005
4.3400000000000005e-07,24.54974999424,1.812800008064,52.187497216000004
4.3450000000000003e-07,24.42474998656,1.811237507968,50.62499712
4.35e-07,24.330999980799998,1.811237507968,52.187497216000004
4.355e-07,24.362249982719998,1.812800008064,50.62499712
4.3600000000000004e-07,24.47162498944,1.812800008064,49.062497024
4.365e-07,24.50287499136,1.812800008064,47.499996928
4.37e-07,24.44037498752,1.809675007872,49.062497024
4.3750000000000005e-07,24.39349998464,1.80655000768,45.937496832
4.3800000000000003e-07,24.42474998656,1.804987507584,45.937496832
4.385e-07,24.53412499328,1.809675007872,42.81249664
4.3900000000000005e-07,24.59662499712,1.812800008064,44.374996736
4.3950000000000004e-07,24.53412499328,1.811237507968,42.81249664
4.4e-07,24.4091249856,1.809675007872,39.687496448000005
4.405e-07,24.362249982719998,1.80655000768,39.687496448000005
4.4100000000000004e-07,24.4872499904,1.811237507968,39.687496448000005
4.4150000000000003e-07,24.5653749952,1.812800008064,38.124996352000004
4.42e-07,24.54974999424,1.811237507968,36.562496256
4.4250000000000005e-07,24.4091249856,1.811237507968,36.562496256
4.4300000000000004e-07,24.315374979839998,1.808112507776,36.562496256
4.435e-07,24.39349998464,1.808112507776,33.437496064
4.44e-07,24.51849999232,1.808112507776,30.312495872
4.4450000000000004e-07,24.59662499712,1.808112507776,30.312495872
4.4500000000000003e-07,24.50287499136,1.809675007872,31.874995968000007
4.455e-07,24.42474998656,1.812800008064,28.749995776000006
4.4600000000000005e-07,24.44037498752,1.812800008064,28.749995776000006
4.4650000000000003e-07,24.54974999424,1.811237507968,25.624995584000004
4.47e-07,24.62787499904,1.811237507968,24.062495487999996
4.475e-07,24.53412499328,1.811237507968,22.499995392000002
4.4800000000000004e-07,24.44037498752,1.808112507776,22.499995392000002
4.485e-07,24.42474998656,1.80655000768,20.93749529600001
4.49e-07,24.4872499904,1.811237507968,20.93749529600001
4.4950000000000005e-07,24.53412499328,1.812800008064,17.812495104000007
4.5000000000000003e-07,24.50287499136,1.809675007872,17.812495104000007
4.505e-07,24.44037498752,1.80655000768,14.687494912000005
4.51e-07,24.39349998464,1.80655000768,16.249995008
4.5150000000000004e-07,24.45599998848,1.80655000768,13.124994815999997
4.52e-07,24.50287499136,1.80655000768,9.99999462400001
4.525e-07,24.53412499328,1.80655000768,9.99999462400001
4.5300000000000005e-07,24.50287499136,1.804987507584,9.99999462400001
4.5350000000000003e-07,24.4872499904,1.804987507584,5.312494336
4.54e-07,24.50287499136,1.809675007872,5.312494336
4.5450000000000005e-07,24.5653749952,1.809675007872,3.7499942400000066
4.5500000000000004e-07,24.59662499712,1.809675007872,3.7499942400000066
4.555e-07,24.51849999232,1.809675007872,0.6249940480000049
4.56e-07,24.47162498944,1.808112507776,-0.937506048000003
4.5650000000000004e-07,24.4872499904,1.811237507968,-2.5000061439999968
4.5700000000000003e-07,24.50287499136,1.812800008064,-0.937506048000003
4.575e-07,24.51849999232,1.809675007872,-4.0625062399999905
4.5800000000000005e-07,24.51849999232,1.808112507776,-4.0625062399999905
4.5850000000000004e-07,24.47162498944,1.80655000768,-5.625006335999998
4.59e-07,24.44037498752,1.808112507776,-5.625006335999998
4.595e-07,24.4872499904,1.812800008064,-8.750006528
4.6000000000000004e-07,24.53412499328,1.812800008064,-11.875006720000002
4.6050000000000003e-07,24.5653749952,1.809675007872,-13.437506815999996
4.61e-07,24.54974999424,1.808112507776,-11.875006720000002
4.6150000000000005e-07,24.5653749952,1.808112507776,-16.562507007999997
4.6200000000000003e-07,24.54974999424,1.812800008064,-16.562507007999997
4.625e-07,24.54974999424,1.8159250082560001,-18.12500710399999
4.63e-07,24.58099999616,1.8174875083520001,-19.6875072
4.6350000000000004e-07,24.54974999424,1.812800008064,-22.812507392
4.64e-07,24.53412499328,1.811237507968,-22.812507392
4.645e-07,24.51849999232,1.809675007872,-24.375007487999994
4.6500000000000005e-07,24.53412499328,1.812800008064,-22.812507392
4.6550000000000003e-07,24.51849999232,1.812800008064,-27.500007679999996
4.66e-07,24.53412499328,1.811237507968,-29.06250777599999
4.6650000000000005e-07,24.51849999232,1.809675007872,-29.06250777599999
4.6700000000000004e-07,24.4872499904,1.812800008064,-29.06250777599999
4.675e-07,24.53412499328,1.8159250082560001,-30.625007871999998
4.68e-07,24.5653749952,1.8159250082560001,-32.187507968000006
4.6850000000000005e-07,24.58099999616,1.81436250816,-33.750008063999985
4.6900000000000003e-07,24.51849999232,1.812800008064,-32.187507968000006
4.695e-07,24.51849999232,1.811237507968,-36.875008256
4.7000000000000005e-07,24.54974999424,1.809675007872,-35.31250815999999
4.7050000000000004e-07,24.58099999616,1.809675007872,-38.43750835200001
4.71e-07,24.61224999808,1.812800008064,-38.43750835200001
4.715e-07,24.58099999616,1.812800008064,-40.00000844799999
4.7200000000000004e-07,24.54974999424,1.811237507968,-41.562508543999996
4.7250000000000003e-07,24.51849999232,1.812800008064,-43.125008640000004
4.73e-07,24.54974999424,1.8174875083520001,-43.125008640000004
4.7350000000000005e-07,24.5653749952,1.81436250816,-44.687508735999984
4.7400000000000004e-07,24.59662499712,1.811237507968,-46.25000883199999
4.745e-07,24.58099999616,1.809675007872,-44.687508735999984
4.75e-07,24.50287499136,1.811237507968,-46.25000883199999
4.7550000000000004e-07,24.4872499904,1.811237507968,-47.812508928
4.7600000000000003e-07,24.54974999424,1.811237507968,-49.37500902400001
4.765e-07,24.62787499904,1.811237507968,-50.93750911999999
4.77e-07,24.6435,1.809675007872,-49.37500902400001
4.775e-07,24.61224999808,1.811237507968,-52.500009215999995
4.78e-07,24.54974999424,1.81436250816,-52.500009215999995
4.785000000000001e-07,24.47162498944,1.8159250082560001,-54.062509312
4.79e-07,24.45599998848,1.81436250816,-54.062509312
4.795e-07,24.47162498944,1.811237507968,-55.62500940799998
4.800000000000001e-07,24.53412499328,1.808112507776,-57.18750950399999
4.805e-07,24.54974999424,1.811237507968,-57.18750950399999
4.81e-07,24.53412499328,1.8174875083520001,-55.62500940799998
4.815000000000001e-07,24.45599998848,1.8190500084480001,-57.18750950399999
4.82e-07,24.4091249856,1.8159250082560001,-58.7500096
4.825e-07,24.362249982719998,1.811237507968,-60.312509696000006
4.830000000000001e-07,24.44037498752,1.811237507968,-58.7500096
4.835e-07,24.58099999616,1.812800008064,-60.312509696000006
4.84e-07,24.59662499712,1.81436250816,-60.312509696000006
4.845e-07,24.58099999616,1.8174875083520001,-63.437509887999994
4.85e-07,24.51849999232,1.8174875083520001,-60.312509696000006
4.855e-07,24.45599998848,1.8159250082560001,-61.875009791999986
4.86e-07,24.47162498944,1.8190500084480001,-61.875009791999986
4.865e-07,24.54974999424,1.8174875083520001,-63.437509887999994
4.870000000000001e-07,24.58099999616,1.81436250816,-63.437509887999994
4.875e-07,24.54974999424,1.811237507968,-63.437509887999994
4.88e-07,24.54974999424,1.812800008064,-65.000009984
4.885000000000001e-07,24.51849999232,1.8206125085440001,-65.000009984
4.89e-07,24.45599998848,1.8253000088320002,-61.875009791999986
4.895e-07,24.42474998656,1.8237375087360002,-63.437509887999994
4.900000000000001e-07,24.4091249856,1.8174875083520001,-65.000009984
4.905e-07,24.42474998656,1.811237507968,-63.437509887999994
4.91e-07,24.51849999232,1.81436250816,-63.437509887999994
4.915000000000001e-07,24.61224999808,1.8237375087360002,-65.000009984
4.92e-07,24.58099999616,1.8284250090240002,-65.000009984
4.925e-07,24.45599998848,1.8253000088320002,-66.56251007999998
4.93e-07,24.377874983679998,1.8237375087360002,-63.437509887999994
4.935e-07,24.4091249856,1.8221750086400001,-66.56251007999998
4.940000000000001e-07,24.53412499328,1.8253000088320002,-63.437509887999994
4.945e-07,24.61224999808,1.8237375087360002,-65.000009984
4.95e-07,24.54974999424,1.8237375087360002,-65.000009984
4.955000000000001e-07,24.39349998464,1.8221750086400001,-65.000009984
4.96e-07,24.315374979839998,1.8221750086400001,-65.000009984
4.965e-07,24.315374979839998,1.8237375087360002,-65.000009984
4.970000000000001e-07,24.4091249856,1.8253000088320002,-63.437509887999994
4.975e-07,24.47162498944,1.8221750086400001,-63.437509887999994
4.98e-07,24.50287499136,1.8190500084480001,-65.000009984
4.985000000000001e-07,24.4872499904,1.8206125085440001,-63.437509887999994
4.99e-07,24.47162498944,1.8253000088320002,-61.875009791999986
4.995e-07,24.4872499904,1.8268625089280002,-63.437509887999994
