Time (s),V_IN,I_IN,V_OUT
0.0,3.937496639999999,0.1187499776,3.41975001664
5e-10,3.937496639999999,0.1187499776,3.40725001792
1e-09,3.6249966720000018,0.12499997696000001,3.41350001728
1.5000000000000002e-09,3.6249966720000018,0.12499997696000001,3.40100001856
2e-09,3.937496639999999,0.1187499776,3.40100001856
2.5e-09,3.937496639999999,0.1187499776,3.3947500192
3.0000000000000004e-09,3.6249966720000018,0.1187499776,3.40725001792
3.5000000000000003e-09,3.6249966720000018,0.1187499776,3.3947500192
4e-09,3.937496639999999,0.1187499776,3.3947500192
4.500000000000001e-09,3.6249966720000018,0.1187499776,3.40100001856
5e-09,3.6249966720000018,0.1187499776,3.40100001856
5.5000000000000004e-09,3.3124967040000044,0.1187499776,3.3947500192
6.000000000000001e-09,3.6249966720000018,0.11249997823999999,3.3947500192
6.5e-09,3.3124967040000044,0.1187499776,3.3885000198400004
7.000000000000001e-09,3.6249966720000018,0.11249997823999999,3.3947500192
7.500000000000001e-09,3.3124967040000044,0.10624997888000001,3.3885000198400004
8e-09,3.6249966720000018,0.10624997888000001,3.3885000198400004
8.5e-09,3.6249966720000018,0.10624997888000001,3.3822500204800003
9.000000000000001e-09,3.3124967040000044,0.10624997888000001,3.3885000198400004
9.5e-09,3.6249966720000018,0.10624997888000001,3.3822500204800003
1e-08,3.6249966720000018,0.09999997952,3.3822500204800003
1.0500000000000001e-08,3.6249966720000018,0.09999997952,3.3697500217600003
1.1000000000000001e-08,3.6249966720000018,0.09999997952,3.3760000211200003
1.15e-08,3.6249966720000018,0.09999997952,3.3760000211200003
1.2000000000000002e-08,3.6249966720000018,0.09374998016,3.3760000211200003
1.2500000000000001e-08,3.6249966720000018,0.08749998080000002,3.3760000211200003
1.3e-08,3.6249966720000018,0.09374998016,3.3760000211200003
1.35e-08,3.3124967040000044,0.08749998080000002,3.3697500217600003
1.4000000000000001e-08,3.6249966720000018,0.09374998016,3.3697500217600003
1.45e-08,3.3124967040000044,0.07499998208,3.3635000224000002
1.5000000000000002e-08,3.3124967040000044,0.08124998144000001,3.3760000211200003
1.55e-08,3.3124967040000044,0.08124998144000001,3.3697500217600003
1.6e-08,3.6249966720000018,0.08124998144000001,3.3760000211200003
1.6500000000000002e-08,3.937496639999999,0.06874998271999999,3.3697500217600003
1.7e-08,2.999996736,0.06874998271999999,3.3760000211200003
1.75e-08,3.6249966720000018,0.06874998271999999,3.3760000211200003
1.8000000000000002e-08,3.3124967040000044,0.06249998336000001,3.3697500217600003
1.85e-08,3.3124967040000044,0.056249984,3.3697500217600003
1.9e-08,3.3124967040000044,0.056249984,3.3822500204800003
1.9500000000000003e-08,3.3124967040000044,0.06249998336000001,3.3822500204800003
2e-08,3.6249966720000018,0.049999984639999995,3.3822500204800003
2.05e-08,3.3124967040000044,0.043749985280000014,3.3822500204800003
2.1000000000000003e-08,3.3124967040000044,0.043749985280000014,3.3822500204800003
2.15e-08,2.999996736,0.043749985280000014,3.3760000211200003
2.2000000000000002e-08,3.3124967040000044,0.037499985920000006,3.3760000211200003
2.2500000000000003e-08,3.3124967040000044,0.037499985920000006,3.3697500217600003
2.3e-08,3.3124967040000044,0.031249986559999998,3.3760000211200003
2.3500000000000002e-08,2.999996736,0.031249986559999998,3.3697500217600003
2.4000000000000003e-08,2.999996736,0.024999987200000004,3.3760000211200003
2.45e-08,3.3124967040000044,0.018749987839999996,3.3697500217600003
2.5000000000000002e-08,2.999996736,0.018749987839999996,3.3697500217600003
2.55e-08,3.3124967040000044,0.024999987200000004,3.3697500217600003
2.6e-08,2.999996736,0.0062499891199999935,3.3697500217600003
2.6500000000000002e-08,2.999996736,0.0062499891199999935,3.3635000224000002
2.7e-08,2.999996736,0.0062499891199999935,3.3760000211200003
2.75e-08,2.999996736,0.0062499891199999935,3.3822500204800003
2.8000000000000003e-08,2.6874967680000026,-1.0240000000716343e-08,3.3760000211200003
2.85e-08,2.6874967680000026,-0.006250009599999995,3.3822500204800003
2.9e-08,2.6874967680000026,-0.006250009599999995,3.3885000198400004
2.9500000000000003e-08,2.3749968000000017,-1.0240000000716343e-08,3.3822500204800003
3.0000000000000004e-08,2.6874967680000026,-0.006250009599999995,3.3760000211200003
3.05e-08,2.6874967680000026,-0.006250009599999995,3.3760000211200003
3.1e-08,2.062496832000001,-0.006250009599999995,3.3885000198400004
3.1500000000000004e-08,2.062496832000001,-0.012500008960000003,3.3822500204800003
3.2e-08,2.062496832000001,-0.012500008960000003,3.3885000198400004
3.25e-08,2.062496832000001,-0.006250009599999995,3.3947500192
3.3000000000000004e-08,1.4374968960000025,-0.012500008960000003,3.3947500192
3.35e-08,1.7499968640000034,-0.012500008960000003,3.3885000198400004
3.4e-08,1.7499968640000034,-0.018750008319999997,3.3885000198400004
3.4500000000000005e-08,1.4374968960000025,-0.025000007680000005,3.3760000211200003
3.5e-08,1.1249969280000016,-0.018750008319999997,3.3885000198400004
3.55e-08,1.1249969280000016,-0.018750008319999997,3.3822500204800003
3.6000000000000005e-08,1.1249969280000016,-0.025000007680000005,3.3760000211200003
3.65e-08,0.8124969600000007,-0.018750008319999997,3.3822500204800003
3.7e-08,0.8124969600000007,-0.025000007680000005,3.3885000198400004
3.7500000000000005e-08,0.8124969600000007,-0.018750008319999997,3.3822500204800003
3.8e-08,0.4999969919999998,-0.03125000704,3.3822500204800003
3.85e-08,0.4999969919999998,-0.025000007680000005,3.3885000198400004
3.9000000000000005e-08,-0.12500294399999845,-0.025000007680000005,3.3947500192
3.95e-08,-0.12500294399999845,-0.025000007680000005,3.3885000198400004
4e-08,-0.43750291199999936,-0.025000007680000005,3.3885000198400004
4.0500000000000005e-08,-0.43750291199999936,-0.025000007680000005,3.3885000198400004
4.1e-08,-0.7500028799999967,-0.03125000704,3.3885000198400004
4.15e-08,-0.7500028799999967,-0.025000007680000005,3.3822500204800003
4.2000000000000006e-08,-1.3750028159999985,-0.025000007680000005,3.3885000198400004
4.2500000000000003e-08,-1.3750028159999985,-0.025000007680000005,3.3822500204800003
4.3e-08,-1.6875027839999994,-0.025000007680000005,3.3947500192
4.3500000000000006e-08,-1.6875027839999994,-0.018750008319999997,3.3822500204800003
4.4000000000000004e-08,-2.0000027520000003,-0.03125000704,3.3822500204800003
4.45e-08,-2.3125027199999977,-0.03125000704,3.3822500204800003
4.5000000000000006e-08,-2.6250026879999986,-0.025000007680000005,3.3885000198400004
4.5500000000000004e-08,-2.9375026559999995,-0.025000007680000005,3.3822500204800003
4.6e-08,-2.6250026879999986,-0.025000007680000005,3.3822500204800003
4.6500000000000006e-08,-3.250002623999997,-0.03125000704,3.3697500217600003
4.7000000000000004e-08,-3.250002623999997,-0.03125000704,3.3760000211200003
4.75e-08,-3.250002623999997,-0.03125000704,3.3635000224000002
4.8000000000000006e-08,-3.5625025919999977,-0.0375000064,3.3635000224000002
4.8500000000000004e-08,-3.250002623999997,-0.0375000064,3.35725002304
4.9e-08,-3.8750025599999987,-0.0375000064,3.35100002368
4.95e-08,-3.8750025599999987,-0.0375000064,3.35100002368
5.0000000000000004e-08,-4.187502528,-0.0375000064,3.34475002432
5.05e-08,-4.187502528,-0.0375000064,3.33850002496
5.1e-08,-4.187502528,-0.0375000064,3.35100002368
5.1500000000000005e-08,-4.5000024960000005,-0.0375000064,3.33850002496
5.2e-08,-4.5000024960000005,-0.04375000576,3.3322500256
5.25e-08,-4.812502463999998,-0.04375000576,3.3322500256
5.3000000000000005e-08,-4.812502463999998,-0.04375000576,3.3322500256
5.35e-08,-4.812502463999998,-0.05000000512,3.32600002624
5.4e-08,-4.812502463999998,-0.04375000576,3.31975002688
5.4500000000000005e-08,-5.125002431999999,-0.05000000512,3.3072500281600004
5.5e-08,-5.125002431999999,-0.056250004480000004,3.31350002752
5.55e-08,-4.812502463999998,-0.056250004480000004,3.3072500281600004
5.6000000000000005e-08,-4.812502463999998,-0.06250000384000001,3.3072500281600004
5.65e-08,-4.812502463999998,-0.0687500032,3.3010000288000003
5.7e-08,-5.125002431999999,-0.06250000384000001,3.2947500294400003
5.7500000000000005e-08,-5.125002431999999,-0.06250000384000001,3.2947500294400003
5.8e-08,-4.812502463999998,-0.0687500032,3.2885000300800002
5.85e-08,-5.125002431999999,-0.07500000256,3.28225003072
5.9000000000000006e-08,-5.125002431999999,-0.07500000256,3.2947500294400003
5.9500000000000003e-08,-5.125002431999999,-0.08125000192000001,3.2885000300800002
6.000000000000001e-08,-5.125002431999999,-0.08125000192000001,3.2885000300800002
6.05e-08,-5.125002431999999,-0.08125000192000001,3.2947500294400003
6.1e-08,-5.125002431999999,-0.08750000128,3.2947500294400003
6.15e-08,-5.125002431999999,-0.08750000128,3.2885000300800002
6.2e-08,-4.812502463999998,-0.09375000064000001,3.28225003072
6.250000000000001e-08,-5.125002431999999,-0.08750000128,3.28225003072
6.300000000000001e-08,-5.125002431999999,-0.09375000064000001,3.2885000300800002
6.35e-08,-5.125002431999999,-0.09375000064000001,3.28225003072
6.4e-08,-4.812502463999998,-0.09375000064000001,3.28225003072
6.45e-08,-4.812502463999998,-0.09375000064000001,3.28225003072
6.5e-08,-5.125002431999999,-0.1,3.28225003072
6.55e-08,-4.812502463999998,-0.1,3.28225003072
6.600000000000001e-08,-5.125002431999999,-0.1,3.2947500294400003
6.65e-08,-5.125002431999999,-0.1,3.2885000300800002
6.7e-08,-4.812502463999998,-0.1,3.3010000288000003
6.75e-08,-5.125002431999999,-0.1,3.2885000300800002
6.8e-08,-5.125002431999999,-0.10624999936,3.2947500294400003
6.85e-08,-4.812502463999998,-0.11249999872000001,3.3010000288000003
6.900000000000001e-08,-4.5000024960000005,-0.10624999936,3.3072500281600004
6.950000000000001e-08,-4.812502463999998,-0.1,3.3010000288000003
7e-08,-4.812502463999998,-0.10624999936,3.2947500294400003
7.05e-08,-4.812502463999998,-0.10624999936,3.2947500294400003
7.1e-08,-5.125002431999999,-0.10624999936,3.3072500281600004
7.15e-08,-4.812502463999998,-0.10624999936,3.3010000288000003
7.200000000000001e-08,-4.812502463999998,-0.10624999936,3.3072500281600004
7.250000000000001e-08,-4.5000024960000005,-0.1,3.3010000288000003
7.3e-08,-4.812502463999998,-0.10624999936,3.31350002752
7.35e-08,-4.5000024960000005,-0.10624999936,3.31350002752
7.4e-08,-4.5000024960000005,-0.11249999872000001,3.31975002688
7.45e-08,-4.812502463999998,-0.10624999936,3.31975002688
7.500000000000001e-08,-4.812502463999998,-0.10624999936,3.32600002624
7.550000000000001e-08,-4.5000024960000005,-0.10624999936,3.32600002624
7.6e-08,-4.5000024960000005,-0.11249999872000001,3.32600002624
7.65e-08,-4.812502463999998,-0.10624999936,3.3322500256
7.7e-08,-4.5000024960000005,-0.10624999936,3.3322500256
7.75e-08,-4.5000024960000005,-0.1,3.3322500256
7.800000000000001e-08,-4.5000024960000005,-0.1,3.3322500256
7.850000000000001e-08,-4.5000024960000005,-0.1,3.3322500256
7.9e-08,-4.5000024960000005,-0.10624999936,3.33850002496
7.95e-08,-4.187502528,-0.10624999936,3.34475002432
8e-08,-4.5000024960000005,-0.1,3.34475002432
8.05e-08,-4.187502528,-0.09375000064000001,3.33850002496
8.100000000000001e-08,-4.5000024960000005,-0.1,3.33850002496
8.150000000000001e-08,-4.5000024960000005,-0.08750000128,3.33850002496
8.2e-08,-4.5000024960000005,-0.09375000064000001,3.34475002432
8.25e-08,-4.812502463999998,-0.08750000128,3.34475002432
8.3e-08,-4.812502463999998,-0.08750000128,3.35100002368
8.35e-08,-4.5000024960000005,-0.08125000192000001,3.35725002304
8.400000000000001e-08,-4.5000024960000005,-0.08750000128,3.35100002368
8.450000000000001e-08,-4.187502528,-0.08125000192000001,3.35100002368
8.500000000000001e-08,-4.5000024960000005,-0.08125000192000001,3.35725002304
8.55e-08,-4.5000024960000005,-0.08125000192000001,3.35725002304
8.6e-08,-4.5000024960000005,-0.07500000256,3.35725002304
8.65e-08,-4.5000024960000005,-0.07500000256,3.35100002368
8.700000000000001e-08,-4.5000024960000005,-0.07500000256,3.3635000224000002
8.750000000000001e-08,-4.5000024960000005,-0.0687500032,3.35725002304
8.800000000000001e-08,-4.5000024960000005,-0.0687500032,3.3635000224000002
8.85e-08,-4.187502528,-0.0687500032,3.35725002304
8.9e-08,-4.812502463999998,-0.06250000384000001,3.35100002368
8.95e-08,-4.5000024960000005,-0.056250004480000004,3.35725002304
9.000000000000001e-08,-4.5000024960000005,-0.06250000384000001,3.35725002304
9.050000000000001e-08,-4.5000024960000005,-0.056250004480000004,3.35725002304
9.100000000000001e-08,-4.5000024960000005,-0.05000000512,3.3635000224000002
9.15e-08,-4.5000024960000005,-0.05000000512,3.35725002304
9.2e-08,-4.5000024960000005,-0.05000000512,3.35725002304
9.25e-08,-4.5000024960000005,-0.05000000512,3.35725002304
9.300000000000001e-08,-4.187502528,-0.04375000576,3.3635000224000002
9.350000000000001e-08,-4.5000024960000005,-0.0375000064,3.35725002304
9.400000000000001e-08,-4.187502528,-0.0375000064,3.35725002304
9.45e-08,-4.5000024960000005,-0.03125000704,3.35100002368
9.5e-08,-4.187502528,-0.03125000704,3.35725002304
9.55e-08,-4.187502528,-0.03125000704,3.35100002368
9.600000000000001e-08,-4.187502528,-0.025000007680000005,3.35100002368
9.650000000000001e-08,-4.187502528,-0.025000007680000005,3.35100002368
9.700000000000001e-08,-4.5000024960000005,-0.018750008319999997,3.35725002304
9.75e-08,-4.187502528,-0.006250009599999995,3.35725002304
9.8e-08,-4.187502528,-0.012500008960000003,3.35725002304
9.85e-08,-4.187502528,-0.012500008960000003,3.35725002304
9.9e-08,-4.187502528,-1.0240000000716343e-08,3.3635000224000002
9.950000000000001e-08,-4.187502528,-0.006250009599999995,3.3635000224000002
1.0000000000000001e-07,-4.187502528,-1.0240000000716343e-08,3.35100002368
1.005e-07,-4.187502528,-0.006250009599999995,3.35725002304
1.01e-07,-3.5625025919999977,-1.0240000000716343e-08,3.3635000224000002
1.015e-07,-4.187502528,0.0062499891199999935,3.35725002304
1.02e-07,-3.5625025919999977,0.0062499891199999935,3.35725002304
1.0250000000000001e-07,-3.5625025919999977,0.012499988480000002,3.35100002368
1.0300000000000001e-07,-3.5625025919999977,0.012499988480000002,3.35725002304
1.0350000000000001e-07,-3.5625025919999977,0.018749987839999996,3.35100002368
1.04e-07,-3.250002623999997,0.024999987200000004,3.35100002368
1.045e-07,-3.250002623999997,0.024999987200000004,3.34475002432
1.05e-07,-3.5625025919999977,0.018749987839999996,3.35725002304
1.0550000000000001e-07,-2.9375026559999995,0.024999987200000004,3.35725002304
1.0600000000000001e-07,-2.9375026559999995,0.024999987200000004,3.35725002304
1.0650000000000001e-07,-2.6250026879999986,0.024999987200000004,3.34475002432
1.07e-07,-2.6250026879999986,0.031249986559999998,3.35725002304
1.075e-07,-2.3125027199999977,0.031249986559999998,3.35100002368
1.08e-07,-2.3125027199999977,0.031249986559999998,3.35100002368
1.0850000000000001e-07,-2.3125027199999977,0.031249986559999998,3.35100002368
1.0900000000000001e-07,-2.0000027520000003,0.024999987200000004,3.35725002304
1.0950000000000001e-07,-2.0000027520000003,0.031249986559999998,3.35100002368
1.1e-07,-1.3750028159999985,0.024999987200000004,3.35100002368
1.105e-07,-1.3750028159999985,0.031249986559999998,3.34475002432
1.11e-07,-1.6875027839999994,0.031249986559999998,3.3635000224000002
1.1150000000000001e-07,-1.3750028159999985,0.037499985920000006,3.3697500217600003
1.1200000000000001e-07,-0.7500028799999967,0.037499985920000006,3.3635000224000002
1.1250000000000001e-07,-0.7500028799999967,0.031249986559999998,3.35725002304
1.13e-07,-0.7500028799999967,0.031249986559999998,3.3635000224000002
1.135e-07,-0.43750291199999936,0.043749985280000014,3.3697500217600003
1.14e-07,-0.43750291199999936,0.031249986559999998,3.3635000224000002
1.1450000000000001e-07,-0.12500294399999845,0.037499985920000006,3.35725002304
1.1500000000000001e-07,0.18749702400000245,0.037499985920000006,3.3760000211200003
1.1550000000000001e-07,0.4999969919999998,0.043749985280000014,3.3697500217600003
1.16e-07,0.8124969600000007,0.037499985920000006,3.3635000224000002
1.165e-07,0.8124969600000007,0.037499985920000006,3.3635000224000002
1.17e-07,1.1249969280000016,0.037499985920000006,3.3697500217600003
1.1750000000000001e-07,1.1249969280000016,0.043749985280000014,3.3697500217600003
1.1800000000000001e-07,1.4374968960000025,0.037499985920000006,3.3697500217600003
1.1850000000000001e-07,1.1249969280000016,0.043749985280000014,3.3760000211200003
1.1900000000000001e-07,1.4374968960000025,0.037499985920000006,3.3885000198400004
1.195e-07,1.7499968640000034,0.037499985920000006,3.3822500204800003
1.2000000000000002e-07,1.7499968640000034,0.037499985920000006,3.3885000198400004
1.205e-07,2.3749968000000017,0.043749985280000014,3.3822500204800003
1.21e-07,2.062496832000001,0.043749985280000014,3.3885000198400004
1.215e-07,2.3749968000000017,0.043749985280000014,3.3947500192
1.22e-07,2.3749968000000017,0.043749985280000014,3.3947500192
1.2250000000000002e-07,2.3749968000000017,0.043749985280000014,3.3947500192
1.23e-07,2.6874967680000026,0.049999984639999995,3.41350001728
1.2350000000000001e-07,2.999996736,0.043749985280000014,3.41975001664
1.24e-07,2.999996736,0.037499985920000006,3.41350001728
1.245e-07,2.999996736,0.043749985280000014,3.41975001664
1.2500000000000002e-07,3.3124967040000044,0.049999984639999995,3.426000016
1.255e-07,3.3124967040000044,0.056249984,3.41350001728
1.2600000000000002e-07,3.6249966720000018,0.049999984639999995,3.426000016
1.265e-07,3.3124967040000044,0.049999984639999995,3.426000016
1.27e-07,3.3124967040000044,0.049999984639999995,3.43850001472
1.275e-07,3.6249966720000018,0.056249984,3.43850001472
1.28e-07,3.937496639999999,0.06249998336000001,3.43850001472
1.2850000000000002e-07,3.937496639999999,0.06249998336000001,3.43850001472
1.29e-07,3.6249966720000018,0.06249998336000001,3.4510000134400003
1.2950000000000001e-07,3.937496639999999,0.07499998208,3.4572500128000003
1.3e-07,3.937496639999999,0.06874998271999999,3.4510000134400003
1.305e-07,4.249996608000004,0.06874998271999999,3.4572500128000003
1.31e-07,3.937496639999999,0.07499998208,3.4635000121600004
1.315e-07,4.249996608000004,0.08749998080000002,3.4572500128000003
1.3200000000000002e-07,4.562496576000001,0.08124998144000001,3.4572500128000003
1.325e-07,4.249996608000004,0.08124998144000001,3.4635000121600004
1.33e-07,4.249996608000004,0.08749998080000002,3.47600001088
1.335e-07,3.937496639999999,0.09374998016,3.4635000121600004
1.34e-07,4.562496576000001,0.09374998016,3.46975001152
1.3450000000000002e-07,3.937496639999999,0.09374998016,3.4635000121600004
1.35e-07,4.249996608000004,0.08749998080000002,3.46975001152
1.3550000000000002e-07,4.249996608000004,0.09999997952,3.46975001152
1.36e-07,4.249996608000004,0.10624997888000001,3.46975001152
1.365e-07,4.249996608000004,0.10624997888000001,3.46975001152
1.37e-07,3.937496639999999,0.09999997952,3.46975001152
1.375e-07,4.249996608000004,0.11249997823999999,3.4635000121600004
1.3800000000000002e-07,3.937496639999999,0.10624997888000001,3.4572500128000003
1.385e-07,3.937496639999999,0.10624997888000001,3.4572500128000003
1.3900000000000001e-07,4.249996608000004,0.11249997823999999,3.46975001152
1.395e-07,4.249996608000004,0.11249997823999999,3.4572500128000003
1.4e-07,3.937496639999999,0.10624997888000001,3.4572500128000003
1.4050000000000002e-07,3.6249966720000018,0.10624997888000001,3.4572500128000003
1.41e-07,3.937496639999999,0.11249997823999999,3.4572500128000003
1.4150000000000002e-07,3.6249966720000018,0.11249997823999999,3.4510000134400003
1.42e-07,3.937496639999999,0.11249997823999999,3.4572500128000003
1.425e-07,3.6249966720000018,0.1187499776,3.4510000134400003
1.43e-07,3.6249966720000018,0.1187499776,3.4572500128000003
1.435e-07,3.6249966720000018,0.1187499776,3.4447500140800003
1.4400000000000002e-07,3.6249966720000018,0.12499997696000001,3.4447500140800003
1.445e-07,4.249996608000004,0.1187499776,3.4447500140800003
1.4500000000000001e-07,3.6249966720000018,0.1187499776,3.4447500140800003
1.455e-07,3.937496639999999,0.12499997696000001,3.43850001472
1.46e-07,3.937496639999999,0.1187499776,3.43225001536
1.4650000000000002e-07,3.937496639999999,0.1187499776,3.426000016
1.47e-07,3.937496639999999,0.1187499776,3.43225001536
1.4750000000000002e-07,3.6249966720000018,0.12499997696000001,3.426000016
1.48e-07,3.6249966720000018,0.12499997696000001,3.41975001664
1.485e-07,3.937496639999999,0.1187499776,3.426000016
1.49e-07,3.6249966720000018,0.1187499776,3.426000016
1.495e-07,3.6249966720000018,0.13124997632000002,3.41975001664
1.5000000000000002e-07,3.6249966720000018,0.12499997696000001,3.41975001664
1.505e-07,3.6249966720000018,0.1187499776,3.41975001664
1.5100000000000002e-07,3.6249966720000018,0.11249997823999999,3.426000016
1.515e-07,3.6249966720000018,0.1187499776,3.41975001664
1.52e-07,3.6249966720000018,0.11249997823999999,3.41975001664
1.5250000000000002e-07,4.249996608000004,0.11249997823999999,3.40725001792
1.53e-07,3.6249966720000018,0.11249997823999999,3.40725001792
1.5350000000000002e-07,3.6249966720000018,0.1187499776,3.40725001792
1.54e-07,3.6249966720000018,0.10624997888000001,3.40725001792
1.5450000000000001e-07,3.6249966720000018,0.10624997888000001,3.40725001792
1.55e-07,3.6249966720000018,0.11249997823999999,3.41350001728
1.555e-07,3.6249966720000018,0.10624997888000001,3.40725001792
1.5600000000000002e-07,3.6249966720000018,0.10624997888000001,3.3947500192
1.565e-07,3.3124967040000044,0.09999997952,3.40100001856
1.5700000000000002e-07,3.6249966720000018,0.11249997823999999,3.40100001856
1.575e-07,3.6249966720000018,0.10624997888000001,3.3947500192
1.58e-07,3.3124967040000044,0.09999997952,3.3947500192
1.5850000000000002e-07,3.3124967040000044,0.09374998016,3.3947500192
1.59e-07,3.3124967040000044,0.08749998080000002,3.3947500192
1.5950000000000002e-07,3.6249966720000018,0.09374998016,3.3822500204800003
1.6e-07,3.6249966720000018,0.09374998016,3.3885000198400004
1.6050000000000001e-07,3.937496639999999,0.09374998016,3.3885000198400004
1.61e-07,3.6249966720000018,0.08749998080000002,3.3885000198400004
1.615e-07,3.937496639999999,0.08124998144000001,3.3885000198400004
1.6200000000000002e-07,3.3124967040000044,0.08124998144000001,3.3885000198400004
1.625e-07,3.6249966720000018,0.08124998144000001,3.3885000198400004
1.6300000000000002e-07,3.3124967040000044,0.07499998208,3.40100001856
1.635e-07,3.3124967040000044,0.08124998144000001,3.40100001856
1.64e-07,3.6249966720000018,0.07499998208,3.3885000198400004
1.645e-07,3.3124967040000044,0.06874998271999999,3.40100001856
1.65e-07,3.6249966720000018,0.06249998336000001,3.40725001792
1.6550000000000002e-07,3.3124967040000044,0.07499998208,3.40100001856
1.66e-07,3.3124967040000044,0.06874998271999999,3.40100001856
1.6650000000000002e-07,3.3124967040000044,0.06249998336000001,3.40100001856
1.67e-07,2.999996736,0.056249984,3.40725001792
1.675e-07,3.3124967040000044,0.049999984639999995,3.40100001856
1.6800000000000002e-07,3.3124967040000044,0.043749985280000014,3.40725001792
1.685e-07,3.6249966720000018,0.043749985280000014,3.40100001856
1.6900000000000002e-07,3.3124967040000044,0.043749985280000014,3.40100001856
1.695e-07,2.999996736,0.043749985280000014,3.40100001856
1.7000000000000001e-07,3.3124967040000044,0.031249986559999998,3.40100001856
1.705e-07,3.3124967040000044,0.037499985920000006,3.3947500192
1.71e-07,3.3124967040000044,0.031249986559999998,3.40725001792
1.7150000000000002e-07,3.3124967040000044,0.024999987200000004,3.3947500192
1.72e-07,3.3124967040000044,0.018749987839999996,3.3885000198400004
1.7250000000000002e-07,2.999996736,0.012499988480000002,3.3947500192
1.73e-07,2.999996736,0.018749987839999996,3.40100001856
1.735e-07,2.999996736,0.012499988480000002,3.40100001856
1.7400000000000002e-07,2.999996736,0.012499988480000002,3.3947500192
1.745e-07,2.999996736,0.012499988480000002,3.3947500192
1.7500000000000002e-07,2.999996736,0.0062499891199999935,3.40725001792
1.755e-07,2.999996736,0.0062499891199999935,3.40725001792
1.7600000000000001e-07,2.999996736,-1.0240000000716343e-08,3.41350001728
1.765e-07,2.6874967680000026,-1.0240000000716343e-08,3.40100001856
1.77e-07,2.3749968000000017,-1.0240000000716343e-08,3.40100001856
1.7750000000000002e-07,2.3749968000000017,-1.0240000000716343e-08,3.3947500192
1.78e-07,2.3749968000000017,-0.012500008960000003,3.40100001856
1.7850000000000002e-07,2.3749968000000017,-0.012500008960000003,3.3947500192
1.79e-07,2.3749968000000017,-0.012500008960000003,3.40725001792
1.795e-07,2.062496832000001,-0.018750008319999997,3.41350001728
1.8000000000000002e-07,2.062496832000001,-0.018750008319999997,3.40100001856
1.805e-07,1.7499968640000034,-0.018750008319999997,3.40725001792
1.8100000000000002e-07,1.7499968640000034,-0.012500008960000003,3.40725001792
1.815e-07,1.4374968960000025,-0.012500008960000003,3.40725001792
1.8200000000000002e-07,1.4374968960000025,-0.025000007680000005,3.40725001792
1.825e-07,1.1249969280000016,-0.018750008319999997,3.40100001856
1.83e-07,0.8124969600000007,-0.025000007680000005,3.40725001792
1.8350000000000002e-07,0.8124969600000007,-0.025000007680000005,3.40725001792
1.84e-07,0.8124969600000007,-0.018750008319999997,3.40100001856
1.8450000000000002e-07,0.8124969600000007,-0.018750008319999997,3.40100001856
1.85e-07,0.18749702400000245,-0.025000007680000005,3.40100001856
1.8550000000000001e-07,0.18749702400000245,-0.025000007680000005,3.40100001856
1.8600000000000002e-07,-0.12500294399999845,-0.018750008319999997,3.40100001856
1.865e-07,-0.12500294399999845,-0.025000007680000005,3.3947500192
1.8700000000000002e-07,-0.43750291199999936,-0.012500008960000003,3.40725001792
1.875e-07,-0.43750291199999936,-0.018750008319999997,3.40100001856
1.8800000000000002e-07,-0.43750291199999936,-0.025000007680000005,3.3947500192
1.885e-07,-1.0625028479999976,-0.025000007680000005,3.40100001856
1.89e-07,-1.0625028479999976,-0.03125000704,3.40725001792
1.8950000000000002e-07,-1.3750028159999985,-0.018750008319999997,3.3947500192
1.9e-07,-2.0000027520000003,-0.025000007680000005,3.3822500204800003
1.9050000000000002e-07,-2.0000027520000003,-0.025000007680000005,3.3885000198400004
1.91e-07,-2.0000027520000003,-0.025000007680000005,3.40100001856
1.9150000000000001e-07,-2.0000027520000003,-0.025000007680000005,3.3885000198400004
1.9200000000000003e-07,-2.3125027199999977,-0.025000007680000005,3.3947500192
1.925e-07,-2.3125027199999977,-0.025000007680000005,3.3822500204800003
1.9300000000000002e-07,-2.6250026879999986,-0.025000007680000005,3.3822500204800003
1.935e-07,-2.6250026879999986,-0.025000007680000005,3.3822500204800003
1.9400000000000002e-07,-2.6250026879999986,-0.03125000704,3.3822500204800003
1.945e-07,-2.9375026559999995,-0.0375000064,3.3697500217600003
1.95e-07,-2.9375026559999995,-0.03125000704,3.3760000211200003
1.9550000000000002e-07,-3.5625025919999977,-0.03125000704,3.3697500217600003
1.96e-07,-3.8750025599999987,-0.03125000704,3.3635000224000002
1.9650000000000002e-07,-3.8750025599999987,-0.0375000064,3.35725002304
1.97e-07,-3.8750025599999987,-0.0375000064,3.35725002304
1.9750000000000001e-07,-3.8750025599999987,-0.03125000704,3.34475002432
1.98e-07,-3.8750025599999987,-0.0375000064,3.34475002432
1.985e-07,-4.187502528,-0.0375000064,3.33850002496
1.9900000000000002e-07,-4.5000024960000005,-0.0375000064,3.35100002368
1.995e-07,-4.187502528,-0.04375000576,3.33850002496
2.0000000000000002e-07,-4.5000024960000005,-0.04375000576,3.33850002496
2.005e-07,-4.5000024960000005,-0.04375000576,3.32600002624
2.01e-07,-4.812502463999998,-0.04375000576,3.3322500256
2.0150000000000002e-07,-4.5000024960000005,-0.04375000576,3.32600002624
2.02e-07,-4.812502463999998,-0.056250004480000004,3.31975002688
2.0250000000000002e-07,-4.812502463999998,-0.056250004480000004,3.32600002624
2.03e-07,-5.125002431999999,-0.05000000512,3.32600002624
2.0350000000000002e-07,-5.125002431999999,-0.056250004480000004,3.31975002688
2.04e-07,-4.812502463999998,-0.06250000384000001,3.3072500281600004
2.045e-07,-5.125002431999999,-0.0687500032,3.3072500281600004
2.0500000000000002e-07,-5.125002431999999,-0.0687500032,3.3010000288000003
2.055e-07,-4.812502463999998,-0.0687500032,3.3010000288000003
2.0600000000000002e-07,-4.5000024960000005,-0.0687500032,3.3010000288000003
2.065e-07,-5.125002431999999,-0.0687500032,3.2947500294400003
2.0700000000000001e-07,-5.125002431999999,-0.07500000256,3.3072500281600004
2.0750000000000003e-07,-5.4375024,-0.0687500032,3.3010000288000003
2.08e-07,-5.4375024,-0.07500000256,3.3010000288000003
2.0850000000000002e-07,-4.812502463999998,-0.08125000192000001,3.2947500294400003
2.09e-07,-5.125002431999999,-0.08750000128,3.2947500294400003
2.0950000000000002e-07,-5.125002431999999,-0.08750000128,3.2947500294400003
2.1e-07,-5.125002431999999,-0.09375000064000001,3.2947500294400003
2.105e-07,-4.812502463999998,-0.08750000128,3.2885000300800002
2.1100000000000002e-07,-4.812502463999998,-0.09375000064000001,3.3010000288000003
2.115e-07,-4.812502463999998,-0.1,3.3010000288000003
2.1200000000000002e-07,-4.812502463999998,-0.1,3.2947500294400003
2.125e-07,-4.812502463999998,-0.10624999936,3.3010000288000003
2.1300000000000001e-07,-4.812502463999998,-0.10624999936,3.3072500281600004
2.1350000000000003e-07,-4.812502463999998,-0.1,3.3072500281600004
2.14e-07,-5.125002431999999,-0.10624999936,3.3072500281600004
2.1450000000000002e-07,-5.125002431999999,-0.10624999936,3.3010000288000003
2.15e-07,-5.125002431999999,-0.10624999936,3.31350002752
2.1550000000000002e-07,-4.812502463999998,-0.11249999872000001,3.3072500281600004
2.16e-07,-4.812502463999998,-0.10624999936,3.31350002752
2.165e-07,-4.812502463999998,-0.10624999936,3.3072500281600004
2.1700000000000002e-07,-5.125002431999999,-0.10624999936,3.31350002752
2.175e-07,-4.5000024960000005,-0.1,3.31975002688
2.1800000000000002e-07,-4.812502463999998,-0.10624999936,3.31975002688
2.185e-07,-4.812502463999998,-0.1,3.31975002688
2.1900000000000002e-07,-4.812502463999998,-0.1,3.3322500256
2.1950000000000003e-07,-4.812502463999998,-0.10624999936,3.33850002496
2.2e-07,-4.812502463999998,-0.10624999936,3.33850002496
2.2050000000000002e-07,-4.5000024960000005,-0.11249999872000001,3.34475002432
2.21e-07,-4.812502463999998,-0.11249999872000001,3.34475002432
2.2150000000000002e-07,-4.5000024960000005,-0.11249999872000001,3.34475002432
2.22e-07,-4.5000024960000005,-0.11249999872000001,3.34475002432
2.2250000000000001e-07,-4.5000024960000005,-0.10624999936,3.33850002496
2.2300000000000002e-07,-4.812502463999998,-0.11249999872000001,3.35100002368
2.235e-07,-4.5000024960000005,-0.10624999936,3.34475002432
2.2400000000000002e-07,-4.5000024960000005,-0.10624999936,3.34475002432
2.245e-07,-4.5000024960000005,-0.10624999936,3.33850002496
2.2500000000000002e-07,-4.812502463999998,-0.11249999872000001,3.34475002432
2.255e-07,-4.5000024960000005,-0.10624999936,3.34475002432
2.26e-07,-4.5000024960000005,-0.1,3.35100002368
2.2650000000000002e-07,-4.5000024960000005,-0.10624999936,3.34475002432
2.27e-07,-4.812502463999998,-0.1,3.35725002304
2.2750000000000002e-07,-4.812502463999998,-0.1,3.35100002368
2.28e-07,-4.5000024960000005,-0.10624999936,3.35725002304
2.2850000000000001e-07,-4.5000024960000005,-0.10624999936,3.35725002304
2.2900000000000003e-07,-4.187502528,-0.09375000064000001,3.3635000224000002
2.295e-07,-4.5000024960000005,-0.09375000064000001,3.3635000224000002
2.3000000000000002e-07,-4.5000024960000005,-0.09375000064000001,3.3635000224000002
2.305e-07,-4.5000024960000005,-0.08750000128,3.35725002304
2.3100000000000002e-07,-4.5000024960000005,-0.08125000192000001,3.3697500217600003
2.315e-07,-4.5000024960000005,-0.08750000128,3.3697500217600003
2.32e-07,-4.812502463999998,-0.08125000192000001,3.3635000224000002
2.3250000000000002e-07,-4.5000024960000005,-0.08125000192000001,3.3697500217600003
2.33e-07,-4.5000024960000005,-0.07500000256,3.3697500217600003
2.3350000000000002e-07,-4.187502528,-0.07500000256,3.3697500217600003
2.34e-07,-4.5000024960000005,-0.08125000192000001,3.3697500217600003
2.3450000000000002e-07,-4.5000024960000005,-0.07500000256,3.35725002304
2.3500000000000003e-07,-4.812502463999998,-0.06250000384000001,3.3697500217600003
2.355e-07,-4.5000024960000005,-0.06250000384000001,3.3635000224000002
2.3600000000000002e-07,-4.187502528,-0.0687500032,3.3635000224000002
2.365e-07,-4.187502528,-0.0687500032,3.3697500217600003
2.3700000000000002e-07,-4.187502528,-0.06250000384000001,3.3635000224000002
2.375e-07,-4.5000024960000005,-0.06250000384000001,3.35725002304
2.3800000000000001e-07,-4.187502528,-0.06250000384000001,3.35725002304
2.385e-07,-4.5000024960000005,-0.05000000512,3.35100002368
2.39e-07,-4.5000024960000005,-0.05000000512,3.3635000224000002
2.395e-07,-4.187502528,-0.05000000512,3.35725002304
2.4000000000000003e-07,-4.187502528,-0.05000000512,3.35725002304
2.405e-07,-3.8750025599999987,-0.04375000576,3.35100002368
2.41e-07,-4.5000024960000005,-0.0375000064,3.35725002304
2.4150000000000004e-07,-4.187502528,-0.03125000704,3.35725002304
2.42e-07,-4.187502528,-0.03125000704,3.35725002304
2.425e-07,-4.187502528,-0.0375000064,3.35725002304
2.43e-07,-4.187502528,-0.03125000704,3.3635000224000002
2.4350000000000003e-07,-4.5000024960000005,-0.018750008319999997,3.35725002304
2.44e-07,-4.5000024960000005,-0.025000007680000005,3.3635000224000002
2.445e-07,-4.187502528,-0.018750008319999997,3.35725002304
2.4500000000000004e-07,-4.187502528,-0.012500008960000003,3.35725002304
2.455e-07,-4.187502528,-0.006250009599999995,3.35100002368
2.46e-07,-4.187502528,-0.012500008960000003,3.35100002368
2.465e-07,-4.187502528,-0.006250009599999995,3.35100002368
2.4700000000000003e-07,-4.187502528,-0.006250009599999995,3.35725002304
2.475e-07,-4.187502528,0.0062499891199999935,3.35100002368
2.48e-07,-3.8750025599999987,0.0062499891199999935,3.35725002304
2.4850000000000003e-07,-3.8750025599999987,-1.0240000000716343e-08,3.34475002432
2.49e-07,-3.8750025599999987,0.012499988480000002,3.34475002432
2.495e-07,-3.5625025919999977,0.018749987839999996,3.34475002432
2.5000000000000004e-07,-3.5625025919999977,0.0062499891199999935,3.34475002432
2.505e-07,-3.5625025919999977,0.0062499891199999935,3.34475002432
2.51e-07,-3.5625025919999977,0.018749987839999996,3.35100002368
2.515e-07,-3.250002623999997,0.024999987200000004,3.35100002368
2.5200000000000003e-07,-3.250002623999997,0.018749987839999996,3.34475002432
2.525e-07,-3.250002623999997,0.018749987839999996,3.35725002304
2.53e-07,-2.9375026559999995,0.024999987200000004,3.3635000224000002
2.5350000000000004e-07,-3.250002623999997,0.024999987200000004,3.35725002304
2.54e-07,-2.6250026879999986,0.031249986559999998,3.35100002368
2.545e-07,-2.9375026559999995,0.024999987200000004,3.35100002368
2.55e-07,-3.250002623999997,0.024999987200000004,3.35725002304
2.5550000000000003e-07,-2.3125027199999977,0.031249986559999998,3.33850002496
2.56e-07,-2.6250026879999986,0.031249986559999998,3.34475002432
2.565e-07,-1.6875027839999994,0.024999987200000004,3.34475002432
2.5700000000000004e-07,-2.0000027520000003,0.031249986559999998,3.35100002368
2.575e-07,-2.0000027520000003,0.037499985920000006,3.34475002432
2.58e-07,-1.6875027839999994,0.037499985920000006,3.34475002432
2.585e-07,-1.3750028159999985,0.037499985920000006,3.33850002496
2.5900000000000003e-07,-1.3750028159999985,0.043749985280000014,3.35100002368
2.595e-07,-1.0625028479999976,0.037499985920000006,3.35725002304
2.6e-07,-0.7500028799999967,0.031249986559999998,3.35725002304
2.6050000000000004e-07,-0.7500028799999967,0.037499985920000006,3.35100002368
2.61e-07,-0.43750291199999936,0.031249986559999998,3.35725002304
2.615e-07,-0.12500294399999845,0.037499985920000006,3.35725002304
2.62e-07,0.18749702400000245,0.037499985920000006,3.3635000224000002
2.6250000000000003e-07,-0.12500294399999845,0.037499985920000006,3.35725002304
2.63e-07,-0.12500294399999845,0.037499985920000006,3.3760000211200003
2.635e-07,0.18749702400000245,0.037499985920000006,3.3697500217600003
2.6400000000000003e-07,0.8124969600000007,0.031249986559999998,3.3822500204800003
2.645e-07,1.1249969280000016,0.031249986559999998,3.3760000211200003
2.65e-07,0.8124969600000007,0.031249986559999998,3.3822500204800003
2.6550000000000004e-07,1.4374968960000025,0.043749985280000014,3.3822500204800003
2.66e-07,1.7499968640000034,0.043749985280000014,3.3822500204800003
2.665e-07,1.4374968960000025,0.037499985920000006,3.3885000198400004
2.67e-07,2.062496832000001,0.043749985280000014,3.40100001856
2.6750000000000003e-07,1.7499968640000034,0.037499985920000006,3.3947500192
2.68e-07,2.062496832000001,0.037499985920000006,3.3947500192
2.685e-07,2.062496832000001,0.037499985920000006,3.40100001856
2.6900000000000004e-07,2.3749968000000017,0.037499985920000006,3.41350001728
2.695e-07,2.6874967680000026,0.043749985280000014,3.40725001792
2.7e-07,2.6874967680000026,0.043749985280000014,3.41350001728
2.705e-07,2.999996736,0.049999984639999995,3.40725001792
2.7100000000000003e-07,2.999996736,0.043749985280000014,3.41350001728
2.715e-07,2.999996736,0.049999984639999995,3.41975001664
2.72e-07,2.999996736,0.049999984639999995,3.426000016
2.7250000000000004e-07,3.3124967040000044,0.056249984,3.426000016
2.73e-07,3.3124967040000044,0.049999984639999995,3.43225001536
2.735e-07,3.6249966720000018,0.056249984,3.43225001536
2.74e-07,3.3124967040000044,0.056249984,3.43225001536
2.7450000000000003e-07,3.937496639999999,0.056249984,3.43225001536
2.75e-07,3.937496639999999,0.056249984,3.4447500140800003
2.755e-07,3.6249966720000018,0.06249998336000001,3.4447500140800003
2.7600000000000004e-07,3.6249966720000018,0.06249998336000001,3.4447500140800003
2.765e-07,3.937496639999999,0.06249998336000001,3.4510000134400003
2.77e-07,4.249996608000004,0.06874998271999999,3.4572500128000003
2.7750000000000004e-07,3.937496639999999,0.07499998208,3.4447500140800003
2.7800000000000003e-07,4.249996608000004,0.07499998208,3.4510000134400003
2.785e-07,3.937496639999999,0.07499998208,3.4510000134400003
2.79e-07,3.937496639999999,0.07499998208,3.4635000121600004
2.7950000000000003e-07,4.249996608000004,0.07499998208,3.4572500128000003
2.8e-07,4.249996608000004,0.08749998080000002,3.4572500128000003
2.805e-07,4.249996608000004,0.09374998016,3.4572500128000003
2.8100000000000004e-07,4.249996608000004,0.08749998080000002,3.4635000121600004
2.815e-07,4.562496576000001,0.08749998080000002,3.4635000121600004
2.82e-07,4.249996608000004,0.08749998080000002,3.46975001152
2.825e-07,3.937496639999999,0.09374998016,3.46975001152
2.8300000000000003e-07,4.249996608000004,0.09999997952,3.46975001152
2.835e-07,4.249996608000004,0.10624997888000001,3.4635000121600004
2.84e-07,3.937496639999999,0.10624997888000001,3.46975001152
2.8450000000000004e-07,4.249996608000004,0.09999997952,3.46975001152
2.85e-07,3.937496639999999,0.10624997888000001,3.47600001088
2.855e-07,3.937496639999999,0.11249997823999999,3.4635000121600004
2.86e-07,4.562496576000001,0.11249997823999999,3.4572500128000003
2.8650000000000003e-07,3.937496639999999,0.11249997823999999,3.4510000134400003
2.87e-07,3.6249966720000018,0.11249997823999999,3.4635000121600004
2.875e-07,4.249996608000004,0.11249997823999999,3.4572500128000003
2.8800000000000004e-07,3.937496639999999,0.1187499776,3.4572500128000003
2.885e-07,4.249996608000004,0.11249997823999999,3.4447500140800003
2.89e-07,3.937496639999999,0.1187499776,3.4510000134400003
2.895e-07,4.249996608000004,0.1187499776,3.4510000134400003
2.9000000000000003e-07,3.937496639999999,0.1187499776,3.4510000134400003
2.905e-07,3.937496639999999,0.1187499776,3.4447500140800003
2.91e-07,3.937496639999999,0.1187499776,3.4510000134400003
2.9150000000000004e-07,3.937496639999999,0.1187499776,3.4447500140800003
2.92e-07,3.937496639999999,0.11249997823999999,3.43850001472
2.925e-07,3.937496639999999,0.12499997696000001,3.43850001472
2.9300000000000004e-07,3.937496639999999,0.1187499776,3.43850001472
2.9350000000000003e-07,3.6249966720000018,0.12499997696000001,3.43225001536
2.94e-07,4.249996608000004,0.12499997696000001,3.43225001536
2.945e-07,3.6249966720000018,0.12499997696000001,3.426000016
2.9500000000000003e-07,3.937496639999999,0.12499997696000001,3.426000016
2.955e-07,4.249996608000004,0.12499997696000001,3.41975001664
2.96e-07,3.937496639999999,0.1187499776,3.41975001664
2.9650000000000004e-07,4.249996608000004,0.1187499776,3.41350001728
2.97e-07,3.6249966720000018,0.12499997696000001,3.41350001728
2.975e-07,3.937496639999999,0.12499997696000001,3.41975001664
2.98e-07,3.6249966720000018,0.1187499776,3.41350001728
2.9850000000000003e-07,3.937496639999999,0.1187499776,3.40100001856
2.99e-07,3.6249966720000018,0.12499997696000001,3.41350001728
2.995e-07,3.6249966720000018,0.12499997696000001,3.40725001792
3.0000000000000004e-07,4.249996608000004,0.11249997823999999,3.40725001792
3.005e-07,3.937496639999999,0.1187499776,3.41350001728
3.01e-07,3.937496639999999,0.11249997823999999,3.41350001728
3.015e-07,3.6249966720000018,0.1187499776,3.40100001856
3.0200000000000003e-07,3.937496639999999,0.11249997823999999,3.40100001856
3.025e-07,3.6249966720000018,0.11249997823999999,3.40100001856
3.03e-07,3.3124967040000044,0.10624997888000001,3.41350001728
3.0350000000000004e-07,3.3124967040000044,0.10624997888000001,3.40725001792
3.04e-07,3.937496639999999,0.10624997888000001,3.40725001792
3.045e-07,3.937496639999999,0.10624997888000001,3.40100001856
3.0500000000000004e-07,3.6249966720000018,0.09999997952,3.3947500192
3.0550000000000003e-07,3.6249966720000018,0.09999997952,3.40100001856
3.06e-07,3.3124967040000044,0.09999997952,3.3947500192
3.065e-07,3.6249966720000018,0.09374998016,3.3822500204800003
3.0700000000000004e-07,3.6249966720000018,0.09374998016,3.3947500192
3.075e-07,3.6249966720000018,0.09374998016,3.3885000198400004
3.08e-07,3.6249966720000018,0.09374998016,3.3822500204800003
3.0850000000000004e-07,3.6249966720000018,0.08749998080000002,3.3947500192
3.0900000000000003e-07,3.3124967040000044,0.08124998144000001,3.3947500192
3.095e-07,3.3124967040000044,0.08749998080000002,3.3947500192
3.1e-07,3.6249966720000018,0.08124998144000001,3.3822500204800003
3.1050000000000003e-07,3.3124967040000044,0.08124998144000001,3.3760000211200003
3.11e-07,3.3124967040000044,0.07499998208,3.3885000198400004
3.115e-07,3.6249966720000018,0.07499998208,3.3885000198400004
3.1200000000000004e-07,3.6249966720000018,0.07499998208,3.3947500192
3.125e-07,3.937496639999999,0.06874998271999999,3.3822500204800003
3.13e-07,3.3124967040000044,0.06249998336000001,3.3885000198400004
3.135e-07,3.6249966720000018,0.07499998208,3.3885000198400004
3.1400000000000003e-07,3.3124967040000044,0.06249998336000001,3.3885000198400004
3.145e-07,3.6249966720000018,0.056249984,3.3822500204800003
3.15e-07,3.6249966720000018,0.056249984,3.3885000198400004
3.1550000000000004e-07,3.6249966720000018,0.056249984,3.3822500204800003
3.16e-07,3.6249966720000018,0.043749985280000014,3.3760000211200003
3.165e-07,3.6249966720000018,0.037499985920000006,3.3822500204800003
3.1700000000000005e-07,3.6249966720000018,0.037499985920000006,3.3885000198400004
3.1750000000000003e-07,3.3124967040000044,0.031249986559999998,3.3885000198400004
3.18e-07,3.3124967040000044,0.024999987200000004,3.3822500204800003
3.185e-07,3.3124967040000044,0.024999987200000004,3.3885000198400004
3.1900000000000004e-07,3.3124967040000044,0.031249986559999998,3.3885000198400004
3.195e-07,3.3124967040000044,0.024999987200000004,3.3822500204800003
3.2e-07,3.3124967040000044,0.018749987839999996,3.3822500204800003
3.2050000000000004e-07,3.3124967040000044,0.012499988480000002,3.3822500204800003
3.2100000000000003e-07,3.3124967040000044,0.012499988480000002,3.3885000198400004
3.215e-07,3.3124967040000044,0.012499988480000002,3.3822500204800003
3.22e-07,2.999996736,0.0062499891199999935,3.3885000198400004
3.2250000000000004e-07,2.999996736,-1.0240000000716343e-08,3.3822500204800003
3.23e-07,2.999996736,0.0062499891199999935,3.3947500192
3.235e-07,2.6874967680000026,0.0062499891199999935,3.3885000198400004
3.2400000000000004e-07,2.999996736,-1.0240000000716343e-08,3.3822500204800003
3.2450000000000003e-07,2.6874967680000026,-0.012500008960000003,3.3885000198400004
3.25e-07,2.6874967680000026,-0.006250009599999995,3.3947500192
3.255e-07,2.6874967680000026,-0.006250009599999995,3.3885000198400004
3.2600000000000003e-07,2.3749968000000017,-0.006250009599999995,3.3947500192
3.265e-07,2.062496832000001,-0.012500008960000003,3.3885000198400004
3.27e-07,1.7499968640000034,-0.018750008319999997,3.3885000198400004
3.2750000000000004e-07,2.062496832000001,-0.018750008319999997,3.3822500204800003
3.28e-07,1.7499968640000034,-0.012500008960000003,3.3885000198400004
3.285e-07,2.062496832000001,-0.012500008960000003,3.3822500204800003
3.29e-07,1.4374968960000025,-0.012500008960000003,3.3885000198400004
3.2950000000000003e-07,1.7499968640000034,-0.006250009599999995,3.3885000198400004
3.3e-07,1.1249969280000016,-0.018750008319999997,3.3822500204800003
3.305e-07,1.4374968960000025,-0.018750008319999997,3.3822500204800003
3.3100000000000004e-07,1.1249969280000016,-0.012500008960000003,3.3822500204800003
3.315e-07,0.8124969600000007,-0.012500008960000003,3.3822500204800003
3.32e-07,0.8124969600000007,-0.025000007680000005,3.3822500204800003
3.3250000000000005e-07,0.4999969919999998,-0.025000007680000005,3.3822500204800003
3.3300000000000003e-07,0.4999969919999998,-0.025000007680000005,3.3885000198400004
3.335e-07,0.18749702400000245,-0.018750008319999997,3.3885000198400004
3.34e-07,-0.12500294399999845,-0.025000007680000005,3.3822500204800003
3.3450000000000004e-07,0.18749702400000245,-0.025000007680000005,3.3760000211200003
3.35e-07,-0.43750291199999936,-0.025000007680000005,3.3822500204800003
3.355e-07,-0.7500028799999967,-0.03125000704,3.3822500204800003
3.3600000000000004e-07,-0.7500028799999967,-0.025000007680000005,3.3822500204800003
3.3650000000000003e-07,-0.7500028799999967,-0.025000007680000005,3.3697500217600003
3.37e-07,-1.3750028159999985,-0.025000007680000005,3.3697500217600003
3.375e-07,-1.3750028159999985,-0.03125000704,3.3760000211200003
3.3800000000000004e-07,-1.3750028159999985,-0.018750008319999997,3.3760000211200003
3.385e-07,-1.6875027839999994,-0.025000007680000005,3.3635000224000002
3.39e-07,-2.0000027520000003,-0.018750008319999997,3.3822500204800003
3.3950000000000004e-07,-2.3125027199999977,-0.025000007680000005,3.3697500217600003
3.4000000000000003e-07,-2.3125027199999977,-0.0375000064,3.3697500217600003
3.405e-07,-2.6250026879999986,-0.03125000704,3.3697500217600003
3.41e-07,-2.6250026879999986,-0.03125000704,3.3635000224000002
3.4150000000000003e-07,-2.9375026559999995,-0.03125000704,3.3635000224000002
3.42e-07,-2.9375026559999995,-0.0375000064,3.35100002368
3.425e-07,-3.250002623999997,-0.025000007680000005,3.34475002432
3.4300000000000004e-07,-3.5625025919999977,-0.0375000064,3.35725002304
3.435e-07,-3.5625025919999977,-0.0375000064,3.34475002432
3.44e-07,-3.5625025919999977,-0.0375000064,3.34475002432
3.4450000000000005e-07,-3.8750025599999987,-0.0375000064,3.33850002496
3.4500000000000003e-07,-4.187502528,-0.0375000064,3.3322500256
3.455e-07,-3.8750025599999987,-0.0375000064,3.3322500256
3.46e-07,-4.187502528,-0.03125000704,3.33850002496
3.4650000000000004e-07,-4.187502528,-0.0375000064,3.32600002624
3.47e-07,-4.5000024960000005,-0.0375000064,3.3322500256
3.475e-07,-4.5000024960000005,-0.0375000064,3.32600002624
3.4800000000000005e-07,-4.5000024960000005,-0.04375000576,3.31975002688
3.4850000000000003e-07,-4.5000024960000005,-0.05000000512,3.31975002688
3.49e-07,-4.812502463999998,-0.05000000512,3.32600002624
3.495e-07,-4.812502463999998,-0.05000000512,3.31350002752
3.5000000000000004e-07,-4.812502463999998,-0.056250004480000004,3.3010000288000003
3.505e-07,-4.812502463999998,-0.056250004480000004,3.2947500294400003
3.51e-07,-5.125002431999999,-0.056250004480000004,3.3010000288000003
3.5150000000000004e-07,-5.125002431999999,-0.06250000384000001,3.2885000300800002
3.5200000000000003e-07,-4.812502463999998,-0.06250000384000001,3.2947500294400003
3.525e-07,-4.812502463999998,-0.06250000384000001,3.2885000300800002
3.53e-07,-5.125002431999999,-0.06250000384000001,3.2947500294400003
3.5350000000000004e-07,-5.125002431999999,-0.06250000384000001,3.2885000300800002
3.54e-07,-5.125002431999999,-0.0687500032,3.2947500294400003
3.545e-07,-5.125002431999999,-0.07500000256,3.2885000300800002
3.5500000000000004e-07,-5.125002431999999,-0.07500000256,3.2947500294400003
3.5550000000000003e-07,-5.125002431999999,-0.08750000128,3.2885000300800002
3.56e-07,-4.812502463999998,-0.09375000064000001,3.2947500294400003
3.565e-07,-4.812502463999998,-0.08750000128,3.2947500294400003
3.5700000000000003e-07,-5.125002431999999,-0.08750000128,3.2947500294400003
3.575e-07,-5.125002431999999,-0.08750000128,3.2885000300800002
3.58e-07,-4.812502463999998,-0.09375000064000001,3.2885000300800002
3.5850000000000004e-07,-5.125002431999999,-0.09375000064000001,3.2885000300800002
3.59e-07,-5.125002431999999,-0.1,3.3010000288000003
3.595e-07,-4.812502463999998,-0.1,3.2947500294400003
3.6000000000000005e-07,-4.812502463999998,-0.1,3.2947500294400003
3.6050000000000003e-07,-4.5000024960000005,-0.1,3.2885000300800002
3.61e-07,-5.125002431999999,-0.10624999936,3.2947500294400003
3.615e-07,-5.125002431999999,-0.10624999936,3.3010000288000003
3.6200000000000004e-07,-4.812502463999998,-0.1,3.3010000288000003
3.625e-07,-4.812502463999998,-0.11249999872000001,3.2947500294400003
3.63e-07,-4.812502463999998,-0.1,3.3072500281600004
3.6350000000000005e-07,-4.812502463999998,-0.10624999936,3.3072500281600004
3.6400000000000003e-07,-4.5000024960000005,-0.10624999936,3.3072500281600004
3.645e-07,-4.812502463999998,-0.11249999872000001,3.31350002752
3.65e-07,-4.5000024960000005,-0.10624999936,3.3072500281600004
3.6550000000000004e-07,-4.812502463999998,-0.10624999936,3.31350002752
3.66e-07,-4.812502463999998,-0.11249999872000001,3.3072500281600004
3.665e-07,-4.5000024960000005,-0.11249999872000001,3.31350002752
3.6700000000000004e-07,-5.125002431999999,-0.11249999872000001,3.32600002624
3.6750000000000003e-07,-4.812502463999998,-0.10624999936,3.3322500256
3.68e-07,-4.5000024960000005,-0.10624999936,3.3322500256
3.685e-07,-4.187502528,-0.10624999936,3.3322500256
3.6900000000000004e-07,-4.5000024960000005,-0.10624999936,3.34475002432
3.695e-07,-4.5000024960000005,-0.10624999936,3.33850002496
3.7e-07,-4.5000024960000005,-0.1,3.34475002432
3.7050000000000004e-07,-4.5000024960000005,-0.10624999936,3.34475002432
3.7100000000000003e-07,-4.812502463999998,-0.11249999872000001,3.35725002304
3.715e-07,-4.5000024960000005,-0.10624999936,3.35100002368
3.7200000000000005e-07,-4.5000024960000005,-0.11249999872000001,3.35100002368
3.7250000000000003e-07,-4.5000024960000005,-0.11249999872000001,3.35100002368
3.73e-07,-4.5000024960000005,-0.10624999936,3.35725002304
3.735e-07,-4.5000024960000005,-0.1,3.35725002304
3.7400000000000004e-07,-4.5000024960000005,-0.10624999936,3.35725002304
3.745e-07,-4.5000024960000005,-0.1,3.35100002368
3.75e-07,-4.812502463999998,-0.10624999936,3.3635000224000002
3.7550000000000005e-07,-4.5000024960000005,-0.10624999936,3.3635000224000002
3.7600000000000003e-07,-4.5000024960000005,-0.1,3.3635000224000002
3.765e-07,-4.5000024960000005,-0.10624999936,3.3697500217600003
3.77e-07,-4.5000024960000005,-0.09375000064000001,3.3760000211200003
3.7750000000000004e-07,-4.5000024960000005,-0.08750000128,3.3822500204800003
3.78e-07,-4.5000024960000005,-0.08750000128,3.3760000211200003
3.785e-07,-4.5000024960000005,-0.08750000128,3.3697500217600003
3.7900000000000005e-07,-4.5000024960000005,-0.08125000192000001,3.3822500204800003
3.7950000000000003e-07,-4.5000024960000005,-0.08125000192000001,3.3822500204800003
3.8e-07,-4.187502528,-0.07500000256,3.3760000211200003
3.805e-07,-4.187502528,-0.08125000192000001,3.3760000211200003
3.8100000000000004e-07,-4.5000024960000005,-0.08125000192000001,3.3822500204800003
3.815e-07,-4.187502528,-0.07500000256,3.3760000211200003
3.82e-07,-4.187502528,-0.07500000256,3.3822500204800003
3.8250000000000004e-07,-4.5000024960000005,-0.0687500032,3.3760000211200003
3.8300000000000003e-07,-4.812502463999998,-0.0687500032,3.3822500204800003
3.835e-07,-4.5000024960000005,-0.0687500032,3.3822500204800003
3.8400000000000005e-07,-4.5000024960000005,-0.06250000384000001,3.3822500204800003
3.8450000000000004e-07,-4.187502528,-0.056250004480000004,3.3760000211200003
3.85e-07,-4.5000024960000005,-0.056250004480000004,3.3760000211200003
3.855e-07,-4.5000024960000005,-0.04375000576,3.3760000211200003
3.8600000000000004e-07,-4.5000024960000005,-0.05000000512,3.3760000211200003
3.865e-07,-4.187502528,-0.056250004480000004,3.3697500217600003
3.87e-07,-4.5000024960000005,-0.05000000512,3.3822500204800003
3.8750000000000005e-07,-4.5000024960000005,-0.05000000512,3.3822500204800003
3.8800000000000003e-07,-4.5000024960000005,-0.04375000576,3.3760000211200003
3.885e-07,-4.187502528,-0.04375000576,3.3822500204800003
3.89e-07,-4.5000024960000005,-0.0375000064,3.3822500204800003
3.8950000000000004e-07,-4.5000024960000005,-0.03125000704,3.3697500217600003
3.9e-07,-4.5000024960000005,-0.03125000704,3.3697500217600003
3.905e-07,-4.5000024960000005,-0.025000007680000005,3.3697500217600003
3.9100000000000005e-07,-4.5000024960000005,-0.025000007680000005,3.3885000198400004
3.9150000000000003e-07,-4.187502528,-0.018750008319999997,3.3760000211200003
3.92e-07,-4.187502528,-0.018750008319999997,3.3822500204800003
3.925e-07,-4.187502528,-0.012500008960000003,3.3822500204800003
3.9300000000000004e-07,-4.5000024960000005,-0.006250009599999995,3.3822500204800003
3.935e-07,-3.8750025599999987,-1.0240000000716343e-08,3.3760000211200003
3.94e-07,-4.187502528,-1.0240000000716343e-08,3.3697500217600003
3.9450000000000005e-07,-3.8750025599999987,-1.0240000000716343e-08,3.3697500217600003
3.9500000000000003e-07,-4.187502528,-1.0240000000716343e-08,3.3822500204800003
3.955e-07,-4.187502528,0.0062499891199999935,3.3760000211200003
3.96e-07,-3.5625025919999977,0.0062499891199999935,3.3697500217600003
3.9650000000000004e-07,-3.8750025599999987,0.0062499891199999935,3.3760000211200003
3.97e-07,-3.5625025919999977,0.0062499891199999935,3.3822500204800003
3.975e-07,-4.187502528,0.018749987839999996,3.3697500217600003
3.9800000000000004e-07,-3.5625025919999977,0.012499988480000002,3.3697500217600003
3.9850000000000003e-07,-3.8750025599999987,0.018749987839999996,3.3697500217600003
3.99e-07,-3.5625025919999977,0.018749987839999996,3.3822500204800003
3.9950000000000005e-07,-3.250002623999997,0.018749987839999996,3.3697500217600003
4.0000000000000003e-07,-3.250002623999997,0.018749987839999996,3.3697500217600003
4.005e-07,-3.250002623999997,0.024999987200000004,3.3697500217600003
4.01e-07,-3.250002623999997,0.024999987200000004,3.3697500217600003
4.0150000000000004e-07,-2.9375026559999995,0.031249986559999998,3.35725002304
4.02e-07,-2.6250026879999986,0.024999987200000004,3.35725002304
4.025e-07,-2.3125027199999977,0.024999987200000004,3.35725002304
4.0300000000000005e-07,-2.3125027199999977,0.024999987200000004,3.3697500217600003
4.0350000000000003e-07,-2.3125027199999977,0.031249986559999998,3.35725002304
4.04e-07,-2.0000027520000003,0.031249986559999998,3.35100002368
4.045e-07,-2.0000027520000003,0.031249986559999998,3.35100002368
4.0500000000000004e-07,-2.0000027520000003,0.031249986559999998,3.35725002304
4.055e-07,-2.0000027520000003,0.043749985280000014,3.35725002304
4.06e-07,-1.3750028159999985,0.037499985920000006,3.3635000224000002
4.0650000000000005e-07,-1.3750028159999985,0.043749985280000014,3.35725002304
4.0700000000000003e-07,-1.0625028479999976,0.037499985920000006,3.3635000224000002
4.075e-07,-0.7500028799999967,0.031249986559999998,3.3635000224000002
4.08e-07,-0.7500028799999967,0.037499985920000006,3.3635000224000002
4.0850000000000004e-07,-0.43750291199999936,0.031249986559999998,3.35725002304
4.09e-07,-0.43750291199999936,0.031249986559999998,3.3635000224000002
4.095e-07,-0.12500294399999845,0.043749985280000014,3.3635000224000002
4.1000000000000004e-07,-0.12500294399999845,0.037499985920000006,3.3635000224000002
4.1050000000000003e-07,-0.12500294399999845,0.037499985920000006,3.3635000224000002
4.11e-07,0.18749702400000245,0.037499985920000006,3.3760000211200003
4.1150000000000005e-07,0.4999969919999998,0.031249986559999998,3.3760000211200003
4.1200000000000004e-07,0.8124969600000007,0.031249986559999998,3.3760000211200003
4.125e-07,0.8124969600000007,0.037499985920000006,3.3822500204800003
4.13e-07,1.4374968960000025,0.043749985280000014,3.3885000198400004
4.1350000000000004e-07,1.1249969280000016,0.043749985280000014,3.3822500204800003
4.1400000000000003e-07,1.4374968960000025,0.043749985280000014,3.3822500204800003
4.145e-07,1.7499968640000034,0.043749985280000014,3.3822500204800003
4.1500000000000005e-07,1.7499968640000034,0.043749985280000014,3.3885000198400004
4.1550000000000003e-07,2.062496832000001,0.043749985280000014,3.3885000198400004
4.16e-07,2.062496832000001,0.049999984639999995,3.3947500192
4.165e-07,2.3749968000000017,0.043749985280000014,3.3885000198400004
4.1700000000000004e-07,2.062496832000001,0.049999984639999995,3.40100001856
4.175e-07,2.999996736,0.049999984639999995,3.40725001792
4.18e-07,2.6874967680000026,0.043749985280000014,3.40725001792
4.1850000000000005e-07,2.6874967680000026,0.037499985920000006,3.40100001856
4.1900000000000003e-07,2.6874967680000026,0.049999984639999995,3.41350001728
4.195e-07,2.999996736,0.049999984639999995,3.41350001728
4.2e-07,3.3124967040000044,0.056249984,3.41350001728
4.2050000000000004e-07,3.3124967040000044,0.049999984639999995,3.41975001664
4.21e-07,3.6249966720000018,0.056249984,3.426000016
4.215e-07,3.3124967040000044,0.06249998336000001,3.426000016
4.2200000000000005e-07,3.6249966720000018,0.06249998336000001,3.426000016
4.2250000000000003e-07,3.6249966720000018,0.06249998336000001,3.41975001664
4.23e-07,3.6249966720000018,0.06249998336000001,3.43850001472
4.235e-07,3.937496639999999,0.06249998336000001,3.43850001472
4.2400000000000004e-07,3.937496639999999,0.06249998336000001,3.4447500140800003
4.245e-07,4.249996608000004,0.06249998336000001,3.43850001472
4.25e-07,3.6249966720000018,0.06874998271999999,3.4447500140800003
4.2550000000000004e-07,4.249996608000004,0.08124998144000001,3.4572500128000003
4.2600000000000003e-07,3.937496639999999,0.07499998208,3.4510000134400003
4.265e-07,4.249996608000004,0.07499998208,3.4572500128000003
4.2700000000000005e-07,3.937496639999999,0.08124998144000001,3.4635000121600004
4.2750000000000004e-07,3.6249966720000018,0.08749998080000002,3.4635000121600004
4.28e-07,4.249996608000004,0.08124998144000001,3.4572500128000003
4.285e-07,4.249996608000004,0.08124998144000001,3.4635000121600004
4.2900000000000004e-07,4.249996608000004,0.09374998016,3.4635000121600004
4.2950000000000003e-07,3.937496639999999,0.09999997952,3.4572500128000003
4.3e-07,4.249996608000004,0.09999997952,3.4572500128000003
4.3050000000000005e-07,3.937496639999999,0.10624997888000001,3.4572500128000003
4.3100000000000003e-07,3.937496639999999,0.09999997952,3.4635000121600004
4.315e-07,4.249996608000004,0.10624997888000001,3.4510000134400003
4.32e-07,4.249996608000004,0.10624997888000001,3.4572500128000003
4.3250000000000004e-07,4.249996608000004,0.10624997888000001,3.4572500128000003
4.33e-07,3.937496639999999,0.11249997823999999,3.4510000134400003
4.335e-07,4.249996608000004,0.11249997823999999,3.4572500128000003
4.3400000000000005e-07,3.937496639999999,0.11249997823999999,3.4572500128000003
4.3450000000000003e-07,3.937496639999999,0.10624997888000001,3.4572500128000003
4.35e-07,4.249996608000004,0.11249997823999999,3.4635000121600004
4.355e-07,3.937496639999999,0.11249997823999999,3.4572500128000003
4.3600000000000004e-07,4.249996608000004,0.11249997823999999,3.4572500128000003
4.365e-07,3.937496639999999,0.11249997823999999,3.4572500128000003
4.37e-07,4.249996608000004,0.11249997823999999,3.4572500128000003
4.3750000000000005e-07,3.937496639999999,0.11249997823999999,3.4510000134400003
4.3800000000000003e-07,4.249996608000004,0.11249997823999999,3.4447500140800003
4.385e-07,3.6249966720000018,0.1187499776,3.43850001472
4.3900000000000005e-07,3.6249966720000018,0.11249997823999999,3.4510000134400003
4.3950000000000004e-07,4.249996608000004,0.11249997823999999,3.4447500140800003
4.4e-07,3.937496639999999,0.1187499776,3.4447500140800003
4.405e-07,4.249996608000004,0.1187499776,3.43225001536
4.4100000000000004e-07,3.6249966720000018,0.12499997696000001,3.43225001536
4.4150000000000003e-07,3.937496639999999,0.12499997696000001,3.426000016
4.42e-07,3.937496639999999,0.1187499776,3.426000016
4.4250000000000005e-07,3.6249966720000018,0.1187499776,3.41350001728
4.4300000000000004e-07,3.937496639999999,0.1187499776,3.426000016
4.435e-07,3.6249966720000018,0.1187499776,3.41975001664
4.44e-07,3.6249966720000018,0.12499997696000001,3.41350001728
4.4450000000000004e-07,3.6249966720000018,0.1187499776,3.41350001728
4.4500000000000003e-07,3.6249966720000018,0.1187499776,3.41975001664
4.455e-07,3.3124967040000044,0.1187499776,3.40725001792
4.4600000000000005e-07,3.6249966720000018,0.1187499776,3.40725001792
4.4650000000000003e-07,3.3124967040000044,0.1187499776,3.40100001856
4.47e-07,3.6249966720000018,0.1187499776,3.41350001728
4.475e-07,3.6249966720000018,0.11249997823999999,3.40725001792
4.4800000000000004e-07,3.6249966720000018,0.11249997823999999,3.40725001792
4.485e-07,3.937496639999999,0.10624997888000001,3.3947500192
4.49e-07,3.6249966720000018,0.11249997823999999,3.3947500192
4.4950000000000005e-07,3.6249966720000018,0.11249997823999999,3.3885000198400004
4.5000000000000003e-07,3.6249966720000018,0.11249997823999999,3.3885000198400004
4.505e-07,3.6249966720000018,0.10624997888000001,3.3822500204800003
4.51e-07,3.937496639999999,0.11249997823999999,3.3947500192
4.5150000000000004e-07,3.6249966720000018,0.10624997888000001,3.3885000198400004
4.52e-07,3.937496639999999,0.10624997888000001,3.3885000198400004
4.525e-07,3.3124967040000044,0.09999997952,3.3822500204800003
4.5300000000000005e-07,3.6249966720000018,0.09999997952,3.3822500204800003
4.5350000000000003e-07,3.3124967040000044,0.10624997888000001,3.3822500204800003
4.54e-07,3.6249966720000018,0.09999997952,3.3822500204800003
4.5450000000000005e-07,3.3124967040000044,0.09374998016,3.3760000211200003
4.5500000000000004e-07,3.3124967040000044,0.09374998016,3.3885000198400004
4.555e-07,3.3124967040000044,0.09374998016,3.3760000211200003
4.56e-07,3.6249966720000018,0.09374998016,3.3822500204800003
4.5650000000000004e-07,3.937496639999999,0.08124998144000001,3.3760000211200003
4.5700000000000003e-07,3.6249966720000018,0.08749998080000002,3.3760000211200003
4.575e-07,3.937496639999999,0.08749998080000002,3.3760000211200003
4.5800000000000005e-07,3.3124967040000044,0.08124998144000001,3.3697500217600003
4.5850000000000004e-07,3.3124967040000044,0.08124998144000001,3.3697500217600003
4.59e-07,3.3124967040000044,0.08124998144000001,3.3822500204800003
4.595e-07,3.3124967040000044,0.07499998208,3.3822500204800003
4.6000000000000004e-07,3.6249966720000018,0.06874998271999999,3.3760000211200003
4.6050000000000003e-07,3.3124967040000044,0.06249998336000001,3.3822500204800003
4.61e-07,3.3124967040000044,0.056249984,3.3822500204800003
4.6150000000000005e-07,3.3124967040000044,0.056249984,3.3760000211200003
4.6200000000000003e-07,3.3124967040000044,0.056249984,3.3760000211200003
4.625e-07,3.3124967040000044,0.049999984639999995,3.3760000211200003
4.63e-07,2.999996736,0.049999984639999995,3.3885000198400004
4.6350000000000004e-07,3.3124967040000044,0.043749985280000014,3.3822500204800003
4.64e-07,3.6249966720000018,0.037499985920000006,3.3822500204800003
4.645e-07,3.3124967040000044,0.043749985280000014,3.3760000211200003
4.6500000000000005e-07,2.999996736,0.031249986559999998,3.3760000211200003
4.6550000000000003e-07,3.3124967040000044,0.031249986559999998,3.3822500204800003
4.66e-07,2.999996736,0.031249986559999998,3.3822500204800003
4.6650000000000005e-07,3.3124967040000044,0.024999987200000004,3.3760000211200003
4.6700000000000004e-07,3.3124967040000044,0.031249986559999998,3.3885000198400004
4.675e-07,2.999996736,0.018749987839999996,3.3822500204800003
4.68e-07,3.3124967040000044,0.018749987839999996,3.3885000198400004
4.6850000000000005e-07,2.999996736,0.0062499891199999935,3.3885000198400004
4.6900000000000003e-07,3.3124967040000044,0.012499988480000002,3.3822500204800003
4.695e-07,2.999996736,0.012499988480000002,3.3822500204800003
4.7000000000000005e-07,2.6874967680000026,0.0062499891199999935,3.3822500204800003
4.7050000000000004e-07,2.6874967680000026,0.0062499891199999935,3.3885000198400004
4.71e-07,2.999996736,-0.006250009599999995,3.3947500192
4.715e-07,2.6874967680000026,-1.0240000000716343e-08,3.3822500204800003
4.7200000000000004e-07,2.6874967680000026,-1.0240000000716343e-08,3.3885000198400004
4.7250000000000003e-07,2.6874967680000026,-1.0240000000716343e-08,3.3885000198400004
4.73e-07,2.6874967680000026,-0.006250009599999995,3.3885000198400004
4.7350000000000005e-07,2.3749968000000017,-0.006250009599999995,3.3885000198400004
4.7400000000000004e-07,2.3749968000000017,-0.012500008960000003,3.3885000198400004
4.745e-07,2.3749968000000017,-0.018750008319999997,3.3822500204800003
4.75e-07,1.7499968640000034,-0.012500008960000003,3.3947500192
4.7550000000000004e-07,1.7499968640000034,-0.012500008960000003,3.3885000198400004
4.7600000000000003e-07,2.062496832000001,-0.018750008319999997,3.3885000198400004
4.765e-07,1.4374968960000025,-0.018750008319999997,3.3947500192
4.77e-07,1.4374968960000025,-0.018750008319999997,3.40725001792
4.775e-07,1.1249969280000016,-0.018750008319999997,3.40100001856
4.78e-07,1.1249969280000016,-0.018750008319999997,3.3947500192
4.785000000000001e-07,0.8124969600000007,-0.018750008319999997,3.3947500192
4.79e-07,0.8124969600000007,-0.018750008319999997,3.40100001856
4.795e-07,0.8124969600000007,-0.025000007680000005,3.3947500192
4.800000000000001e-07,0.8124969600000007,-0.025000007680000005,3.40100001856
4.805e-07,0.4999969919999998,-0.03125000704,3.3947500192
4.81e-07,0.18749702400000245,-0.018750008319999997,3.3947500192
4.815000000000001e-07,0.18749702400000245,-0.018750008319999997,3.3947500192
4.82e-07,-0.12500294399999845,-0.025000007680000005,3.3947500192
4.825e-07,-0.43750291199999936,-0.025000007680000005,3.3885000198400004
4.830000000000001e-07,-0.7500028799999967,-0.012500008960000003,3.40100001856
4.835e-07,-0.7500028799999967,-0.012500008960000003,3.3885000198400004
4.84e-07,-1.0625028479999976,-0.025000007680000005,3.3760000211200003
4.845e-07,-1.3750028159999985,-0.025000007680000005,3.3885000198400004
4.85e-07,-1.3750028159999985,-0.025000007680000005,3.3822500204800003
4.855e-07,-2.0000027520000003,-0.025000007680000005,3.3697500217600003
4.86e-07,-2.0000027520000003,-0.025000007680000005,3.3760000211200003
4.865e-07,-2.0000027520000003,-0.018750008319999997,3.3635000224000002
4.870000000000001e-07,-2.6250026879999986,-0.025000007680000005,3.3760000211200003
4.875e-07,-2.3125027199999977,-0.03125000704,3.3697500217600003
4.88e-07,-2.6250026879999986,-0.025000007680000005,3.3635000224000002
4.885000000000001e-07,-2.3125027199999977,-0.025000007680000005,3.3635000224000002
4.89e-07,-2.9375026559999995,-0.025000007680000005,3.35725002304
4.895e-07,-3.250002623999997,-0.025000007680000005,3.35725002304
4.900000000000001e-07,-3.5625025919999977,-0.025000007680000005,3.35100002368
4.905e-07,-3.5625025919999977,-0.03125000704,3.33850002496
4.91e-07,-3.5625025919999977,-0.025000007680000005,3.34475002432
4.915000000000001e-07,-3.8750025599999987,-0.03125000704,3.33850002496
4.92e-07,-3.8750025599999987,-0.03125000704,3.3322500256
4.925e-07,-4.187502528,-0.0375000064,3.3322500256
4.93e-07,-4.187502528,-0.0375000064,3.3322500256
4.935e-07,-4.187502528,-0.0375000064,3.32600002624
4.940000000000001e-07,-4.187502528,-0.04375000576,3.32600002624
4.945e-07,-4.5000024960000005,-0.0375000064,3.31975002688
4.95e-07,-4.5000024960000005,-0.0375000064,3.32600002624
4.955000000000001e-07,-4.812502463999998,-0.04375000576,3.31350002752
4.96e-07,-4.5000024960000005,-0.04375000576,3.31350002752
4.965e-07,-4.5000024960000005,-0.05000000512,3.3072500281600004
4.970000000000001e-07,-4.812502463999998,-0.05000000512,3.3072500281600004
4.975e-07,-4.5000024960000005,-0.05000000512,3.2947500294400003
4.98e-07,-4.812502463999998,-0.056250004480000004,3.2947500294400003
4.985000000000001e-07,-4.812502463999998,-0.06250000384000001,3.2885000300800002
4.99e-07,-4.812502463999998,-0.056250004480000004,3.2947500294400003
4.995e-07,-4.812502463999998,-0.06250000384000001,3.2885000300800002
