Time (s),VIN,IIN,VOUT,IOUT
0.0,24.39462499136,1.797325007104,48.83312500672,0.77882499328
5e-10,24.39462499136,1.7957625070079999,48.8800000096,0.774137492992
1e-09,24.36337498944,1.7942000069119999,48.89562501056,0.7710124928
1.5000000000000002e-09,24.33212498752,1.7926375068159999,48.91125001152,0.767887492608
2e-09,24.33212498752,1.7910750067199999,48.926875012480004,0.767887492608
2.5e-09,24.33212498752,1.787950006528,48.958125014400004,0.7694499927039999
3.0000000000000004e-09,24.3789999904,1.786387506432,48.958125014400004,0.772574992896
3.5000000000000003e-09,24.47274999616,1.784825006336,48.91125001152,0.777262493184
4e-09,24.50399999808,1.786387506432,48.89562501056,0.77882499328
4.500000000000001e-09,24.51962499904,1.786387506432,48.89562501056,0.775699993088
5e-09,24.51962499904,1.787950006528,48.8800000096,0.774137492992
5.5000000000000004e-09,24.51962499904,1.7895125066239999,48.83312500672,0.7710124928
6.000000000000001e-09,24.47274999616,1.7910750067199999,48.78625000384,0.766324992512
6.5e-09,24.47274999616,1.7910750067199999,48.75500000192,0.76319999232
7.000000000000001e-09,24.51962499904,1.7942000069119999,48.72375,0.76319999232
7.500000000000001e-09,24.53525,1.7957625070079999,48.72375,0.760074992128
8e-09,24.48837499712,1.7942000069119999,48.69249999808,0.761637492224
8.5e-09,24.31649998656,1.7942000069119999,48.72375,0.764762492416
9.000000000000001e-09,24.2227499808,1.7926375068159999,48.78625000384,0.7694499927039999
9.5e-09,24.128999975040003,1.7895125066239999,48.8800000096,0.775699993088
1e-08,24.097749973120003,1.787950006528,48.926875012480004,0.77882499328
1.0500000000000001e-08,24.191499978880003,1.787950006528,48.973750015360004,0.775699993088
1.1000000000000001e-08,24.39462499136,1.7895125066239999,49.005000017280004,0.7710124928
1.15e-08,24.4571249952,1.786387506432,49.005000017280004,0.766324992512
1.2000000000000002e-08,24.39462499136,1.784825006336,48.989375016320004,0.760074992128
1.2500000000000001e-08,24.3789999904,1.784825006336,48.926875012480004,0.753824991744
1.3e-08,24.39462499136,1.787950006528,48.84875000768,0.752262491648
1.35e-08,24.3789999904,1.7910750067199999,48.78625000384,0.750699991552
1.4000000000000001e-08,24.33212498752,1.7926375068159999,48.70812499904,0.752262491648
1.45e-08,24.28524998464,1.7895125066239999,48.69249999808,0.756949991936
1.5000000000000002e-08,24.26962498368,1.786387506432,48.66124999616,0.76319999232
1.55e-08,24.3008749856,1.784825006336,48.70812499904,0.766324992512
1.6e-08,24.34774998848,1.78326250624,48.73937500096,0.7710124928
1.6500000000000002e-08,24.3008749856,1.786387506432,48.73937500096,0.777262493184
1.7e-08,24.23837498176,1.786387506432,48.75500000192,0.780387493376
1.75e-08,24.175874977920003,1.786387506432,48.78625000384,0.77882499328
1.8000000000000002e-08,24.175874977920003,1.787950006528,48.78625000384,0.777262493184
1.85e-08,24.31649998656,1.787950006528,48.77062500288,0.772574992896
1.9e-08,24.48837499712,1.7910750067199999,48.75500000192,0.7710124928
1.9500000000000003e-08,24.59775000384,1.7942000069119999,48.8018750048,0.7710124928
2e-08,24.56650000192,1.800450007296,48.86437500864,0.7710124928
2.05e-08,24.41024999232,1.7988875072,48.89562501056,0.7710124928
2.1000000000000003e-08,24.2227499808,1.7942000069119999,48.86437500864,0.774137492992
2.15e-08,24.25399998272,1.7926375068159999,48.8018750048,0.777262493184
2.2000000000000002e-08,24.28524998464,1.7910750067199999,48.77062500288,0.77882499328
2.2500000000000003e-08,24.23837498176,1.7895125066239999,48.81750000576,0.781949993472
2.3e-08,24.144624976000003,1.7895125066239999,48.75500000192,0.785074993664
2.3500000000000002e-08,24.113374974080003,1.787950006528,48.73937500096,0.781949993472
2.4000000000000003e-08,24.191499978880003,1.787950006528,48.72375,0.775699993088
2.45e-08,24.3008749856,1.787950006528,48.70812499904,0.7710124928
2.5000000000000002e-08,24.36337498944,1.786387506432,48.75500000192,0.766324992512
2.55e-08,24.39462499136,1.787950006528,48.83312500672,0.761637492224
2.6e-08,24.3789999904,1.787950006528,48.89562501056,0.760074992128
2.6500000000000002e-08,24.33212498752,1.7926375068159999,48.91125001152,0.760074992128
2.7e-08,24.31649998656,1.7926375068159999,48.83312500672,0.760074992128
2.75e-08,24.28524998464,1.7926375068159999,48.77062500288,0.764762492416
2.8000000000000003e-08,24.26962498368,1.7926375068159999,48.83312500672,0.7710124928
2.85e-08,24.20712497984,1.7926375068159999,48.89562501056,0.772574992896
2.9e-08,24.113374974080003,1.7926375068159999,48.8018750048,0.774137492992
2.9500000000000003e-08,24.160249976960003,1.7910750067199999,48.75500000192,0.7710124928
3.0000000000000004e-08,24.3008749856,1.787950006528,48.73937500096,0.767887492608
3.05e-08,24.3789999904,1.786387506432,48.8018750048,0.767887492608
3.1e-08,24.25399998272,1.787950006528,48.86437500864,0.7710124928
3.1500000000000004e-08,24.175874977920003,1.786387506432,48.91125001152,0.7710124928
3.2e-08,24.33212498752,1.784825006336,48.86437500864,0.767887492608
3.25e-08,24.50399999808,1.786387506432,48.83312500672,0.764762492416
3.3000000000000004e-08,24.55087500096,1.787950006528,48.84875000768,0.76319999232
3.35e-08,24.44149999424,1.7895125066239999,48.89562501056,0.767887492608
3.4e-08,24.26962498368,1.7895125066239999,48.958125014400004,0.7694499927039999
3.4500000000000005e-08,24.2227499808,1.787950006528,48.958125014400004,0.7710124928
3.5e-08,24.25399998272,1.784825006336,48.83312500672,0.7710124928
3.55e-08,24.3008749856,1.78326250624,48.72375,0.7710124928
3.6000000000000005e-08,24.31649998656,1.784825006336,48.67687499712,0.774137492992
3.65e-08,24.23837498176,1.786387506432,48.73937500096,0.7710124928
3.7e-08,24.019624968320002,1.786387506432,48.77062500288,0.772574992896
3.7500000000000005e-08,24.003999967360002,1.786387506432,48.75500000192,0.772574992896
3.8e-08,24.175874977920003,1.784825006336,48.69249999808,0.772574992896
3.85e-08,24.36337498944,1.781700006144,48.72375,0.775699993088
3.9000000000000005e-08,24.39462499136,1.78326250624,48.81750000576,0.777262493184
3.95e-08,24.39462499136,1.781700006144,48.958125014400004,0.77882499328
4e-08,24.47274999616,1.781700006144,48.989375016320004,0.77882499328
4.0500000000000005e-08,24.51962499904,1.78326250624,48.91125001152,0.77882499328
4.1e-08,24.51962499904,1.786387506432,48.8800000096,0.777262493184
4.15e-08,24.39462499136,1.786387506432,48.89562501056,0.777262493184
4.2000000000000006e-08,24.2227499808,1.786387506432,49.005000017280004,0.777262493184
4.2500000000000003e-08,24.175874977920003,1.781700006144,49.067500021120004,0.777262493184
4.3e-08,24.28524998464,1.781700006144,48.926875012480004,0.777262493184
4.3500000000000006e-08,24.3789999904,1.781700006144,48.72375,0.77882499328
4.4000000000000004e-08,24.3008749856,1.780137506048,48.61437499328,0.781949993472
4.45e-08,24.191499978880003,1.778575005952,48.67687499712,0.781949993472
4.5000000000000006e-08,24.082124972160003,1.781700006144,48.73937500096,0.781949993472
4.5500000000000004e-08,24.160249976960003,1.78326250624,48.8018750048,0.783512493568
4.6e-08,24.39462499136,1.78326250624,48.8018750048,0.780387493376
4.6500000000000006e-08,24.707125010560002,1.784825006336,48.8800000096,0.77882499328
4.7000000000000004e-08,24.800875016320003,1.786387506432,48.973750015360004,0.7710124928
4.75e-08,24.59775000384,1.784825006336,49.083125022080004,0.766324992512
4.8000000000000006e-08,24.3789999904,1.784825006336,49.130000024960005,0.76319999232
4.8500000000000004e-08,24.28524998464,1.784825006336,49.083125022080004,0.76319999232
4.9e-08,24.25399998272,1.784825006336,48.958125014400004,0.767887492608
4.95e-08,24.113374974080003,1.781700006144,48.84875000768,0.7710124928
5.0000000000000004e-08,24.003999967360002,1.778575005952,48.72375,0.772574992896
5.05e-08,24.019624968320002,1.777012505856,48.66124999616,0.775699993088
5.1e-08,24.113374974080003,1.780137506048,48.61437499328,0.77882499328
5.1500000000000005e-08,24.26962498368,1.781700006144,48.5674999904,0.775699993088
5.2e-08,24.36337498944,1.787950006528,48.61437499328,0.775699993088
5.25e-08,24.50399999808,1.7895125066239999,48.70812499904,0.767887492608
5.3000000000000005e-08,24.53525,1.787950006528,48.83312500672,0.761637492224
5.35e-08,24.53525,1.784825006336,48.926875012480004,0.75538749184
5.4e-08,24.51962499904,1.78326250624,48.989375016320004,0.752262491648
5.4500000000000005e-08,24.48837499712,1.78326250624,49.036250019200004,0.750699991552
5.5e-08,24.33212498752,1.781700006144,49.051875020160004,0.75538749184
5.55e-08,24.066499971200003,1.77545000576,49.036250019200004,0.766324992512
5.6000000000000005e-08,23.9102499616,1.772325005568,48.958125014400004,0.774137492992
5.65e-08,23.9102499616,1.772325005568,48.84875000768,0.780387493376
5.7e-08,24.066499971200003,1.77545000576,48.78625000384,0.788199993856
5.7500000000000005e-08,24.175874977920003,1.784825006336,48.72375,0.79444999424
5.8e-08,24.2227499808,1.7910750067199999,48.66124999616,0.79444999424
5.85e-08,24.31649998656,1.7942000069119999,48.67687499712,0.789762493952
5.9000000000000006e-08,24.50399999808,1.7942000069119999,48.69249999808,0.780387493376
5.9500000000000003e-08,24.629000005760002,1.7942000069119999,48.73937500096,0.7694499927039999
6.000000000000001e-08,24.58212500288,1.797325007104,48.81750000576,0.764762492416
6.05e-08,24.44149999424,1.7942000069119999,48.8800000096,0.761637492224
6.1e-08,24.2227499808,1.787950006528,48.8800000096,0.764762492416
6.15e-08,24.097749973120003,1.78326250624,48.86437500864,0.772574992896
6.2e-08,24.003999967360002,1.780137506048,48.89562501056,0.78663749376
6.250000000000001e-08,23.972749965440002,1.77545000576,48.958125014400004,0.799137494528
6.300000000000001e-08,24.003999967360002,1.772325005568,48.973750015360004,0.808512495104
6.35e-08,24.050874970240002,1.772325005568,48.973750015360004,0.8131999953919999
6.4e-08,24.160249976960003,1.777012505856,48.91125001152,0.8116374952959999
6.45e-08,24.36337498944,1.787950006528,48.8018750048,0.80226249472
6.5e-08,24.53525,1.7957625070079999,48.75500000192,0.78663749376
6.55e-08,24.58212500288,1.797325007104,48.75500000192,0.772574992896
6.600000000000001e-08,24.47274999616,1.7988875072,48.72375,0.760074992128
6.65e-08,24.39462499136,1.797325007104,48.70812499904,0.75538749184
6.7e-08,24.33212498752,1.7910750067199999,48.6456249952,0.752262491648
6.75e-08,24.23837498176,1.78326250624,48.62999999424,0.758512492032
6.8e-08,24.066499971200003,1.778575005952,48.72375,0.7694499927039999
6.85e-08,23.941499963520002,1.773887505664,48.89562501056,0.781949993472
6.900000000000001e-08,23.89462496064,1.772325005568,49.005000017280004,0.791324994048
6.950000000000001e-08,24.003999967360002,1.77545000576,49.051875020160004,0.796012494336
7e-08,24.25399998272,1.78326250624,49.051875020160004,0.796012494336
7.05e-08,24.48837499712,1.7910750067199999,49.067500021120004,0.789762493952
7.1e-08,24.58212500288,1.7957625070079999,49.005000017280004,0.780387493376
7.15e-08,24.55087500096,1.7988875072,48.91125001152,0.764762492416
7.200000000000001e-08,24.51962499904,1.7988875072,48.77062500288,0.750699991552
7.250000000000001e-08,24.47274999616,1.7988875072,48.67687499712,0.744449991168
7.3e-08,24.3789999904,1.7957625070079999,48.59874999232,0.742887491072
7.35e-08,24.2227499808,1.7895125066239999,48.61437499328,0.7491374914560001
7.4e-08,24.097749973120003,1.781700006144,48.66124999616,0.761637492224
7.45e-08,23.972749965440002,1.777012505856,48.75500000192,0.777262493184
7.500000000000001e-08,23.941499963520002,1.773887505664,48.8800000096,0.791324994048
7.550000000000001e-08,24.050874970240002,1.77545000576,48.973750015360004,0.800699994624
7.6e-08,24.144624976000003,1.781700006144,49.051875020160004,0.806949995008
7.65e-08,24.28524998464,1.787950006528,49.083125022080004,0.80226249472
7.7e-08,24.42587499328,1.7910750067199999,48.989375016320004,0.79444999424
7.75e-08,24.51962499904,1.7957625070079999,48.83312500672,0.781949993472
7.800000000000001e-08,24.55087500096,1.797325007104,48.66124999616,0.767887492608
7.850000000000001e-08,24.55087500096,1.797325007104,48.58312499136,0.760074992128
7.9e-08,24.44149999424,1.797325007104,48.53624998848,0.760074992128
7.95e-08,24.23837498176,1.7942000069119999,48.61437499328,0.764762492416
8e-08,24.128999975040003,1.7895125066239999,48.67687499712,0.775699993088
8.05e-08,24.097749973120003,1.786387506432,48.78625000384,0.78663749376
8.100000000000001e-08,24.113374974080003,1.781700006144,48.91125001152,0.799137494528
8.150000000000001e-08,24.113374974080003,1.780137506048,49.036250019200004,0.803824994816
8.2e-08,24.144624976000003,1.781700006144,49.083125022080004,0.803824994816
8.25e-08,24.25399998272,1.784825006336,49.098750023040004,0.797574994432
8.3e-08,24.42587499328,1.787950006528,49.036250019200004,0.78663749376
8.35e-08,24.56650000192,1.7926375068159999,48.91125001152,0.772574992896
8.400000000000001e-08,24.644625006720002,1.7957625070079999,48.8018750048,0.764762492416
8.450000000000001e-08,24.59775000384,1.7957625070079999,48.70812499904,0.760074992128
8.500000000000001e-08,24.44149999424,1.7942000069119999,48.62999999424,0.758512492032
8.55e-08,24.33212498752,1.7895125066239999,48.61437499328,0.76319999232
8.6e-08,24.20712497984,1.784825006336,48.69249999808,0.7710124928
8.65e-08,24.128999975040003,1.780137506048,48.81750000576,0.783512493568
8.700000000000001e-08,24.019624968320002,1.781700006144,48.89562501056,0.792887494144
8.750000000000001e-08,23.957124964480002,1.78326250624,48.989375016320004,0.792887494144
8.800000000000001e-08,24.050874970240002,1.78326250624,49.005000017280004,0.788199993856
8.85e-08,24.25399998272,1.787950006528,49.005000017280004,0.783512493568
8.9e-08,24.47274999616,1.7910750067199999,48.973750015360004,0.7710124928
8.95e-08,24.58212500288,1.7942000069119999,48.91125001152,0.758512492032
9.000000000000001e-08,24.58212500288,1.7942000069119999,48.8018750048,0.7491374914560001
9.050000000000001e-08,24.50399999808,1.7926375068159999,48.72375,0.74757499136
9.100000000000001e-08,24.4571249952,1.7910750067199999,48.66124999616,0.750699991552
9.15e-08,24.33212498752,1.7910750067199999,48.62999999424,0.760074992128
9.2e-08,24.20712497984,1.7895125066239999,48.69249999808,0.772574992896
9.25e-08,24.128999975040003,1.784825006336,48.78625000384,0.783512493568
9.300000000000001e-08,24.097749973120003,1.781700006144,48.89562501056,0.791324994048
9.350000000000001e-08,24.175874977920003,1.780137506048,49.020625018240004,0.791324994048
9.400000000000001e-08,24.25399998272,1.780137506048,49.051875020160004,0.788199993856
9.45e-08,24.3008749856,1.781700006144,49.051875020160004,0.780387493376
9.5e-08,24.26962498368,1.784825006336,48.926875012480004,0.7710124928
9.55e-08,24.23837498176,1.786387506432,48.8018750048,0.76319999232
9.600000000000001e-08,24.28524998464,1.7910750067199999,48.66124999616,0.758512492032
9.650000000000001e-08,24.42587499328,1.7957625070079999,48.5674999904,0.758512492032
9.700000000000001e-08,24.56650000192,1.7988875072,48.58312499136,0.766324992512
9.75e-08,24.50399999808,1.7988875072,48.62999999424,0.774137492992
9.8e-08,24.36337498944,1.7957625070079999,48.72375,0.781949993472
9.85e-08,24.23837498176,1.7926375068159999,48.86437500864,0.792887494144
9.9e-08,24.20712497984,1.7895125066239999,48.989375016320004,0.797574994432
9.950000000000001e-08,24.20712497984,1.7895125066239999,49.051875020160004,0.797574994432
1.0000000000000001e-07,24.23837498176,1.7910750067199999,49.051875020160004,0.792887494144
1.005e-07,24.31649998656,1.7910750067199999,48.973750015360004,0.78663749376
1.01e-07,24.39462499136,1.7910750067199999,48.86437500864,0.781949993472
1.015e-07,24.48837499712,1.7942000069119999,48.77062500288,0.774137492992
1.02e-07,24.47274999616,1.7942000069119999,48.69249999808,0.767887492608
1.0250000000000001e-07,24.41024999232,1.7942000069119999,48.69249999808,0.764762492416
1.0300000000000001e-07,24.34774998848,1.7957625070079999,48.69249999808,0.766324992512
1.0350000000000001e-07,24.28524998464,1.7926375068159999,48.73937500096,0.7694499927039999
1.04e-07,24.25399998272,1.7910750067199999,48.8018750048,0.77882499328
1.045e-07,24.25399998272,1.7942000069119999,48.84875000768,0.785074993664
1.05e-07,24.26962498368,1.7942000069119999,48.91125001152,0.789762493952
1.0550000000000001e-07,24.20712497984,1.7926375068159999,48.973750015360004,0.791324994048
1.0600000000000001e-07,24.160249976960003,1.7942000069119999,48.942500013440004,0.785074993664
1.0650000000000001e-07,24.144624976000003,1.7926375068159999,48.926875012480004,0.780387493376
1.07e-07,24.23837498176,1.7910750067199999,48.86437500864,0.772574992896
1.075e-07,24.44149999424,1.7895125066239999,48.8018750048,0.764762492416
1.08e-07,24.56650000192,1.7910750067199999,48.8018750048,0.76319999232
1.0850000000000001e-07,24.6133750048,1.7926375068159999,48.78625000384,0.760074992128
1.0900000000000001e-07,24.55087500096,1.797325007104,48.77062500288,0.764762492416
1.0950000000000001e-07,24.48837499712,1.797325007104,48.81750000576,0.7694499927039999
1.1e-07,24.42587499328,1.797325007104,48.86437500864,0.774137492992
1.105e-07,24.3008749856,1.797325007104,48.91125001152,0.77882499328
1.11e-07,24.191499978880003,1.7957625070079999,48.8800000096,0.77882499328
1.1150000000000001e-07,24.175874977920003,1.7957625070079999,48.84875000768,0.777262493184
1.1200000000000001e-07,24.25399998272,1.7988875072,48.77062500288,0.775699993088
1.1250000000000001e-07,24.33212498752,1.800450007296,48.77062500288,0.772574992896
1.13e-07,24.42587499328,1.7988875072,48.75500000192,0.766324992512
1.135e-07,24.48837499712,1.7957625070079999,48.75500000192,0.761637492224
1.14e-07,24.48837499712,1.7942000069119999,48.77062500288,0.760074992128
1.1450000000000001e-07,24.41024999232,1.7957625070079999,48.86437500864,0.766324992512
1.1500000000000001e-07,24.39462499136,1.7957625070079999,48.89562501056,0.774137492992
1.1550000000000001e-07,24.41024999232,1.797325007104,48.91125001152,0.781949993472
1.16e-07,24.47274999616,1.7957625070079999,48.91125001152,0.78663749376
1.165e-07,24.4571249952,1.7957625070079999,48.8800000096,0.78663749376
1.17e-07,24.36337498944,1.7942000069119999,48.81750000576,0.78663749376
1.1750000000000001e-07,24.23837498176,1.7926375068159999,48.75500000192,0.77882499328
1.1800000000000001e-07,24.128999975040003,1.7957625070079999,48.67687499712,0.7694499927039999
1.1850000000000001e-07,24.066499971200003,1.7957625070079999,48.67687499712,0.766324992512
1.1900000000000001e-07,24.097749973120003,1.797325007104,48.66124999616,0.761637492224
1.195e-07,24.20712497984,1.7957625070079999,48.69249999808,0.758512492032
1.2000000000000002e-07,24.31649998656,1.797325007104,48.75500000192,0.764762492416
1.205e-07,24.44149999424,1.802012507392,48.81750000576,0.7694499927039999
1.21e-07,24.56650000192,1.802012507392,48.89562501056,0.777262493184
1.215e-07,24.59775000384,1.802012507392,48.958125014400004,0.783512493568
1.22e-07,24.56650000192,1.800450007296,48.973750015360004,0.78663749376
1.2250000000000002e-07,24.53525,1.7988875072,48.989375016320004,0.785074993664
1.23e-07,24.55087500096,1.802012507392,48.91125001152,0.780387493376
1.2350000000000001e-07,24.53525,1.803575007488,48.78625000384,0.775699993088
1.24e-07,24.50399999808,1.802012507392,48.66124999616,0.7710124928
1.245e-07,24.48837499712,1.7988875072,48.52062498752,0.76319999232
1.2500000000000002e-07,24.44149999424,1.797325007104,48.45812498368,0.761637492224
1.255e-07,24.34774998848,1.7988875072,48.50499998656,0.76319999232
1.2600000000000002e-07,24.191499978880003,1.797325007104,48.58312499136,0.766324992512
1.265e-07,24.175874977920003,1.7942000069119999,48.73937500096,0.7694499927039999
1.27e-07,24.31649998656,1.7957625070079999,48.8800000096,0.777262493184
1.275e-07,24.4571249952,1.7957625070079999,49.036250019200004,0.780387493376
1.28e-07,24.51962499904,1.7988875072,49.145625025920005,0.781949993472
1.2850000000000002e-07,24.50399999808,1.800450007296,49.176875027840005,0.77882499328
1.29e-07,24.48837499712,1.797325007104,49.114375024000005,0.774137492992
1.2950000000000001e-07,24.36337498944,1.797325007104,49.005000017280004,0.767887492608
1.3e-07,24.25399998272,1.800450007296,48.86437500864,0.761637492224
1.305e-07,24.26962498368,1.797325007104,48.73937500096,0.756949991936
1.31e-07,24.39462499136,1.7942000069119999,48.58312499136,0.753824991744
1.315e-07,24.44149999424,1.7926375068159999,48.4893749856,0.753824991744
1.3200000000000002e-07,24.33212498752,1.7926375068159999,48.47374998464,0.758512492032
1.325e-07,24.31649998656,1.7926375068159999,48.4893749856,0.760074992128
1.33e-07,24.34774998848,1.7895125066239999,48.55187498944,0.764762492416
1.335e-07,24.31649998656,1.7910750067199999,48.66124999616,0.766324992512
1.34e-07,24.25399998272,1.7910750067199999,48.75500000192,0.767887492608
1.3450000000000002e-07,24.31649998656,1.7895125066239999,48.83312500672,0.772574992896
1.35e-07,24.44149999424,1.7895125066239999,48.83312500672,0.7710124928
1.3550000000000002e-07,24.51962499904,1.7926375068159999,48.84875000768,0.767887492608
1.36e-07,24.51962499904,1.797325007104,48.83312500672,0.767887492608
1.365e-07,24.4571249952,1.7988875072,48.81750000576,0.766324992512
1.37e-07,24.36337498944,1.7988875072,48.78625000384,0.766324992512
1.375e-07,24.28524998464,1.800450007296,48.73937500096,0.767887492608
1.3800000000000002e-07,24.25399998272,1.7988875072,48.70812499904,0.7694499927039999
1.385e-07,24.28524998464,1.7957625070079999,48.70812499904,0.7710124928
1.3900000000000001e-07,24.3789999904,1.7957625070079999,48.69249999808,0.775699993088
1.395e-07,24.42587499328,1.7942000069119999,48.70812499904,0.775699993088
1.4e-07,24.39462499136,1.797325007104,48.77062500288,0.777262493184
1.4050000000000002e-07,24.39462499136,1.7988875072,48.75500000192,0.774137492992
1.41e-07,24.36337498944,1.800450007296,48.72375,0.7710124928
1.4150000000000002e-07,24.31649998656,1.800450007296,48.72375,0.766324992512
1.42e-07,24.3008749856,1.802012507392,48.75500000192,0.764762492416
1.425e-07,24.33212498752,1.800450007296,48.81750000576,0.764762492416
1.43e-07,24.33212498752,1.800450007296,48.83312500672,0.767887492608
1.435e-07,24.31649998656,1.800450007296,48.8800000096,0.7710124928
1.4400000000000002e-07,24.28524998464,1.800450007296,48.8800000096,0.774137492992
1.445e-07,24.23837498176,1.805137507584,48.86437500864,0.777262493184
1.4500000000000001e-07,24.23837498176,1.803575007488,48.83312500672,0.77882499328
1.455e-07,24.26962498368,1.800450007296,48.77062500288,0.77882499328
1.46e-07,24.36337498944,1.797325007104,48.69249999808,0.777262493184
1.4650000000000002e-07,24.4571249952,1.797325007104,48.67687499712,0.7710124928
1.47e-07,24.47274999616,1.7988875072,48.6456249952,0.767887492608
1.4750000000000002e-07,24.51962499904,1.7957625070079999,48.61437499328,0.761637492224
1.48e-07,24.53525,1.7957625070079999,48.66124999616,0.758512492032
1.485e-07,24.50399999808,1.7942000069119999,48.72375,0.75538749184
1.49e-07,24.3789999904,1.7957625070079999,48.77062500288,0.758512492032
1.495e-07,24.31649998656,1.7957625070079999,48.84875000768,0.761637492224
1.5000000000000002e-07,24.3008749856,1.7926375068159999,48.91125001152,0.761637492224
1.505e-07,24.33212498752,1.7926375068159999,49.005000017280004,0.766324992512
1.5100000000000002e-07,24.33212498752,1.7942000069119999,49.051875020160004,0.767887492608
1.515e-07,24.33212498752,1.7957625070079999,49.051875020160004,0.766324992512
1.52e-07,24.34774998848,1.7988875072,48.989375016320004,0.761637492224
1.5250000000000002e-07,24.34774998848,1.800450007296,48.8800000096,0.756949991936
1.53e-07,24.3789999904,1.7988875072,48.75500000192,0.75538749184
1.5350000000000002e-07,24.44149999424,1.7957625070079999,48.69249999808,0.753824991744
1.54e-07,24.50399999808,1.7957625070079999,48.62999999424,0.753824991744
1.5450000000000001e-07,24.55087500096,1.7957625070079999,48.6456249952,0.756949991936
1.55e-07,24.56650000192,1.797325007104,48.66124999616,0.764762492416
1.555e-07,24.50399999808,1.7957625070079999,48.69249999808,0.7710124928
1.5600000000000002e-07,24.42587499328,1.7988875072,48.73937500096,0.77882499328
1.565e-07,24.36337498944,1.797325007104,48.77062500288,0.781949993472
1.5700000000000002e-07,24.25399998272,1.797325007104,48.78625000384,0.78663749376
1.575e-07,24.2227499808,1.797325007104,48.8018750048,0.788199993856
1.58e-07,24.26962498368,1.800450007296,48.8018750048,0.785074993664
1.5850000000000002e-07,24.34774998848,1.797325007104,48.83312500672,0.780387493376
1.59e-07,24.39462499136,1.7988875072,48.83312500672,0.774137492992
1.5950000000000002e-07,24.36337498944,1.7957625070079999,48.89562501056,0.7694499927039999
1.6e-07,24.34774998848,1.7942000069119999,48.91125001152,0.766324992512
1.6050000000000001e-07,24.31649998656,1.7957625070079999,48.926875012480004,0.764762492416
1.61e-07,24.33212498752,1.7942000069119999,48.942500013440004,0.764762492416
1.615e-07,24.34774998848,1.7910750067199999,48.942500013440004,0.767887492608
1.6200000000000002e-07,24.41024999232,1.7910750067199999,48.91125001152,0.772574992896
1.625e-07,24.4571249952,1.7910750067199999,48.89562501056,0.777262493184
1.6300000000000002e-07,24.50399999808,1.7910750067199999,48.8800000096,0.77882499328
1.635e-07,24.51962499904,1.7895125066239999,48.8800000096,0.77882499328
1.64e-07,24.51962499904,1.7910750067199999,48.86437500864,0.7710124928
1.645e-07,24.50399999808,1.7910750067199999,48.81750000576,0.76319999232
1.65e-07,24.4571249952,1.7942000069119999,48.75500000192,0.760074992128
1.6550000000000002e-07,24.48837499712,1.797325007104,48.72375,0.756949991936
1.66e-07,24.50399999808,1.7957625070079999,48.69249999808,0.75538749184
1.6650000000000002e-07,24.48837499712,1.797325007104,48.70812499904,0.756949991936
1.67e-07,24.3789999904,1.797325007104,48.69249999808,0.764762492416
1.675e-07,24.26962498368,1.7957625070079999,48.75500000192,0.7694499927039999
1.6800000000000002e-07,24.191499978880003,1.7942000069119999,48.83312500672,0.7710124928
1.685e-07,24.097749973120003,1.7957625070079999,48.91125001152,0.772574992896
1.6900000000000002e-07,24.128999975040003,1.7957625070079999,48.942500013440004,0.774137492992
1.695e-07,24.3008749856,1.7895125066239999,48.973750015360004,0.774137492992
1.7000000000000001e-07,24.44149999424,1.787950006528,48.989375016320004,0.766324992512
1.705e-07,24.44149999424,1.7895125066239999,48.989375016320004,0.76319999232
1.71e-07,24.3789999904,1.7895125066239999,48.942500013440004,0.760074992128
1.7150000000000002e-07,24.3789999904,1.7895125066239999,48.8800000096,0.75538749184
1.72e-07,24.3789999904,1.7895125066239999,48.83312500672,0.752262491648
1.7250000000000002e-07,24.36337498944,1.7926375068159999,48.73937500096,0.752262491648
1.73e-07,24.3008749856,1.7910750067199999,48.66124999616,0.75538749184
1.735e-07,24.26962498368,1.787950006528,48.6456249952,0.760074992128
1.7400000000000002e-07,24.26962498368,1.78326250624,48.66124999616,0.76319999232
1.745e-07,24.33212498752,1.781700006144,48.73937500096,0.767887492608
1.7500000000000002e-07,24.31649998656,1.786387506432,48.73937500096,0.775699993088
1.755e-07,24.28524998464,1.7895125066239999,48.77062500288,0.780387493376
1.7600000000000001e-07,24.20712497984,1.787950006528,48.77062500288,0.781949993472
1.765e-07,24.144624976000003,1.787950006528,48.8018750048,0.77882499328
1.77e-07,24.23837498176,1.786387506432,48.78625000384,0.775699993088
1.7750000000000002e-07,24.41024999232,1.786387506432,48.72375,0.7710124928
1.78e-07,24.55087500096,1.7910750067199999,48.72375,0.7694499927039999
1.7850000000000002e-07,24.59775000384,1.797325007104,48.81750000576,0.7710124928
1.79e-07,24.48837499712,1.7988875072,48.86437500864,0.7710124928
1.795e-07,24.28524998464,1.7988875072,48.84875000768,0.7694499927039999
1.8000000000000002e-07,24.23837498176,1.7957625070079999,48.83312500672,0.7710124928
1.805e-07,24.28524998464,1.7942000069119999,48.8018750048,0.775699993088
1.8100000000000002e-07,24.25399998272,1.7910750067199999,48.77062500288,0.780387493376
1.815e-07,24.175874977920003,1.7895125066239999,48.78625000384,0.783512493568
1.8200000000000002e-07,24.113374974080003,1.787950006528,48.73937500096,0.781949993472
1.825e-07,24.160249976960003,1.7895125066239999,48.72375,0.780387493376
1.83e-07,24.25399998272,1.787950006528,48.72375,0.777262493184
1.8350000000000002e-07,24.33212498752,1.7895125066239999,48.75500000192,0.774137492992
1.84e-07,24.39462499136,1.7910750067199999,48.78625000384,0.767887492608
1.8450000000000002e-07,24.3789999904,1.7926375068159999,48.86437500864,0.764762492416
1.85e-07,24.3789999904,1.7926375068159999,48.89562501056,0.761637492224
1.8550000000000001e-07,24.3008749856,1.7926375068159999,48.84875000768,0.76319999232
1.8600000000000002e-07,24.28524998464,1.7942000069119999,48.78625000384,0.76319999232
1.865e-07,24.26962498368,1.7957625070079999,48.81750000576,0.767887492608
1.8700000000000002e-07,24.25399998272,1.7942000069119999,48.86437500864,0.775699993088
1.875e-07,24.160249976960003,1.7910750067199999,48.83312500672,0.77882499328
1.8800000000000002e-07,24.128999975040003,1.7895125066239999,48.78625000384,0.775699993088
1.885e-07,24.23837498176,1.7926375068159999,48.75500000192,0.7710124928
1.89e-07,24.3789999904,1.7942000069119999,48.77062500288,0.7710124928
1.8950000000000002e-07,24.34774998848,1.7926375068159999,48.84875000768,0.7694499927039999
1.9e-07,24.20712497984,1.7910750067199999,48.8800000096,0.767887492608
1.9050000000000002e-07,24.25399998272,1.787950006528,48.89562501056,0.767887492608
1.91e-07,24.4571249952,1.786387506432,48.83312500672,0.7694499927039999
1.9150000000000001e-07,24.59775000384,1.784825006336,48.83312500672,0.7694499927039999
1.9200000000000003e-07,24.55087500096,1.784825006336,48.8800000096,0.767887492608
1.925e-07,24.34774998848,1.786387506432,48.926875012480004,0.7694499927039999
1.9300000000000002e-07,24.25399998272,1.786387506432,48.973750015360004,0.7710124928
1.935e-07,24.2227499808,1.786387506432,48.8800000096,0.772574992896
1.9400000000000002e-07,24.26962498368,1.786387506432,48.73937500096,0.772574992896
1.945e-07,24.31649998656,1.787950006528,48.67687499712,0.772574992896
1.95e-07,24.3008749856,1.787950006528,48.69249999808,0.7710124928
1.9550000000000002e-07,24.128999975040003,1.784825006336,48.77062500288,0.772574992896
1.96e-07,24.003999967360002,1.787950006528,48.78625000384,0.775699993088
1.9650000000000002e-07,24.082124972160003,1.7895125066239999,48.73937500096,0.772574992896
1.97e-07,24.28524998464,1.7895125066239999,48.67687499712,0.774137492992
1.9750000000000001e-07,24.41024999232,1.7895125066239999,48.75500000192,0.772574992896
1.98e-07,24.39462499136,1.787950006528,48.91125001152,0.775699993088
1.985e-07,24.44149999424,1.787950006528,49.020625018240004,0.77882499328
1.9900000000000002e-07,24.48837499712,1.786387506432,48.958125014400004,0.781949993472
1.995e-07,24.51962499904,1.786387506432,48.89562501056,0.77882499328
2.0000000000000002e-07,24.47274999616,1.787950006528,48.86437500864,0.775699993088
2.005e-07,24.28524998464,1.786387506432,48.958125014400004,0.77882499328
2.01e-07,24.175874977920003,1.78326250624,49.051875020160004,0.780387493376
2.0150000000000002e-07,24.2227499808,1.780137506048,49.005000017280004,0.780387493376
2.02e-07,24.33212498752,1.784825006336,48.81750000576,0.77882499328
2.0250000000000002e-07,24.31649998656,1.784825006336,48.69249999808,0.780387493376
2.03e-07,24.23837498176,1.78326250624,48.6456249952,0.781949993472
2.0350000000000002e-07,24.113374974080003,1.781700006144,48.72375,0.785074993664
2.04e-07,24.066499971200003,1.781700006144,48.8018750048,0.783512493568
2.045e-07,24.26962498368,1.784825006336,48.81750000576,0.780387493376
2.0500000000000002e-07,24.56650000192,1.7895125066239999,48.84875000768,0.77882499328
2.055e-07,24.785250015360003,1.7910750067199999,48.91125001152,0.774137492992
2.0600000000000002e-07,24.691500009600002,1.787950006528,49.051875020160004,0.7694499927039999
2.065e-07,24.42587499328,1.786387506432,49.145625025920005,0.764762492416
2.0700000000000001e-07,24.28524998464,1.786387506432,49.130000024960005,0.764762492416
2.0750000000000003e-07,24.25399998272,1.786387506432,49.051875020160004,0.766324992512
2.08e-07,24.160249976960003,1.784825006336,48.91125001152,0.767887492608
2.0850000000000002e-07,24.019624968320002,1.781700006144,48.77062500288,0.772574992896
2.09e-07,23.988374966400002,1.777012505856,48.69249999808,0.777262493184
2.0950000000000002e-07,24.050874970240002,1.773887505664,48.62999999424,0.777262493184
2.1e-07,24.175874977920003,1.778575005952,48.59874999232,0.774137492992
2.105e-07,24.31649998656,1.786387506432,48.61437499328,0.7694499927039999
2.1100000000000002e-07,24.4571249952,1.787950006528,48.66124999616,0.766324992512
2.115e-07,24.51962499904,1.784825006336,48.77062500288,0.764762492416
2.1200000000000002e-07,24.51962499904,1.784825006336,48.91125001152,0.76319999232
2.125e-07,24.53525,1.786387506432,49.005000017280004,0.753824991744
2.1300000000000001e-07,24.50399999808,1.784825006336,49.020625018240004,0.753824991744
2.1350000000000003e-07,24.39462499136,1.781700006144,49.067500021120004,0.75538749184
2.14e-07,24.144624976000003,1.77545000576,49.067500021120004,0.760074992128
2.1450000000000002e-07,23.925874962560002,1.770762505472,49.036250019200004,0.766324992512
2.15e-07,23.87899995968,1.770762505472,48.926875012480004,0.775699993088
2.1550000000000002e-07,23.972749965440002,1.777012505856,48.83312500672,0.785074993664
2.16e-07,24.113374974080003,1.78326250624,48.75500000192,0.792887494144
2.165e-07,24.175874977920003,1.7895125066239999,48.70812499904,0.791324994048
2.1700000000000002e-07,24.26962498368,1.7926375068159999,48.69249999808,0.78663749376
2.175e-07,24.42587499328,1.7926375068159999,48.69249999808,0.77882499328
2.1800000000000002e-07,24.58212500288,1.7942000069119999,48.70812499904,0.7694499927039999
2.185e-07,24.629000005760002,1.7957625070079999,48.81750000576,0.76319999232
2.1900000000000002e-07,24.51962499904,1.797325007104,48.86437500864,0.760074992128
2.1950000000000003e-07,24.31649998656,1.7926375068159999,48.8800000096,0.76319999232
2.2e-07,24.128999975040003,1.787950006528,48.91125001152,0.7694499927039999
2.2050000000000002e-07,24.035249969280002,1.781700006144,48.91125001152,0.775699993088
2.21e-07,23.988374966400002,1.778575005952,48.942500013440004,0.789762493952
2.2150000000000002e-07,23.972749965440002,1.777012505856,48.973750015360004,0.80226249472
2.22e-07,24.003999967360002,1.778575005952,48.973750015360004,0.8100749952
2.2250000000000001e-07,24.082124972160003,1.778575005952,48.958125014400004,0.8131999953919999
2.2300000000000002e-07,24.25399998272,1.784825006336,48.86437500864,0.805387494912
2.235e-07,24.47274999616,1.7926375068159999,48.78625000384,0.789762493952
2.2400000000000002e-07,24.6133750048,1.7988875072,48.75500000192,0.775699993088
2.245e-07,24.51962499904,1.803575007488,48.75500000192,0.761637492224
2.2500000000000002e-07,24.41024999232,1.800450007296,48.73937500096,0.752262491648
2.255e-07,24.33212498752,1.7942000069119999,48.67687499712,0.74757499136
2.26e-07,24.25399998272,1.787950006528,48.62999999424,0.750699991552
2.2650000000000002e-07,24.113374974080003,1.781700006144,48.70812499904,0.760074992128
2.27e-07,23.972749965440002,1.77545000576,48.83312500672,0.7710124928
2.2750000000000002e-07,23.87899995968,1.773887505664,48.973750015360004,0.780387493376
2.28e-07,23.89462496064,1.777012505856,49.051875020160004,0.791324994048
2.2850000000000001e-07,24.128999975040003,1.781700006144,49.098750023040004,0.792887494144
2.2900000000000003e-07,24.3789999904,1.786387506432,49.051875020160004,0.788199993856
2.295e-07,24.56650000192,1.7926375068159999,49.036250019200004,0.781949993472
2.3000000000000002e-07,24.56650000192,1.7988875072,48.942500013440004,0.7694499927039999
2.305e-07,24.50399999808,1.800450007296,48.8800000096,0.75538749184
2.3100000000000002e-07,24.48837499712,1.800450007296,48.72375,0.746012491264
2.315e-07,24.42587499328,1.797325007104,48.6456249952,0.741324990976
2.32e-07,24.3008749856,1.7910750067199999,48.61437499328,0.742887491072
2.3250000000000002e-07,24.144624976000003,1.78326250624,48.67687499712,0.752262491648
2.33e-07,24.003999967360002,1.777012505856,48.75500000192,0.767887492608
2.3350000000000002e-07,23.925874962560002,1.773887505664,48.83312500672,0.781949993472
2.34e-07,23.988374966400002,1.77545000576,48.926875012480004,0.791324994048
2.3450000000000002e-07,24.113374974080003,1.778575005952,49.051875020160004,0.796012494336
2.3500000000000003e-07,24.25399998272,1.78326250624,49.083125022080004,0.80226249472
2.355e-07,24.3789999904,1.7895125066239999,49.036250019200004,0.797574994432
2.3600000000000002e-07,24.48837499712,1.7957625070079999,48.926875012480004,0.791324994048
2.365e-07,24.55087500096,1.797325007104,48.77062500288,0.772574992896
2.3700000000000002e-07,24.53525,1.7926375068159999,48.62999999424,0.761637492224
2.375e-07,24.48837499712,1.7910750067199999,48.55187498944,0.756949991936
2.3800000000000001e-07,24.3008749856,1.7895125066239999,48.58312499136,0.758512492032
2.385e-07,24.144624976000003,1.786387506432,48.67687499712,0.767887492608
2.39e-07,24.097749973120003,1.78326250624,48.77062500288,0.77882499328
2.395e-07,24.113374974080003,1.780137506048,48.89562501056,0.789762493952
2.4000000000000003e-07,24.113374974080003,1.778575005952,49.005000017280004,0.797574994432
2.405e-07,24.113374974080003,1.777012505856,49.083125022080004,0.803824994816
2.41e-07,24.20712497984,1.777012505856,49.114375024000005,0.800699994624
2.4150000000000004e-07,24.34774998848,1.784825006336,49.067500021120004,0.788199993856
2.42e-07,24.51962499904,1.7910750067199999,48.973750015360004,0.772574992896
2.425e-07,24.629000005760002,1.7942000069119999,48.8800000096,0.761637492224
2.43e-07,24.6133750048,1.7926375068159999,48.77062500288,0.756949991936
2.4350000000000003e-07,24.50399999808,1.7910750067199999,48.66124999616,0.756949991936
2.44e-07,24.34774998848,1.787950006528,48.6456249952,0.76319999232
2.445e-07,24.25399998272,1.786387506432,48.69249999808,0.7710124928
2.4500000000000004e-07,24.160249976960003,1.781700006144,48.77062500288,0.781949993472
2.455e-07,24.066499971200003,1.777012505856,48.91125001152,0.788199993856
2.46e-07,23.988374966400002,1.777012505856,48.989375016320004,0.79444999424
2.465e-07,24.019624968320002,1.777012505856,49.051875020160004,0.792887494144
2.4700000000000003e-07,24.160249976960003,1.781700006144,49.036250019200004,0.78663749376
2.475e-07,24.3789999904,1.784825006336,49.020625018240004,0.772574992896
2.48e-07,24.55087500096,1.7926375068159999,48.958125014400004,0.761637492224
2.4850000000000003e-07,24.59775000384,1.797325007104,48.86437500864,0.752262491648
2.49e-07,24.56650000192,1.797325007104,48.75500000192,0.750699991552
2.495e-07,24.48837499712,1.7926375068159999,48.69249999808,0.750699991552
2.5000000000000004e-07,24.39462499136,1.7895125066239999,48.66124999616,0.75538749184
2.505e-07,24.25399998272,1.7895125066239999,48.72375,0.766324992512
2.51e-07,24.144624976000003,1.787950006528,48.77062500288,0.77882499328
2.515e-07,24.113374974080003,1.78326250624,48.86437500864,0.789762493952
2.5200000000000003e-07,24.160249976960003,1.780137506048,48.989375016320004,0.796012494336
2.525e-07,24.2227499808,1.781700006144,49.067500021120004,0.796012494336
2.53e-07,24.26962498368,1.781700006144,49.051875020160004,0.789762493952
2.5350000000000004e-07,24.26962498368,1.78326250624,48.989375016320004,0.77882499328
2.54e-07,24.23837498176,1.78326250624,48.84875000768,0.7694499927039999
2.545e-07,24.25399998272,1.784825006336,48.72375,0.764762492416
2.55e-07,24.36337498944,1.787950006528,48.59874999232,0.761637492224
2.5550000000000003e-07,24.51962499904,1.7926375068159999,48.55187498944,0.76319999232
2.56e-07,24.56650000192,1.7942000069119999,48.59874999232,0.767887492608
2.565e-07,24.42587499328,1.797325007104,48.69249999808,0.777262493184
2.5700000000000004e-07,24.26962498368,1.7942000069119999,48.81750000576,0.788199993856
2.575e-07,24.191499978880003,1.7926375068159999,48.926875012480004,0.79444999424
2.58e-07,24.191499978880003,1.7926375068159999,49.020625018240004,0.796012494336
2.585e-07,24.2227499808,1.7926375068159999,49.083125022080004,0.797574994432
2.5900000000000003e-07,24.26962498368,1.7910750067199999,49.020625018240004,0.79444999424
2.595e-07,24.3789999904,1.787950006528,48.91125001152,0.788199993856
2.6e-07,24.4571249952,1.7895125066239999,48.8018750048,0.77882499328
2.6050000000000004e-07,24.50399999808,1.7926375068159999,48.72375,0.7694499927039999
2.61e-07,24.47274999616,1.797325007104,48.66124999616,0.767887492608
2.615e-07,24.3789999904,1.797325007104,48.67687499712,0.767887492608
2.62e-07,24.28524998464,1.7957625070079999,48.69249999808,0.7710124928
2.6250000000000003e-07,24.25399998272,1.7942000069119999,48.78625000384,0.777262493184
2.63e-07,24.25399998272,1.7942000069119999,48.84875000768,0.781949993472
2.635e-07,24.26962498368,1.7926375068159999,48.91125001152,0.788199993856
2.6400000000000003e-07,24.25399998272,1.7910750067199999,48.958125014400004,0.791324994048
2.645e-07,24.160249976960003,1.7942000069119999,48.973750015360004,0.789762493952
2.65e-07,24.113374974080003,1.7942000069119999,48.926875012480004,0.788199993856
2.6550000000000004e-07,24.160249976960003,1.7926375068159999,48.86437500864,0.781949993472
2.66e-07,24.33212498752,1.7926375068159999,48.8018750048,0.7710124928
2.665e-07,24.50399999808,1.7895125066239999,48.8018750048,0.766324992512
2.67e-07,24.59775000384,1.7895125066239999,48.78625000384,0.764762492416
2.6750000000000003e-07,24.58212500288,1.7910750067199999,48.78625000384,0.766324992512
2.68e-07,24.50399999808,1.797325007104,48.83312500672,0.7710124928
2.685e-07,24.44149999424,1.797325007104,48.86437500864,0.7710124928
2.6900000000000004e-07,24.31649998656,1.797325007104,48.89562501056,0.775699993088
2.695e-07,24.20712497984,1.7957625070079999,48.91125001152,0.775699993088
2.7e-07,24.175874977920003,1.7926375068159999,48.84875000768,0.777262493184
2.705e-07,24.191499978880003,1.7942000069119999,48.8018750048,0.775699993088
2.7100000000000003e-07,24.26962498368,1.7957625070079999,48.75500000192,0.7710124928
2.715e-07,24.36337498944,1.7957625070079999,48.77062500288,0.766324992512
2.72e-07,24.48837499712,1.7957625070079999,48.73937500096,0.760074992128
2.7250000000000004e-07,24.48837499712,1.7942000069119999,48.75500000192,0.761637492224
2.73e-07,24.44149999424,1.7910750067199999,48.81750000576,0.767887492608
2.735e-07,24.3789999904,1.7926375068159999,48.86437500864,0.7694499927039999
2.74e-07,24.39462499136,1.797325007104,48.8800000096,0.777262493184
2.7450000000000003e-07,24.44149999424,1.7988875072,48.91125001152,0.785074993664
2.75e-07,24.4571249952,1.7957625070079999,48.91125001152,0.788199993856
2.755e-07,24.41024999232,1.7926375068159999,48.84875000768,0.789762493952
2.7600000000000004e-07,24.28524998464,1.7942000069119999,48.8018750048,0.785074993664
2.765e-07,24.175874977920003,1.7942000069119999,48.73937500096,0.775699993088
2.77e-07,24.066499971200003,1.7942000069119999,48.67687499712,0.7694499927039999
2.7750000000000004e-07,24.066499971200003,1.7957625070079999,48.66124999616,0.761637492224
2.7800000000000003e-07,24.128999975040003,1.797325007104,48.66124999616,0.758512492032
2.785e-07,24.23837498176,1.7957625070079999,48.73937500096,0.764762492416
2.79e-07,24.36337498944,1.7957625070079999,48.78625000384,0.7710124928
2.7950000000000003e-07,24.50399999808,1.7957625070079999,48.8800000096,0.775699993088
2.8e-07,24.59775000384,1.7957625070079999,48.942500013440004,0.780387493376
2.805e-07,24.55087500096,1.7988875072,48.958125014400004,0.783512493568
2.8100000000000004e-07,24.51962499904,1.7988875072,48.989375016320004,0.783512493568
2.815e-07,24.53525,1.7988875072,48.942500013440004,0.783512493568
2.82e-07,24.55087500096,1.800450007296,48.83312500672,0.777262493184
2.825e-07,24.51962499904,1.7988875072,48.70812499904,0.7710124928
2.8300000000000003e-07,24.48837499712,1.7988875072,48.58312499136,0.767887492608
2.835e-07,24.47274999616,1.7957625070079999,48.47374998464,0.766324992512
2.84e-07,24.36337498944,1.7957625070079999,48.4893749856,0.766324992512
2.8450000000000004e-07,24.23837498176,1.7926375068159999,48.5674999904,0.767887492608
2.85e-07,24.128999975040003,1.7942000069119999,48.67687499712,0.7710124928
2.855e-07,24.2227499808,1.7942000069119999,48.83312500672,0.774137492992
2.86e-07,24.3789999904,1.7957625070079999,48.973750015360004,0.777262493184
2.8650000000000003e-07,24.4571249952,1.7942000069119999,49.130000024960005,0.77882499328
2.87e-07,24.48837499712,1.7957625070079999,49.192500028800005,0.77882499328
2.875e-07,24.47274999616,1.7957625070079999,49.161250026880005,0.774137492992
2.8800000000000004e-07,24.42587499328,1.797325007104,49.067500021120004,0.766324992512
2.885e-07,24.28524998464,1.797325007104,48.926875012480004,0.760074992128
2.89e-07,24.25399998272,1.7957625070079999,48.78625000384,0.758512492032
2.895e-07,24.31649998656,1.7942000069119999,48.62999999424,0.75538749184
2.9000000000000003e-07,24.41024999232,1.7926375068159999,48.50499998656,0.75538749184
2.905e-07,24.36337498944,1.7895125066239999,48.47374998464,0.75538749184
2.91e-07,24.31649998656,1.787950006528,48.45812498368,0.756949991936
2.9150000000000004e-07,24.34774998848,1.787950006528,48.50499998656,0.760074992128
2.92e-07,24.31649998656,1.784825006336,48.62999999424,0.764762492416
2.925e-07,24.26962498368,1.784825006336,48.73937500096,0.767887492608
2.9300000000000004e-07,24.26962498368,1.786387506432,48.81750000576,0.7694499927039999
2.9350000000000003e-07,24.3789999904,1.787950006528,48.83312500672,0.7710124928
2.94e-07,24.4571249952,1.7910750067199999,48.83312500672,0.7694499927039999
2.945e-07,24.51962499904,1.7926375068159999,48.8800000096,0.767887492608
2.9500000000000003e-07,24.48837499712,1.7957625070079999,48.83312500672,0.767887492608
2.955e-07,24.39462499136,1.7988875072,48.81750000576,0.766324992512
2.96e-07,24.33212498752,1.797325007104,48.75500000192,0.766324992512
2.9650000000000004e-07,24.26962498368,1.7957625070079999,48.72375,0.7710124928
2.97e-07,24.26962498368,1.7957625070079999,48.70812499904,0.772574992896
2.975e-07,24.31649998656,1.7957625070079999,48.66124999616,0.777262493184
2.98e-07,24.41024999232,1.7957625070079999,48.66124999616,0.780387493376
2.9850000000000003e-07,24.44149999424,1.797325007104,48.73937500096,0.780387493376
2.99e-07,24.41024999232,1.7942000069119999,48.75500000192,0.777262493184
2.995e-07,24.3789999904,1.7926375068159999,48.72375,0.774137492992
3.0000000000000004e-07,24.33212498752,1.7957625070079999,48.72375,0.772574992896
3.005e-07,24.31649998656,1.7988875072,48.73937500096,0.767887492608
3.01e-07,24.33212498752,1.7988875072,48.77062500288,0.766324992512
3.015e-07,24.36337498944,1.797325007104,48.81750000576,0.767887492608
3.0200000000000003e-07,24.33212498752,1.800450007296,48.83312500672,0.767887492608
3.025e-07,24.3008749856,1.800450007296,48.8800000096,0.772574992896
3.03e-07,24.26962498368,1.802012507392,48.86437500864,0.777262493184
3.0350000000000004e-07,24.23837498176,1.797325007104,48.84875000768,0.780387493376
3.04e-07,24.26962498368,1.797325007104,48.77062500288,0.783512493568
3.045e-07,24.31649998656,1.797325007104,48.73937500096,0.783512493568
3.0500000000000004e-07,24.42587499328,1.7942000069119999,48.67687499712,0.780387493376
3.0550000000000003e-07,24.47274999616,1.7910750067199999,48.6456249952,0.774137492992
3.06e-07,24.48837499712,1.7926375068159999,48.61437499328,0.767887492608
3.065e-07,24.53525,1.7957625070079999,48.6456249952,0.761637492224
3.0700000000000004e-07,24.51962499904,1.797325007104,48.67687499712,0.760074992128
3.075e-07,24.44149999424,1.797325007104,48.72375,0.760074992128
3.08e-07,24.33212498752,1.797325007104,48.8018750048,0.761637492224
3.0850000000000004e-07,24.31649998656,1.7942000069119999,48.91125001152,0.764762492416
3.0900000000000003e-07,24.33212498752,1.7942000069119999,48.973750015360004,0.766324992512
3.095e-07,24.34774998848,1.7942000069119999,49.051875020160004,0.766324992512
3.1e-07,24.33212498752,1.7957625070079999,49.067500021120004,0.764762492416
3.1050000000000003e-07,24.33212498752,1.7957625070079999,49.036250019200004,0.766324992512
3.11e-07,24.34774998848,1.7942000069119999,48.926875012480004,0.76319999232
3.115e-07,24.36337498944,1.7942000069119999,48.81750000576,0.758512492032
3.1200000000000004e-07,24.42587499328,1.7942000069119999,48.70812499904,0.756949991936
3.125e-07,24.47274999616,1.797325007104,48.66124999616,0.756949991936
3.13e-07,24.55087500096,1.7957625070079999,48.62999999424,0.760074992128
3.135e-07,24.56650000192,1.7957625070079999,48.6456249952,0.76319999232
3.1400000000000003e-07,24.51962499904,1.7988875072,48.67687499712,0.767887492608
3.145e-07,24.47274999616,1.797325007104,48.73937500096,0.775699993088
3.15e-07,24.39462499136,1.797325007104,48.77062500288,0.785074993664
3.1550000000000004e-07,24.31649998656,1.7957625070079999,48.78625000384,0.788199993856
3.16e-07,24.23837498176,1.7988875072,48.8018750048,0.791324994048
3.165e-07,24.26962498368,1.7988875072,48.81750000576,0.788199993856
3.1700000000000005e-07,24.33212498752,1.797325007104,48.81750000576,0.785074993664
3.1750000000000003e-07,24.39462499136,1.7942000069119999,48.84875000768,0.77882499328
3.18e-07,24.3789999904,1.7926375068159999,48.83312500672,0.7710124928
3.185e-07,24.36337498944,1.7942000069119999,48.89562501056,0.767887492608
3.1900000000000004e-07,24.33212498752,1.7957625070079999,48.91125001152,0.7694499927039999
3.195e-07,24.33212498752,1.7942000069119999,48.942500013440004,0.7694499927039999
3.2e-07,24.33212498752,1.7910750067199999,48.942500013440004,0.7694499927039999
3.2050000000000004e-07,24.36337498944,1.7926375068159999,48.926875012480004,0.7694499927039999
3.2100000000000003e-07,24.44149999424,1.7926375068159999,48.89562501056,0.774137492992
3.215e-07,24.50399999808,1.7926375068159999,48.89562501056,0.77882499328
3.22e-07,24.51962499904,1.7926375068159999,48.89562501056,0.780387493376
3.2250000000000004e-07,24.50399999808,1.7926375068159999,48.91125001152,0.775699993088
3.23e-07,24.50399999808,1.7926375068159999,48.86437500864,0.767887492608
3.235e-07,24.47274999616,1.7926375068159999,48.77062500288,0.764762492416
3.2400000000000004e-07,24.47274999616,1.797325007104,48.73937500096,0.760074992128
3.2450000000000003e-07,24.53525,1.802012507392,48.73937500096,0.756949991936
3.25e-07,24.53525,1.800450007296,48.69249999808,0.756949991936
3.255e-07,24.44149999424,1.800450007296,48.70812499904,0.760074992128
3.2600000000000003e-07,24.3008749856,1.800450007296,48.72375,0.767887492608
3.265e-07,24.20712497984,1.7988875072,48.83312500672,0.772574992896
3.27e-07,24.128999975040003,1.7942000069119999,48.89562501056,0.775699993088
3.2750000000000004e-07,24.097749973120003,1.7910750067199999,48.942500013440004,0.777262493184
3.28e-07,24.20712497984,1.7895125066239999,48.958125014400004,0.772574992896
3.285e-07,24.39462499136,1.7910750067199999,49.005000017280004,0.7710124928
3.29e-07,24.4571249952,1.7895125066239999,49.020625018240004,0.767887492608
3.2950000000000003e-07,24.39462499136,1.787950006528,48.989375016320004,0.761637492224
3.3e-07,24.3789999904,1.787950006528,48.926875012480004,0.756949991936
3.305e-07,24.41024999232,1.7910750067199999,48.8800000096,0.753824991744
3.3100000000000004e-07,24.39462499136,1.7942000069119999,48.8018750048,0.752262491648
3.315e-07,24.33212498752,1.7926375068159999,48.72375,0.752262491648
3.32e-07,24.26962498368,1.7910750067199999,48.69249999808,0.758512492032
3.3250000000000005e-07,24.26962498368,1.784825006336,48.70812499904,0.761637492224
3.3300000000000003e-07,24.3008749856,1.784825006336,48.70812499904,0.767887492608
3.335e-07,24.33212498752,1.786387506432,48.73937500096,0.7694499927039999
3.34e-07,24.3008749856,1.7895125066239999,48.73937500096,0.774137492992
3.3450000000000004e-07,24.2227499808,1.7895125066239999,48.78625000384,0.77882499328
3.35e-07,24.175874977920003,1.7910750067199999,48.8018750048,0.780387493376
3.355e-07,24.191499978880003,1.787950006528,48.81750000576,0.777262493184
3.3600000000000004e-07,24.33212498752,1.787950006528,48.75500000192,0.7694499927039999
3.3650000000000003e-07,24.48837499712,1.7926375068159999,48.75500000192,0.767887492608
3.37e-07,24.6133750048,1.7988875072,48.8018750048,0.7694499927039999
3.375e-07,24.56650000192,1.7988875072,48.8800000096,0.7710124928
3.3800000000000004e-07,24.39462499136,1.797325007104,48.8800000096,0.772574992896
3.385e-07,24.23837498176,1.797325007104,48.86437500864,0.774137492992
3.39e-07,24.28524998464,1.7957625070079999,48.83312500672,0.77882499328
3.3950000000000004e-07,24.31649998656,1.7942000069119999,48.8018750048,0.780387493376
3.4000000000000003e-07,24.25399998272,1.7942000069119999,48.8018750048,0.783512493568
3.405e-07,24.160249976960003,1.7942000069119999,48.78625000384,0.785074993664
3.41e-07,24.113374974080003,1.7910750067199999,48.75500000192,0.781949993472
3.4150000000000003e-07,24.191499978880003,1.786387506432,48.75500000192,0.775699993088
3.42e-07,24.28524998464,1.784825006336,48.72375,0.7694499927039999
3.425e-07,24.36337498944,1.787950006528,48.8018750048,0.764762492416
3.4300000000000004e-07,24.3789999904,1.7910750067199999,48.83312500672,0.76319999232
3.435e-07,24.36337498944,1.7926375068159999,48.91125001152,0.761637492224
3.44e-07,24.34774998848,1.7926375068159999,48.89562501056,0.760074992128
3.4450000000000005e-07,24.3008749856,1.7910750067199999,48.83312500672,0.760074992128
3.4500000000000003e-07,24.28524998464,1.7895125066239999,48.81750000576,0.76319999232
3.455e-07,24.26962498368,1.7895125066239999,48.86437500864,0.764762492416
3.46e-07,24.191499978880003,1.7910750067199999,48.8800000096,0.767887492608
3.4650000000000004e-07,24.128999975040003,1.7895125066239999,48.83312500672,0.7710124928
3.47e-07,24.175874977920003,1.7895125066239999,48.77062500288,0.7694499927039999
3.475e-07,24.33212498752,1.7926375068159999,48.77062500288,0.767887492608
3.4800000000000005e-07,24.34774998848,1.7910750067199999,48.81750000576,0.767887492608
3.4850000000000003e-07,24.26962498368,1.786387506432,48.91125001152,0.766324992512
3.49e-07,24.20712497984,1.784825006336,48.89562501056,0.7694499927039999
3.495e-07,24.36337498944,1.786387506432,48.86437500864,0.767887492608
3.5000000000000004e-07,24.51962499904,1.7895125066239999,48.81750000576,0.764762492416
3.505e-07,24.56650000192,1.7895125066239999,48.86437500864,0.766324992512
3.51e-07,24.44149999424,1.7910750067199999,48.91125001152,0.7710124928
3.5150000000000004e-07,24.28524998464,1.7895125066239999,48.973750015360004,0.774137492992
3.5200000000000003e-07,24.23837498176,1.7895125066239999,48.926875012480004,0.775699993088
3.525e-07,24.23837498176,1.787950006528,48.8018750048,0.775699993088
3.53e-07,24.28524998464,1.784825006336,48.70812499904,0.774137492992
3.5350000000000004e-07,24.3008749856,1.784825006336,48.67687499712,0.775699993088
3.54e-07,24.20712497984,1.784825006336,48.72375,0.775699993088
3.545e-07,24.019624968320002,1.786387506432,48.8018750048,0.774137492992
3.5500000000000004e-07,24.019624968320002,1.7895125066239999,48.77062500288,0.774137492992
3.5550000000000003e-07,24.20712497984,1.7895125066239999,48.69249999808,0.775699993088
3.56e-07,24.36337498944,1.7910750067199999,48.72375,0.777262493184
3.565e-07,24.41024999232,1.7895125066239999,48.8800000096,0.77882499328
3.5700000000000003e-07,24.41024999232,1.787950006528,48.973750015360004,0.780387493376
3.575e-07,24.47274999616,1.786387506432,48.989375016320004,0.77882499328
3.58e-07,24.50399999808,1.787950006528,48.89562501056,0.775699993088
3.5850000000000004e-07,24.48837499712,1.7910750067199999,48.8800000096,0.777262493184
3.59e-07,24.3789999904,1.7895125066239999,48.926875012480004,0.780387493376
3.595e-07,24.20712497984,1.784825006336,49.036250019200004,0.781949993472
3.6000000000000005e-07,24.191499978880003,1.78326250624,49.051875020160004,0.783512493568
3.6050000000000003e-07,24.3008749856,1.78326250624,48.91125001152,0.77882499328
3.61e-07,24.34774998848,1.781700006144,48.72375,0.780387493376
3.615e-07,24.25399998272,1.78326250624,48.61437499328,0.780387493376
3.6200000000000004e-07,24.160249976960003,1.784825006336,48.66124999616,0.781949993472
3.625e-07,24.097749973120003,1.784825006336,48.78625000384,0.781949993472
3.63e-07,24.175874977920003,1.784825006336,48.81750000576,0.781949993472
3.6350000000000005e-07,24.4571249952,1.786387506432,48.78625000384,0.77882499328
3.6400000000000003e-07,24.722750011520002,1.787950006528,48.86437500864,0.777262493184
3.645e-07,24.769625014400003,1.787950006528,49.005000017280004,0.7710124928
3.65e-07,24.53525,1.786387506432,49.114375024000005,0.764762492416
3.6550000000000004e-07,24.31649998656,1.787950006528,49.130000024960005,0.760074992128
3.66e-07,24.25399998272,1.787950006528,49.051875020160004,0.758512492032
3.665e-07,24.20712497984,1.786387506432,48.958125014400004,0.761637492224
3.6700000000000004e-07,24.082124972160003,1.781700006144,48.83312500672,0.767887492608
3.6750000000000003e-07,24.003999967360002,1.777012505856,48.73937500096,0.774137492992
3.68e-07,24.019624968320002,1.77545000576,48.66124999616,0.77882499328
3.685e-07,24.113374974080003,1.778575005952,48.61437499328,0.77882499328
3.6900000000000004e-07,24.26962498368,1.781700006144,48.58312499136,0.774137492992
3.695e-07,24.41024999232,1.786387506432,48.62999999424,0.767887492608
3.7e-07,24.50399999808,1.786387506432,48.73937500096,0.766324992512
3.7050000000000004e-07,24.53525,1.78326250624,48.8800000096,0.76319999232
3.7100000000000003e-07,24.51962499904,1.781700006144,48.973750015360004,0.756949991936
3.715e-07,24.51962499904,1.78326250624,49.005000017280004,0.753824991744
3.7200000000000005e-07,24.4571249952,1.781700006144,49.036250019200004,0.756949991936
3.7250000000000003e-07,24.28524998464,1.77545000576,49.051875020160004,0.758512492032
3.73e-07,24.019624968320002,1.77545000576,49.020625018240004,0.76319999232
3.735e-07,23.86337495872,1.773887505664,48.942500013440004,0.7710124928
3.7400000000000004e-07,23.9102499616,1.77545000576,48.83312500672,0.783512493568
3.745e-07,24.066499971200003,1.780137506048,48.78625000384,0.792887494144
3.75e-07,24.160249976960003,1.786387506432,48.73937500096,0.796012494336
3.7550000000000005e-07,24.20712497984,1.7895125066239999,48.70812499904,0.791324994048
3.7600000000000003e-07,24.34774998848,1.7926375068159999,48.66124999616,0.783512493568
3.765e-07,24.50399999808,1.797325007104,48.69249999808,0.775699993088
3.77e-07,24.644625006720002,1.797325007104,48.77062500288,0.7694499927039999
3.7750000000000004e-07,24.58212500288,1.7942000069119999,48.83312500672,0.76319999232
3.78e-07,24.41024999232,1.7926375068159999,48.86437500864,0.760074992128
3.785e-07,24.191499978880003,1.787950006528,48.8800000096,0.764762492416
3.7900000000000005e-07,24.066499971200003,1.78326250624,48.8800000096,0.772574992896
3.7950000000000003e-07,24.003999967360002,1.781700006144,48.89562501056,0.785074993664
3.8e-07,23.957124964480002,1.778575005952,48.942500013440004,0.799137494528
3.805e-07,24.003999967360002,1.773887505664,48.973750015360004,0.808512495104
3.8100000000000004e-07,24.066499971200003,1.773887505664,48.942500013440004,0.814762495488
3.815e-07,24.191499978880003,1.780137506048,48.89562501056,0.806949995008
3.82e-07,24.3789999904,1.787950006528,48.78625000384,0.79444999424
3.8250000000000004e-07,24.55087500096,1.7942000069119999,48.75500000192,0.780387493376
3.8300000000000003e-07,24.56650000192,1.800450007296,48.73937500096,0.7710124928
3.835e-07,24.4571249952,1.797325007104,48.73937500096,0.760074992128
3.8400000000000005e-07,24.3789999904,1.7926375068159999,48.69249999808,0.750699991552
3.8450000000000004e-07,24.31649998656,1.7895125066239999,48.6456249952,0.744449991168
3.85e-07,24.20712497984,1.781700006144,48.6456249952,0.752262491648
3.855e-07,24.050874970240002,1.773887505664,48.73937500096,0.764762492416
3.8600000000000004e-07,23.925874962560002,1.772325005568,48.8800000096,0.777262493184
3.865e-07,23.87899995968,1.772325005568,49.020625018240004,0.788199993856
3.87e-07,24.035249969280002,1.778575005952,49.067500021120004,0.79444999424
3.8750000000000005e-07,24.3008749856,1.784825006336,49.051875020160004,0.79444999424
3.8800000000000003e-07,24.51962499904,1.7942000069119999,49.051875020160004,0.78663749376
3.885e-07,24.6133750048,1.797325007104,49.005000017280004,0.774137492992
3.89e-07,24.55087500096,1.797325007104,48.8800000096,0.76319999232
3.8950000000000004e-07,24.51962499904,1.7988875072,48.78625000384,0.750699991552
3.9e-07,24.4571249952,1.7957625070079999,48.6456249952,0.73976249088
3.905e-07,24.36337498944,1.7910750067199999,48.62999999424,0.742887491072
3.9100000000000005e-07,24.23837498176,1.784825006336,48.62999999424,0.750699991552
3.9150000000000003e-07,24.097749973120003,1.778575005952,48.69249999808,0.76319999232
3.92e-07,23.972749965440002,1.773887505664,48.78625000384,0.775699993088
3.925e-07,23.957124964480002,1.773887505664,48.89562501056,0.791324994048
3.9300000000000004e-07,24.066499971200003,1.778575005952,48.989375016320004,0.799137494528
3.935e-07,24.191499978880003,1.781700006144,49.036250019200004,0.800699994624
3.94e-07,24.33212498752,1.7895125066239999,49.020625018240004,0.797574994432
3.9450000000000005e-07,24.4571249952,1.797325007104,48.958125014400004,0.788199993856
3.9500000000000003e-07,24.53525,1.7988875072,48.81750000576,0.775699993088
3.955e-07,24.56650000192,1.797325007104,48.6456249952,0.764762492416
3.96e-07,24.53525,1.7957625070079999,48.55187498944,0.760074992128
3.9650000000000004e-07,24.41024999232,1.7926375068159999,48.53624998848,0.758512492032
3.97e-07,24.20712497984,1.787950006528,48.59874999232,0.76319999232
3.975e-07,24.128999975040003,1.78326250624,48.70812499904,0.772574992896
3.9800000000000004e-07,24.128999975040003,1.778575005952,48.8018750048,0.781949993472
3.9850000000000003e-07,24.128999975040003,1.778575005952,48.973750015360004,0.792887494144
3.99e-07,24.113374974080003,1.780137506048,49.067500021120004,0.800699994624
3.9950000000000005e-07,24.160249976960003,1.780137506048,49.114375024000005,0.799137494528
4.0000000000000003e-07,24.28524998464,1.784825006336,49.098750023040004,0.791324994048
4.005e-07,24.4571249952,1.7895125066239999,49.036250019200004,0.780387493376
4.01e-07,24.59775000384,1.7910750067199999,48.91125001152,0.7694499927039999
4.0150000000000004e-07,24.644625006720002,1.7926375068159999,48.8018750048,0.761637492224
4.02e-07,24.58212500288,1.7942000069119999,48.67687499712,0.753824991744
4.025e-07,24.42587499328,1.7942000069119999,48.6456249952,0.75538749184
4.0300000000000005e-07,24.3008749856,1.7895125066239999,48.6456249952,0.76319999232
4.0350000000000003e-07,24.191499978880003,1.784825006336,48.72375,0.775699993088
4.04e-07,24.082124972160003,1.781700006144,48.86437500864,0.785074993664
4.045e-07,24.003999967360002,1.777012505856,48.973750015360004,0.788199993856
4.0500000000000004e-07,23.972749965440002,1.780137506048,49.005000017280004,0.789762493952
4.055e-07,24.082124972160003,1.780137506048,49.020625018240004,0.785074993664
4.06e-07,24.28524998464,1.784825006336,49.005000017280004,0.775699993088
4.0650000000000005e-07,24.50399999808,1.7926375068159999,48.989375016320004,0.76319999232
4.0700000000000003e-07,24.59775000384,1.797325007104,48.8800000096,0.750699991552
4.075e-07,24.56650000192,1.7942000069119999,48.8018750048,0.742887491072
4.08e-07,24.50399999808,1.7910750067199999,48.69249999808,0.742887491072
4.0850000000000004e-07,24.42587499328,1.7910750067199999,48.66124999616,0.7491374914560001
4.09e-07,24.31649998656,1.787950006528,48.66124999616,0.760074992128
4.095e-07,24.175874977920003,1.784825006336,48.70812499904,0.7710124928
4.1000000000000004e-07,24.113374974080003,1.781700006144,48.78625000384,0.780387493376
4.1050000000000003e-07,24.128999975040003,1.781700006144,48.926875012480004,0.788199993856
4.11e-07,24.20712497984,1.781700006144,49.051875020160004,0.792887494144
4.1150000000000005e-07,24.26962498368,1.78326250624,49.067500021120004,0.789762493952
4.1200000000000004e-07,24.28524998464,1.786387506432,49.020625018240004,0.781949993472
4.125e-07,24.26962498368,1.786387506432,48.942500013440004,0.7710124928
4.13e-07,24.2227499808,1.787950006528,48.78625000384,0.761637492224
4.1350000000000004e-07,24.3008749856,1.7895125066239999,48.66124999616,0.758512492032
4.1400000000000003e-07,24.44149999424,1.7957625070079999,48.5674999904,0.758512492032
4.145e-07,24.55087500096,1.800450007296,48.59874999232,0.766324992512
4.1500000000000005e-07,24.50399999808,1.7988875072,48.67687499712,0.777262493184
4.1550000000000003e-07,24.34774998848,1.7942000069119999,48.77062500288,0.785074993664
4.16e-07,24.20712497984,1.7942000069119999,48.8800000096,0.79444999424
4.165e-07,24.191499978880003,1.7926375068159999,49.005000017280004,0.799137494528
4.1700000000000004e-07,24.2227499808,1.7910750067199999,49.067500021120004,0.800699994624
4.175e-07,24.23837498176,1.7895125066239999,49.036250019200004,0.79444999424
4.18e-07,24.33212498752,1.7895125066239999,48.958125014400004,0.785074993664
4.1850000000000005e-07,24.42587499328,1.7910750067199999,48.86437500864,0.77882499328
4.1900000000000003e-07,24.48837499712,1.7957625070079999,48.77062500288,0.7694499927039999
4.195e-07,24.47274999616,1.797325007104,48.69249999808,0.761637492224
4.2e-07,24.41024999232,1.800450007296,48.67687499712,0.764762492416
4.2050000000000004e-07,24.31649998656,1.7988875072,48.70812499904,0.767887492608
4.21e-07,24.25399998272,1.7942000069119999,48.73937500096,0.772574992896
4.215e-07,24.23837498176,1.7942000069119999,48.83312500672,0.774137492992
4.2200000000000005e-07,24.25399998272,1.7942000069119999,48.86437500864,0.780387493376
4.2250000000000003e-07,24.25399998272,1.7942000069119999,48.958125014400004,0.78663749376
4.23e-07,24.191499978880003,1.7942000069119999,48.973750015360004,0.78663749376
4.235e-07,24.113374974080003,1.7926375068159999,48.973750015360004,0.783512493568
4.2400000000000004e-07,24.113374974080003,1.7926375068159999,48.89562501056,0.775699993088
4.245e-07,24.2227499808,1.7942000069119999,48.83312500672,0.7694499927039999
4.25e-07,24.44149999424,1.7926375068159999,48.8018750048,0.766324992512
4.2550000000000004e-07,24.56650000192,1.7926375068159999,48.78625000384,0.76319999232
4.2600000000000003e-07,24.59775000384,1.7957625070079999,48.78625000384,0.76319999232
4.265e-07,24.53525,1.7957625070079999,48.81750000576,0.766324992512
4.2700000000000005e-07,24.47274999616,1.7957625070079999,48.83312500672,0.7694499927039999
4.2750000000000004e-07,24.3789999904,1.7942000069119999,48.8800000096,0.774137492992
4.28e-07,24.25399998272,1.7957625070079999,48.91125001152,0.777262493184
4.285e-07,24.160249976960003,1.7957625070079999,48.91125001152,0.774137492992
4.2900000000000004e-07,24.128999975040003,1.797325007104,48.83312500672,0.774137492992
4.2950000000000003e-07,24.2227499808,1.7988875072,48.78625000384,0.7710124928
4.3e-07,24.3008749856,1.800450007296,48.75500000192,0.767887492608
4.3050000000000005e-07,24.41024999232,1.797325007104,48.77062500288,0.764762492416
4.3100000000000003e-07,24.47274999616,1.797325007104,48.77062500288,0.76319999232
4.315e-07,24.4571249952,1.7942000069119999,48.81750000576,0.764762492416
4.32e-07,24.39462499136,1.7957625070079999,48.8800000096,0.7694499927039999
4.3250000000000004e-07,24.34774998848,1.797325007104,48.91125001152,0.774137492992
4.33e-07,24.39462499136,1.797325007104,48.926875012480004,0.780387493376
4.335e-07,24.4571249952,1.7957625070079999,48.91125001152,0.78663749376
4.3400000000000005e-07,24.42587499328,1.7988875072,48.89562501056,0.78663749376
4.3450000000000003e-07,24.33212498752,1.797325007104,48.83312500672,0.78663749376
4.35e-07,24.23837498176,1.7957625070079999,48.75500000192,0.781949993472
4.355e-07,24.113374974080003,1.797325007104,48.69249999808,0.772574992896
4.3600000000000004e-07,24.066499971200003,1.7957625070079999,48.69249999808,0.766324992512
4.365e-07,24.128999975040003,1.7942000069119999,48.69249999808,0.761637492224
4.37e-07,24.191499978880003,1.7942000069119999,48.69249999808,0.761637492224
4.3750000000000005e-07,24.3008749856,1.797325007104,48.78625000384,0.76319999232
4.3800000000000003e-07,24.42587499328,1.797325007104,48.84875000768,0.7710124928
4.385e-07,24.56650000192,1.7988875072,48.958125014400004,0.780387493376
4.3900000000000005e-07,24.59775000384,1.802012507392,48.973750015360004,0.783512493568
4.3950000000000004e-07,24.53525,1.7988875072,49.005000017280004,0.783512493568
4.4e-07,24.50399999808,1.797325007104,48.989375016320004,0.783512493568
4.405e-07,24.53525,1.7988875072,48.91125001152,0.777262493184
4.4100000000000004e-07,24.53525,1.800450007296,48.77062500288,0.7710124928
4.4150000000000003e-07,24.48837499712,1.800450007296,48.62999999424,0.767887492608
4.42e-07,24.47274999616,1.7957625070079999,48.52062498752,0.764762492416
4.4250000000000005e-07,24.42587499328,1.7942000069119999,48.4893749856,0.76319999232
4.4300000000000004e-07,24.31649998656,1.7942000069119999,48.53624998848,0.766324992512
4.435e-07,24.175874977920003,1.7942000069119999,48.6456249952,0.7694499927039999
4.44e-07,24.191499978880003,1.7942000069119999,48.77062500288,0.772574992896
4.4450000000000004e-07,24.33212498752,1.7926375068159999,48.926875012480004,0.772574992896
4.4500000000000003e-07,24.4571249952,1.7926375068159999,49.067500021120004,0.775699993088
4.455e-07,24.50399999808,1.7926375068159999,49.176875027840005,0.774137492992
4.4600000000000005e-07,24.47274999616,1.797325007104,49.192500028800005,0.7694499927039999
4.4650000000000003e-07,24.4571249952,1.7988875072,49.145625025920005,0.766324992512
4.47e-07,24.36337498944,1.802012507392,49.005000017280004,0.764762492416
4.475e-07,24.25399998272,1.800450007296,48.8800000096,0.760074992128
4.4800000000000004e-07,24.28524998464,1.7988875072,48.70812499904,0.756949991936
4.485e-07,24.39462499136,1.7957625070079999,48.59874999232,0.753824991744
4.49e-07,24.42587499328,1.7926375068159999,48.52062498752,0.75538749184
4.4950000000000005e-07,24.33212498752,1.7926375068159999,48.47374998464,0.758512492032
4.5000000000000003e-07,24.3008749856,1.7926375068159999,48.50499998656,0.758512492032
4.505e-07,24.34774998848,1.7895125066239999,48.59874999232,0.76319999232
4.51e-07,24.3008749856,1.786387506432,48.70812499904,0.764762492416
4.5150000000000004e-07,24.25399998272,1.786387506432,48.78625000384,0.7694499927039999
4.52e-07,24.3008749856,1.787950006528,48.83312500672,0.7710124928
4.525e-07,24.4571249952,1.7895125066239999,48.8800000096,0.767887492608
4.5300000000000005e-07,24.50399999808,1.7910750067199999,48.86437500864,0.766324992512
4.5350000000000003e-07,24.50399999808,1.7942000069119999,48.86437500864,0.764762492416
4.54e-07,24.42587499328,1.797325007104,48.83312500672,0.764762492416
4.5450000000000005e-07,24.34774998848,1.7988875072,48.8018750048,0.766324992512
4.5500000000000004e-07,24.28524998464,1.797325007104,48.73937500096,0.767887492608
4.555e-07,24.25399998272,1.7957625070079999,48.73937500096,0.7694499927039999
4.56e-07,24.3008749856,1.7957625070079999,48.69249999808,0.774137492992
4.5650000000000004e-07,24.3789999904,1.7957625070079999,48.69249999808,0.775699993088
4.5700000000000003e-07,24.44149999424,1.7926375068159999,48.70812499904,0.777262493184
4.575e-07,24.41024999232,1.7926375068159999,48.73937500096,0.775699993088
4.5800000000000005e-07,24.39462499136,1.7957625070079999,48.72375,0.7694499927039999
4.5850000000000004e-07,24.36337498944,1.7957625070079999,48.75500000192,0.7694499927039999
4.59e-07,24.31649998656,1.797325007104,48.73937500096,0.7694499927039999
4.595e-07,24.33212498752,1.797325007104,48.77062500288,0.766324992512
4.6000000000000004e-07,24.33212498752,1.7988875072,48.8018750048,0.764762492416
4.6050000000000003e-07,24.36337498944,1.800450007296,48.84875000768,0.766324992512
4.61e-07,24.3008749856,1.800450007296,48.86437500864,0.7710124928
4.6150000000000005e-07,24.26962498368,1.802012507392,48.86437500864,0.775699993088
4.6200000000000003e-07,24.25399998272,1.803575007488,48.84875000768,0.77882499328
4.625e-07,24.23837498176,1.802012507392,48.84875000768,0.781949993472
4.63e-07,24.3008749856,1.800450007296,48.73937500096,0.783512493568
4.6350000000000004e-07,24.3789999904,1.797325007104,48.70812499904,0.77882499328
4.64e-07,24.48837499712,1.7957625070079999,48.6456249952,0.774137492992
4.645e-07,24.48837499712,1.797325007104,48.62999999424,0.766324992512
4.6500000000000005e-07,24.51962499904,1.7957625070079999,48.61437499328,0.760074992128
4.6550000000000003e-07,24.55087500096,1.7957625070079999,48.62999999424,0.758512492032
4.66e-07,24.50399999808,1.7988875072,48.66124999616,0.758512492032
4.6650000000000005e-07,24.3789999904,1.797325007104,48.8018750048,0.760074992128
4.6700000000000004e-07,24.31649998656,1.797325007104,48.84875000768,0.761637492224
4.675e-07,24.33212498752,1.797325007104,48.926875012480004,0.767887492608
4.68e-07,24.33212498752,1.7988875072,49.020625018240004,0.767887492608
4.6850000000000005e-07,24.33212498752,1.7988875072,49.051875020160004,0.766324992512
4.6900000000000003e-07,24.31649998656,1.797325007104,49.036250019200004,0.766324992512
4.695e-07,24.34774998848,1.797325007104,48.958125014400004,0.76319999232
4.7000000000000005e-07,24.33212498752,1.7957625070079999,48.81750000576,0.758512492032
4.7050000000000004e-07,24.3789999904,1.7942000069119999,48.75500000192,0.75538749184
4.71e-07,24.4571249952,1.7957625070079999,48.67687499712,0.753824991744
4.715e-07,24.51962499904,1.7957625070079999,48.6456249952,0.752262491648
4.7200000000000004e-07,24.55087500096,1.797325007104,48.62999999424,0.756949991936
4.7250000000000003e-07,24.55087500096,1.7988875072,48.67687499712,0.761637492224
4.73e-07,24.48837499712,1.7988875072,48.69249999808,0.7694499927039999
4.7350000000000005e-07,24.42587499328,1.797325007104,48.72375,0.774137492992
4.7400000000000004e-07,24.33212498752,1.797325007104,48.75500000192,0.780387493376
4.745e-07,24.25399998272,1.797325007104,48.81750000576,0.78663749376
4.75e-07,24.2227499808,1.797325007104,48.81750000576,0.789762493952
4.7550000000000004e-07,24.28524998464,1.7988875072,48.78625000384,0.785074993664
4.7600000000000003e-07,24.34774998848,1.802012507392,48.83312500672,0.780387493376
4.765e-07,24.41024999232,1.802012507392,48.84875000768,0.774137492992
4.77e-07,24.36337498944,1.797325007104,48.8800000096,0.7710124928
4.775e-07,24.33212498752,1.7926375068159999,48.91125001152,0.764762492416
4.78e-07,24.31649998656,1.7910750067199999,48.91125001152,0.764762492416
4.785000000000001e-07,24.31649998656,1.7895125066239999,48.942500013440004,0.766324992512
4.79e-07,24.33212498752,1.786387506432,48.942500013440004,0.772574992896
4.795e-07,24.41024999232,1.786387506432,48.91125001152,0.775699993088
4.800000000000001e-07,24.47274999616,1.787950006528,48.8800000096,0.77882499328
4.805e-07,24.50399999808,1.7926375068159999,48.8800000096,0.77882499328
4.81e-07,24.51962499904,1.7926375068159999,48.86437500864,0.777262493184
4.815000000000001e-07,24.53525,1.7910750067199999,48.84875000768,0.7710124928
4.82e-07,24.50399999808,1.7910750067199999,48.78625000384,0.764762492416
4.825e-07,24.4571249952,1.7957625070079999,48.75500000192,0.761637492224
4.830000000000001e-07,24.47274999616,1.7988875072,48.70812499904,0.756949991936
4.835e-07,24.53525,1.7957625070079999,48.69249999808,0.75538749184
4.84e-07,24.48837499712,1.7957625070079999,48.70812499904,0.758512492032
4.845e-07,24.3789999904,1.797325007104,48.72375,0.76319999232
4.85e-07,24.23837498176,1.797325007104,48.77062500288,0.767887492608
4.855e-07,24.175874977920003,1.7957625070079999,48.84875000768,0.772574992896
4.86e-07,24.082124972160003,1.7942000069119999,48.91125001152,0.772574992896
4.865e-07,24.128999975040003,1.7926375068159999,48.973750015360004,0.774137492992
4.870000000000001e-07,24.3008749856,1.7910750067199999,48.989375016320004,0.772574992896
4.875e-07,24.44149999424,1.7910750067199999,49.020625018240004,0.767887492608
4.88e-07,24.44149999424,1.7895125066239999,48.989375016320004,0.760074992128
4.885000000000001e-07,24.39462499136,1.7895125066239999,48.942500013440004,0.752262491648
4.89e-07,24.41024999232,1.7895125066239999,48.89562501056,0.750699991552
4.895e-07,24.39462499136,1.7910750067199999,48.83312500672,0.750699991552
4.900000000000001e-07,24.36337498944,1.7957625070079999,48.75500000192,0.750699991552
4.905e-07,24.31649998656,1.7942000069119999,48.72375,0.752262491648
4.91e-07,24.28524998464,1.7910750067199999,48.67687499712,0.756949991936
4.915000000000001e-07,24.3008749856,1.787950006528,48.69249999808,0.76319999232
4.92e-07,24.33212498752,1.787950006528,48.75500000192,0.767887492608
4.925e-07,24.34774998848,1.7895125066239999,48.77062500288,0.7710124928
4.93e-07,24.26962498368,1.7895125066239999,48.75500000192,0.777262493184
4.935e-07,24.191499978880003,1.786387506432,48.78625000384,0.77882499328
4.940000000000001e-07,24.144624976000003,1.787950006528,48.8018750048,0.777262493184
4.945e-07,24.25399998272,1.787950006528,48.78625000384,0.774137492992
4.95e-07,24.42587499328,1.7910750067199999,48.75500000192,0.772574992896
4.955000000000001e-07,24.56650000192,1.7926375068159999,48.78625000384,0.7710124928
4.96e-07,24.6133750048,1.797325007104,48.84875000768,0.7710124928
4.965e-07,24.47274999616,1.797325007104,48.8800000096,0.774137492992
4.970000000000001e-07,24.28524998464,1.7942000069119999,48.8800000096,0.772574992896
4.975e-07,24.23837498176,1.7926375068159999,48.83312500672,0.774137492992
4.98e-07,24.3008749856,1.7942000069119999,48.78625000384,0.777262493184
4.985000000000001e-07,24.26962498368,1.7926375068159999,48.8018750048,0.785074993664
4.99e-07,24.175874977920003,1.7910750067199999,48.77062500288,0.788199993856
4.995e-07,24.113374974080003,1.787950006528,48.73937500096,0.788199993856
