Time (s),V_MR
0.0,3.624
5e-10,3.4365000192
1e-09,3.4365000192
1.5000000000000002e-09,3.3740000256
2e-09,3.311500032
2.5e-09,3.2490000384
3.0000000000000004e-09,3.1240000512000003
3.5000000000000003e-09,2.999000064
4e-09,2.8740000768000002
4.500000000000001e-09,2.8115000832000003
5e-09,2.7490000896
5.5000000000000004e-09,2.686500096
6.000000000000001e-09,2.5615001088000002
6.5e-09,2.5615001088000002
7.000000000000001e-09,2.374000128
7.500000000000001e-09,2.2490001408
8e-09,2.1865001472000003
8.5e-09,1.9990001664000001
9.000000000000001e-09,1.9365001728000002
9.5e-09,1.8740001792000003
1e-08,1.8115001856000001
1.0500000000000001e-08,1.6865001984
1.1000000000000001e-08,1.5615002112000003
1.15e-08,1.5615002112000003
1.2000000000000002e-08,1.3740002304
1.2500000000000001e-08,1.2490002432000002
1.3e-08,1.2490002432000002
1.35e-08,1.1865002496000003
1.4000000000000001e-08,1.124000256
1.45e-08,0.9990002688000001
1.5000000000000002e-08,0.8740002816000003
1.55e-08,0.8115002880000004
1.6e-08,0.7490002944
1.6500000000000002e-08,0.6865003008000001
1.7e-08,0.6240003072000002
1.75e-08,0.5615003136000003
1.8000000000000002e-08,0.4990003200000004
1.85e-08,0.4365003264
1.9e-08,0.3115003392000002
1.9500000000000003e-08,0.24900034560000028
2e-08,0.24900034560000028
2.05e-08,0.24900034560000028
2.1000000000000003e-08,0.24900034560000028
2.15e-08,0.12400035840000045
2.2000000000000002e-08,0.061500364800000096
2.2500000000000003e-08,0.12400035840000045
2.3e-08,0.061500364800000096
2.3500000000000002e-08,-0.0009996287999998188
2.4000000000000003e-08,-0.0009996287999998188
2.45e-08,0.061500364800000096
2.5000000000000002e-08,-0.0009996287999998188
2.55e-08,-0.06349962239999973
2.6e-08,-0.12599961599999965
2.6500000000000002e-08,-0.12599961599999965
2.7e-08,-0.06349962239999973
2.75e-08,-0.0009996287999998188
2.8000000000000003e-08,-0.0009996287999998188
2.85e-08,-0.0009996287999998188
2.9e-08,0.061500364800000096
2.9500000000000003e-08,-0.0009996287999998188
3.0000000000000004e-08,0.061500364800000096
3.05e-08,0.12400035840000045
3.1e-08,0.061500364800000096
3.1500000000000004e-08,0.061500364800000096
3.2e-08,0.18650035200000037
3.25e-08,0.24900034560000028
3.3000000000000004e-08,0.24900034560000028
3.35e-08,0.3115003392000002
3.4e-08,0.3115003392000002
3.4500000000000005e-08,0.3740003328000001
3.5e-08,0.4365003264
3.55e-08,0.4990003200000004
3.6000000000000005e-08,0.6240003072000002
3.65e-08,0.5615003136000003
3.7e-08,0.6865003008000001
3.7500000000000005e-08,0.8115002880000004
3.8e-08,0.9990002688000001
3.85e-08,0.9990002688000001
3.9000000000000005e-08,0.9990002688000001
3.95e-08,1.0615002624
4e-08,1.1865002496000003
4.0500000000000005e-08,1.2490002432000002
4.1e-08,1.3740002304
4.15e-08,1.4990002176000004
4.2000000000000006e-08,1.6240002048000002
4.2500000000000003e-08,1.6240002048000002
4.3e-08,1.7490001920000002
4.3500000000000006e-08,1.7490001920000002
4.4000000000000004e-08,1.9365001728000002
4.45e-08,2.0615001600000005
4.5000000000000006e-08,2.1240001536
4.5500000000000004e-08,2.1865001472000003
4.6e-08,2.2490001408
4.6500000000000006e-08,2.374000128
4.7000000000000004e-08,2.4365001216
4.75e-08,2.5615001088000002
4.8000000000000006e-08,2.686500096
4.8500000000000004e-08,2.7490000896
4.9e-08,2.7490000896
4.95e-08,2.8115000832000003
5.0000000000000004e-08,2.9365000704
5.05e-08,3.1865000448000003
5.1e-08,3.1865000448000003
5.1500000000000005e-08,3.2490000384
5.2e-08,3.311500032
5.25e-08,3.2490000384
5.3000000000000005e-08,3.3740000256
5.35e-08,3.4990000128000003
5.4e-08,3.6864999936
5.4500000000000005e-08,3.7489999872
5.5e-08,3.6864999936
5.55e-08,3.6864999936
5.6000000000000005e-08,3.8114999808000003
5.65e-08,3.936499968
5.7e-08,3.9989999616
5.7500000000000005e-08,3.936499968
5.8e-08,3.9989999616
5.85e-08,4.0614999552
5.9000000000000006e-08,4.1239999488
5.9500000000000003e-08,4.1864999424
6.000000000000001e-08,4.1864999424
6.05e-08,3.9989999616
6.1e-08,4.1239999488
6.15e-08,4.248999936000001
6.2e-08,4.3739999232
6.250000000000001e-08,4.3739999232
6.300000000000001e-08,4.248999936000001
6.35e-08,4.248999936000001
6.4e-08,4.248999936000001
6.45e-08,4.3114999296
6.5e-08,4.3114999296
6.55e-08,4.3114999296
6.600000000000001e-08,4.248999936000001
6.65e-08,4.1864999424
6.7e-08,4.1239999488
6.75e-08,4.1864999424
6.8e-08,4.1864999424
6.85e-08,4.0614999552
6.900000000000001e-08,4.0614999552
6.950000000000001e-08,3.936499968
7e-08,3.936499968
7.05e-08,3.8739999744
7.1e-08,3.8739999744
7.15e-08,3.8114999808000003
7.200000000000001e-08,3.7489999872
7.250000000000001e-08,3.624
7.3e-08,3.624
7.35e-08,3.624
7.4e-08,3.4990000128000003
7.45e-08,3.4365000192
7.500000000000001e-08,3.311500032
7.550000000000001e-08,3.2490000384
7.6e-08,3.1865000448000003
7.65e-08,3.0615000576
7.7e-08,2.999000064
7.75e-08,2.8740000768000002
7.800000000000001e-08,2.8115000832000003
7.850000000000001e-08,2.8115000832000003
7.9e-08,2.6240001024
7.95e-08,2.5615001088000002
8e-08,2.4990001152000003
8.05e-08,2.3115001344
8.100000000000001e-08,2.2490001408
8.150000000000001e-08,2.2490001408
8.2e-08,2.1240001536
8.25e-08,2.0615001600000005
8.3e-08,1.9365001728000002
8.35e-08,1.7490001920000002
8.400000000000001e-08,1.6865001984
8.450000000000001e-08,1.6240002048000002
8.500000000000001e-08,1.5615002112000003
8.55e-08,1.5615002112000003
8.6e-08,1.3740002304
8.65e-08,1.3115002368000002
8.700000000000001e-08,1.1865002496000003
8.750000000000001e-08,1.1865002496000003
8.800000000000001e-08,1.0615002624
8.85e-08,0.9990002688000001
8.9e-08,0.8740002816000003
8.95e-08,0.8115002880000004
9.000000000000001e-08,0.7490002944
9.050000000000001e-08,0.6865003008000001
9.100000000000001e-08,0.6240003072000002
9.15e-08,0.6240003072000002
9.2e-08,0.5615003136000003
9.25e-08,0.5615003136000003
9.300000000000001e-08,0.3740003328000001
9.350000000000001e-08,0.4365003264
9.400000000000001e-08,0.3740003328000001
9.45e-08,0.3740003328000001
9.5e-08,0.24900034560000028
9.55e-08,0.24900034560000028
9.600000000000001e-08,0.24900034560000028
9.650000000000001e-08,0.18650035200000037
9.700000000000001e-08,0.12400035840000045
9.75e-08,0.12400035840000045
9.8e-08,0.12400035840000045
9.85e-08,0.18650035200000037
9.9e-08,0.12400035840000045
9.950000000000001e-08,0.061500364800000096
1.0000000000000001e-07,-0.0009996287999998188
1.005e-07,-0.0009996287999998188
1.01e-07,0.061500364800000096
1.015e-07,0.061500364800000096
1.02e-07,0.12400035840000045
1.0250000000000001e-07,0.18650035200000037
1.0300000000000001e-07,0.18650035200000037
1.0350000000000001e-07,0.18650035200000037
1.04e-07,0.24900034560000028
1.045e-07,0.24900034560000028
1.05e-07,0.18650035200000037
1.0550000000000001e-07,0.18650035200000037
1.0600000000000001e-07,0.18650035200000037
1.0650000000000001e-07,0.24900034560000028
1.07e-07,0.3115003392000002
1.075e-07,0.4365003264
1.08e-07,0.4990003200000004
1.0850000000000001e-07,0.5615003136000003
1.0900000000000001e-07,0.5615003136000003
1.0950000000000001e-07,0.5615003136000003
1.1e-07,0.6240003072000002
1.105e-07,0.7490002944
1.11e-07,0.8115002880000004
1.1150000000000001e-07,0.8740002816000003
1.1200000000000001e-07,0.9365002752000002
1.1250000000000001e-07,0.9990002688000001
1.13e-07,1.0615002624
1.135e-07,1.124000256
1.14e-07,1.3115002368000002
1.1450000000000001e-07,1.3740002304
1.1500000000000001e-07,1.4990002176000004
1.1550000000000001e-07,1.5615002112000003
1.16e-07,1.6240002048000002
1.165e-07,1.7490001920000002
1.17e-07,1.8740001792000003
1.1750000000000001e-07,1.9365001728000002
1.1800000000000001e-07,1.9990001664000001
1.1850000000000001e-07,2.1240001536
1.1900000000000001e-07,2.1865001472000003
1.195e-07,2.2490001408
1.2000000000000002e-07,2.374000128
1.205e-07,2.4365001216
1.21e-07,2.4990001152000003
1.215e-07,2.6240001024
1.22e-07,2.8115000832000003
1.2250000000000002e-07,2.8740000768000002
1.23e-07,2.9365000704
1.2350000000000001e-07,2.999000064
1.24e-07,3.0615000576
1.245e-07,3.1865000448000003
1.2500000000000002e-07,3.2490000384
1.255e-07,3.3740000256
1.2600000000000002e-07,3.4990000128000003
1.265e-07,3.5615000064
1.27e-07,3.624
1.275e-07,3.6864999936
1.28e-07,3.8114999808000003
1.2850000000000002e-07,3.8114999808000003
1.29e-07,3.7489999872
1.2950000000000001e-07,3.8114999808000003
1.3e-07,3.9989999616
1.305e-07,4.1239999488
1.31e-07,4.1239999488
1.315e-07,4.1864999424
1.3200000000000002e-07,4.1239999488
1.325e-07,4.1864999424
1.33e-07,4.248999936000001
1.335e-07,4.3114999296
1.34e-07,4.3114999296
1.3450000000000002e-07,4.4364999168
1.35e-07,4.4364999168
1.3550000000000002e-07,4.3739999232
1.36e-07,4.4989999104
1.365e-07,4.4989999104
1.37e-07,4.4364999168
1.375e-07,4.4364999168
1.3800000000000002e-07,4.4364999168
1.385e-07,4.561499904
1.3900000000000001e-07,4.4364999168
1.395e-07,4.4364999168
1.4e-07,4.3114999296
1.4050000000000002e-07,4.3114999296
1.41e-07,4.3739999232
1.4150000000000002e-07,4.3739999232
1.42e-07,4.3114999296
1.425e-07,4.3114999296
1.43e-07,4.1864999424
1.435e-07,4.0614999552
1.4400000000000002e-07,4.0614999552
1.445e-07,4.1239999488
1.4500000000000001e-07,3.9989999616
1.455e-07,3.8739999744
1.46e-07,3.8114999808000003
1.4650000000000002e-07,3.8114999808000003
1.47e-07,3.6864999936
1.4750000000000002e-07,3.5615000064
1.48e-07,3.5615000064
1.485e-07,3.4365000192
1.49e-07,3.3740000256
1.495e-07,3.3740000256
1.5000000000000002e-07,3.2490000384
1.505e-07,3.1865000448000003
1.5100000000000002e-07,3.0615000576
1.515e-07,2.999000064
1.52e-07,2.8740000768000002
1.5250000000000002e-07,2.7490000896
1.53e-07,2.686500096
1.5350000000000002e-07,2.6240001024
1.54e-07,2.5615001088000002
1.5450000000000001e-07,2.4365001216
1.55e-07,2.2490001408
1.555e-07,2.1865001472000003
1.5600000000000002e-07,2.0615001600000005
1.565e-07,1.9990001664000001
1.5700000000000002e-07,1.9365001728000002
1.575e-07,1.8740001792000003
1.58e-07,1.6865001984
1.5850000000000002e-07,1.6240002048000002
1.59e-07,1.5615002112000003
1.5950000000000002e-07,1.3740002304
1.6e-07,1.3740002304
1.6050000000000001e-07,1.2490002432000002
1.61e-07,1.1865002496000003
1.615e-07,1.0615002624
1.6200000000000002e-07,1.0615002624
1.625e-07,0.9365002752000002
1.6300000000000002e-07,0.8115002880000004
1.635e-07,0.7490002944
1.64e-07,0.6865003008000001
1.645e-07,0.6240003072000002
1.65e-07,0.5615003136000003
1.6550000000000002e-07,0.5615003136000003
1.66e-07,0.4365003264
1.6650000000000002e-07,0.3740003328000001
1.67e-07,0.3115003392000002
1.675e-07,0.18650035200000037
1.6800000000000002e-07,0.18650035200000037
1.685e-07,0.18650035200000037
1.6900000000000002e-07,0.24900034560000028
1.695e-07,0.18650035200000037
1.7000000000000001e-07,0.12400035840000045
1.705e-07,0.12400035840000045
1.71e-07,0.061500364800000096
1.7150000000000002e-07,-0.0009996287999998188
1.72e-07,-0.0009996287999998188
1.7250000000000002e-07,-0.0009996287999998188
1.73e-07,0.061500364800000096
1.735e-07,0.061500364800000096
1.7400000000000002e-07,-0.0009996287999998188
1.745e-07,-0.0009996287999998188
1.7500000000000002e-07,-0.0009996287999998188
1.755e-07,-0.0009996287999998188
1.7600000000000001e-07,0.061500364800000096
1.765e-07,0.061500364800000096
1.77e-07,0.061500364800000096
1.7750000000000002e-07,0.12400035840000045
1.78e-07,0.12400035840000045
1.7850000000000002e-07,0.18650035200000037
1.79e-07,0.12400035840000045
1.795e-07,0.18650035200000037
1.8000000000000002e-07,0.24900034560000028
1.805e-07,0.3115003392000002
1.8100000000000002e-07,0.3115003392000002
1.815e-07,0.4365003264
1.8200000000000002e-07,0.4365003264
1.825e-07,0.5615003136000003
1.83e-07,0.5615003136000003
1.8350000000000002e-07,0.6240003072000002
1.84e-07,0.6865003008000001
1.8450000000000002e-07,0.7490002944
1.85e-07,0.8740002816000003
1.8550000000000001e-07,0.9365002752000002
1.8600000000000002e-07,1.0615002624
1.865e-07,1.0615002624
1.8700000000000002e-07,1.124000256
1.875e-07,1.1865002496000003
1.8800000000000002e-07,1.2490002432000002
1.885e-07,1.3740002304
1.89e-07,1.4990002176000004
1.8950000000000002e-07,1.6865001984
1.9e-07,1.6865001984
1.9050000000000002e-07,1.8115001856000001
1.91e-07,1.8740001792000003
1.9150000000000001e-07,1.8740001792000003
1.9200000000000003e-07,2.0615001600000005
1.925e-07,2.1865001472000003
1.9300000000000002e-07,2.2490001408
1.935e-07,2.2490001408
1.9400000000000002e-07,2.3115001344
1.945e-07,2.4990001152000003
1.95e-07,2.6240001024
1.9550000000000002e-07,2.686500096
1.96e-07,2.7490000896
1.9650000000000002e-07,2.7490000896
1.97e-07,2.8115000832000003
1.9750000000000001e-07,2.999000064
1.98e-07,3.1865000448000003
1.985e-07,3.2490000384
1.9900000000000002e-07,3.2490000384
1.995e-07,3.2490000384
2.0000000000000002e-07,3.3740000256
2.005e-07,3.4365000192
2.01e-07,3.5615000064
2.0150000000000002e-07,3.5615000064
2.02e-07,3.624
2.0250000000000002e-07,3.6864999936
2.03e-07,3.7489999872
2.0350000000000002e-07,3.8739999744
2.04e-07,3.936499968
2.045e-07,3.9989999616
2.0500000000000002e-07,3.9989999616
2.055e-07,3.936499968
2.0600000000000002e-07,4.0614999552
2.065e-07,4.1864999424
2.0700000000000001e-07,4.1864999424
2.0750000000000003e-07,4.1864999424
2.08e-07,4.1864999424
2.0850000000000002e-07,4.1864999424
2.09e-07,4.248999936000001
2.0950000000000002e-07,4.3114999296
2.1e-07,4.3739999232
2.105e-07,4.248999936000001
2.1100000000000002e-07,4.248999936000001
2.115e-07,4.248999936000001
2.1200000000000002e-07,4.1864999424
2.125e-07,4.3114999296
2.1300000000000001e-07,4.3114999296
2.1350000000000003e-07,4.248999936000001
2.14e-07,4.1239999488
2.1450000000000002e-07,4.1239999488
2.15e-07,4.1864999424
2.1550000000000002e-07,4.1864999424
2.16e-07,4.1864999424
2.165e-07,4.1239999488
2.1700000000000002e-07,3.936499968
2.175e-07,3.936499968
2.1800000000000002e-07,3.936499968
2.185e-07,3.8739999744
2.1900000000000002e-07,3.8114999808000003
2.1950000000000003e-07,3.6864999936
2.2e-07,3.624
2.2050000000000002e-07,3.5615000064
2.21e-07,3.5615000064
2.2150000000000002e-07,3.5615000064
2.22e-07,3.4365000192
2.2250000000000001e-07,3.311500032
2.2300000000000002e-07,3.2490000384
2.235e-07,3.1865000448000003
2.2400000000000002e-07,3.1865000448000003
2.245e-07,3.0615000576
2.2500000000000002e-07,2.999000064
2.255e-07,2.8115000832000003
2.26e-07,2.8115000832000003
2.2650000000000002e-07,2.686500096
2.27e-07,2.6240001024
2.2750000000000002e-07,2.4990001152000003
2.28e-07,2.374000128
2.2850000000000001e-07,2.2490001408
2.2900000000000003e-07,2.1865001472000003
2.295e-07,2.1240001536
2.3000000000000002e-07,2.0615001600000005
2.305e-07,1.9365001728000002
2.3100000000000002e-07,1.8115001856000001
2.315e-07,1.7490001920000002
2.32e-07,1.7490001920000002
2.3250000000000002e-07,1.6865001984
2.33e-07,1.4990002176000004
2.3350000000000002e-07,1.3740002304
2.34e-07,1.3115002368000002
2.3450000000000002e-07,1.2490002432000002
2.3500000000000003e-07,1.2490002432000002
2.355e-07,1.1865002496000003
2.3600000000000002e-07,0.9990002688000001
2.365e-07,0.9365002752000002
2.3700000000000002e-07,0.8740002816000003
2.375e-07,0.8115002880000004
2.3800000000000001e-07,0.7490002944
2.385e-07,0.6865003008000001
2.39e-07,0.5615003136000003
2.395e-07,0.4990003200000004
2.4000000000000003e-07,0.4990003200000004
2.405e-07,0.4365003264
2.41e-07,0.3740003328000001
2.4150000000000004e-07,0.3115003392000002
2.42e-07,0.24900034560000028
2.425e-07,0.24900034560000028
2.43e-07,0.18650035200000037
2.4350000000000003e-07,0.18650035200000037
2.44e-07,0.18650035200000037
2.445e-07,0.12400035840000045
2.4500000000000004e-07,0.12400035840000045
2.455e-07,0.12400035840000045
2.46e-07,0.061500364800000096
2.465e-07,0.18650035200000037
2.4700000000000003e-07,0.061500364800000096
2.475e-07,0.061500364800000096
2.48e-07,-0.0009996287999998188
2.4850000000000003e-07,0.12400035840000045
2.49e-07,0.061500364800000096
2.495e-07,0.061500364800000096
2.5000000000000004e-07,0.061500364800000096
2.505e-07,0.18650035200000037
2.51e-07,0.18650035200000037
2.515e-07,0.18650035200000037
2.5200000000000003e-07,0.18650035200000037
2.525e-07,0.18650035200000037
2.53e-07,0.24900034560000028
2.5350000000000004e-07,0.3115003392000002
2.54e-07,0.3115003392000002
2.545e-07,0.3740003328000001
2.55e-07,0.3740003328000001
2.5550000000000003e-07,0.4365003264
2.56e-07,0.4990003200000004
2.565e-07,0.5615003136000003
2.5700000000000004e-07,0.6240003072000002
2.575e-07,0.6240003072000002
2.58e-07,0.7490002944
2.585e-07,0.8115002880000004
2.5900000000000003e-07,0.9365002752000002
2.595e-07,0.9365002752000002
2.6e-07,1.0615002624
2.6050000000000004e-07,1.0615002624
2.61e-07,1.1865002496000003
2.615e-07,1.3115002368000002
2.62e-07,1.3740002304
2.6250000000000003e-07,1.5615002112000003
2.63e-07,1.5615002112000003
2.635e-07,1.6240002048000002
2.6400000000000003e-07,1.8115001856000001
2.645e-07,1.8115001856000001
2.65e-07,1.8740001792000003
2.6550000000000004e-07,1.9365001728000002
2.66e-07,2.1240001536
2.665e-07,2.2490001408
2.67e-07,2.3115001344
2.6750000000000003e-07,2.374000128
2.68e-07,2.4990001152000003
2.685e-07,2.4990001152000003
2.6900000000000004e-07,2.686500096
2.695e-07,2.8115000832000003
2.7e-07,2.9365000704
2.705e-07,2.999000064
2.7100000000000003e-07,3.0615000576
2.715e-07,3.0615000576
2.72e-07,3.2490000384
2.7250000000000004e-07,3.2490000384
2.73e-07,3.311500032
2.735e-07,3.3740000256
2.74e-07,3.4365000192
2.7450000000000003e-07,3.5615000064
2.75e-07,3.6864999936
2.755e-07,3.7489999872
2.7600000000000004e-07,3.8114999808000003
2.765e-07,3.7489999872
2.77e-07,3.8739999744
2.7750000000000004e-07,3.9989999616
2.7800000000000003e-07,4.1239999488
2.785e-07,4.1864999424
2.79e-07,4.1239999488
2.7950000000000003e-07,4.1239999488
2.8e-07,4.1864999424
2.805e-07,4.3114999296
2.8100000000000004e-07,4.3114999296
2.815e-07,4.3739999232
2.82e-07,4.3739999232
2.825e-07,4.3739999232
2.8300000000000003e-07,4.3739999232
2.835e-07,4.4364999168
2.84e-07,4.4364999168
2.8450000000000004e-07,4.3739999232
2.85e-07,4.3739999232
2.855e-07,4.4364999168
2.86e-07,4.4989999104
2.8650000000000003e-07,4.4989999104
2.87e-07,4.3739999232
2.875e-07,4.3114999296
2.8800000000000004e-07,4.3114999296
2.885e-07,4.3739999232
2.89e-07,4.3739999232
2.895e-07,4.248999936000001
2.9000000000000003e-07,4.1864999424
2.905e-07,4.1239999488
2.91e-07,4.0614999552
2.9150000000000004e-07,4.1239999488
2.92e-07,3.9989999616
2.925e-07,3.936499968
2.9300000000000004e-07,3.8739999744
2.9350000000000003e-07,3.8114999808000003
2.94e-07,3.7489999872
2.945e-07,3.7489999872
2.9500000000000003e-07,3.624
2.955e-07,3.5615000064
2.96e-07,3.4365000192
2.9650000000000004e-07,3.311500032
2.97e-07,3.2490000384
2.975e-07,3.2490000384
2.98e-07,3.1240000512000003
2.9850000000000003e-07,2.999000064
2.99e-07,2.8115000832000003
2.995e-07,2.8115000832000003
3.0000000000000004e-07,2.7490000896
3.005e-07,2.6240001024
3.01e-07,2.5615001088000002
3.015e-07,2.4365001216
3.0200000000000003e-07,2.374000128
3.025e-07,2.3115001344
3.03e-07,2.1240001536
3.0350000000000004e-07,1.9990001664000001
3.04e-07,2.0615001600000005
3.045e-07,1.9365001728000002
3.0500000000000004e-07,1.8740001792000003
3.0550000000000003e-07,1.6865001984
3.06e-07,1.6240002048000002
3.065e-07,1.5615002112000003
3.0700000000000004e-07,1.3740002304
3.075e-07,1.3115002368000002
3.08e-07,1.1865002496000003
3.0850000000000004e-07,1.124000256
3.0900000000000003e-07,1.0615002624
3.095e-07,0.9990002688000001
3.1e-07,0.9365002752000002
3.1050000000000003e-07,0.8740002816000003
3.11e-07,0.6865003008000001
3.115e-07,0.6240003072000002
3.1200000000000004e-07,0.6865003008000001
3.125e-07,0.6240003072000002
3.13e-07,0.4990003200000004
3.135e-07,0.4365003264
3.1400000000000003e-07,0.3740003328000001
3.145e-07,0.3115003392000002
3.15e-07,0.3115003392000002
3.1550000000000004e-07,0.24900034560000028
3.16e-07,0.18650035200000037
3.165e-07,0.12400035840000045
3.1700000000000005e-07,0.12400035840000045
3.1750000000000003e-07,0.18650035200000037
3.18e-07,0.12400035840000045
3.185e-07,0.12400035840000045
3.1900000000000004e-07,-0.0009996287999998188
3.195e-07,-0.0009996287999998188
3.2e-07,-0.0009996287999998188
3.2050000000000004e-07,-0.0009996287999998188
3.2100000000000003e-07,-0.0009996287999998188
3.215e-07,-0.12599961599999965
3.22e-07,-0.06349962239999973
3.2250000000000004e-07,0.061500364800000096
3.23e-07,0.061500364800000096
3.235e-07,0.061500364800000096
3.2400000000000004e-07,0.061500364800000096
3.2450000000000003e-07,0.12400035840000045
3.25e-07,0.061500364800000096
3.255e-07,0.18650035200000037
3.2600000000000003e-07,0.12400035840000045
3.265e-07,0.18650035200000037
3.27e-07,0.24900034560000028
3.2750000000000004e-07,0.24900034560000028
3.28e-07,0.3115003392000002
3.285e-07,0.3740003328000001
3.29e-07,0.3740003328000001
3.2950000000000003e-07,0.4365003264
3.3e-07,0.4990003200000004
3.305e-07,0.5615003136000003
3.3100000000000004e-07,0.5615003136000003
3.315e-07,0.6865003008000001
3.32e-07,0.6865003008000001
3.3250000000000005e-07,0.8115002880000004
3.3300000000000003e-07,0.8740002816000003
3.335e-07,0.9990002688000001
3.34e-07,1.124000256
3.3450000000000004e-07,1.1865002496000003
3.35e-07,1.1865002496000003
3.355e-07,1.2490002432000002
3.3600000000000004e-07,1.436500224
3.3650000000000003e-07,1.5615002112000003
3.37e-07,1.6240002048000002
3.375e-07,1.6865001984
3.3800000000000004e-07,1.7490001920000002
3.385e-07,1.8115001856000001
3.39e-07,1.9990001664000001
3.3950000000000004e-07,2.0615001600000005
3.4000000000000003e-07,2.1865001472000003
3.405e-07,2.1865001472000003
3.41e-07,2.3115001344
3.4150000000000003e-07,2.374000128
3.42e-07,2.4990001152000003
3.425e-07,2.686500096
3.4300000000000004e-07,2.7490000896
3.435e-07,2.8115000832000003
3.44e-07,2.8740000768000002
3.4450000000000005e-07,2.9365000704
3.4500000000000003e-07,2.999000064
3.455e-07,3.1865000448000003
3.46e-07,3.2490000384
3.4650000000000004e-07,3.2490000384
3.47e-07,3.2490000384
3.475e-07,3.311500032
3.4800000000000005e-07,3.4365000192
3.4850000000000003e-07,3.5615000064
3.49e-07,3.6864999936
3.495e-07,3.624
3.5000000000000004e-07,3.6864999936
3.505e-07,3.8114999808000003
3.51e-07,3.8739999744
3.5150000000000004e-07,3.936499968
3.5200000000000003e-07,3.9989999616
3.525e-07,3.9989999616
3.53e-07,4.0614999552
3.5350000000000004e-07,4.0614999552
3.54e-07,4.1864999424
3.545e-07,4.248999936000001
3.5500000000000004e-07,4.1864999424
3.5550000000000003e-07,4.1239999488
3.56e-07,4.1864999424
3.565e-07,4.248999936000001
3.5700000000000003e-07,4.3114999296
3.575e-07,4.3114999296
3.58e-07,4.248999936000001
3.5850000000000004e-07,4.3114999296
3.59e-07,4.248999936000001
3.595e-07,4.248999936000001
3.6000000000000005e-07,4.4364999168
3.6050000000000003e-07,4.3114999296
3.61e-07,4.1864999424
3.615e-07,4.1239999488
3.6200000000000004e-07,4.1864999424
3.625e-07,4.1864999424
3.63e-07,4.1239999488
3.6350000000000005e-07,4.1239999488
3.6400000000000003e-07,4.0614999552
3.645e-07,3.936499968
3.65e-07,3.936499968
3.6550000000000004e-07,3.8739999744
3.66e-07,3.8739999744
3.665e-07,3.8114999808000003
3.6700000000000004e-07,3.6864999936
3.6750000000000003e-07,3.624
3.68e-07,3.624
3.685e-07,3.5615000064
3.6900000000000004e-07,3.4990000128000003
3.695e-07,3.3740000256
3.7e-07,3.311500032
3.7050000000000004e-07,3.1865000448000003
3.7100000000000003e-07,3.1240000512000003
3.715e-07,3.1240000512000003
3.7200000000000005e-07,3.0615000576
3.7250000000000003e-07,2.999000064
3.73e-07,2.8115000832000003
3.735e-07,2.7490000896
3.7400000000000004e-07,2.686500096
3.745e-07,2.6240001024
3.75e-07,2.4365001216
3.7550000000000005e-07,2.374000128
3.7600000000000003e-07,2.374000128
3.765e-07,2.2490001408
3.77e-07,2.1240001536
3.7750000000000004e-07,1.9990001664000001
3.78e-07,1.8740001792000003
3.785e-07,1.8115001856000001
3.7900000000000005e-07,1.7490001920000002
3.7950000000000003e-07,1.7490001920000002
3.8e-07,1.6865001984
3.805e-07,1.5615002112000003
3.8100000000000004e-07,1.436500224
3.815e-07,1.3740002304
3.82e-07,1.3115002368000002
3.8250000000000004e-07,1.3115002368000002
3.8300000000000003e-07,1.124000256
3.835e-07,1.0615002624
3.8400000000000005e-07,0.9990002688000001
3.8450000000000004e-07,0.9365002752000002
3.85e-07,0.8115002880000004
3.855e-07,0.6865003008000001
3.8600000000000004e-07,0.6240003072000002
3.865e-07,0.6865003008000001
3.87e-07,0.5615003136000003
3.8750000000000005e-07,0.4990003200000004
3.8800000000000003e-07,0.4365003264
3.885e-07,0.3740003328000001
3.89e-07,0.3740003328000001
3.8950000000000004e-07,0.3740003328000001
3.9e-07,0.24900034560000028
3.905e-07,0.24900034560000028
3.9100000000000005e-07,0.12400035840000045
3.9150000000000003e-07,0.12400035840000045
3.92e-07,0.12400035840000045
3.925e-07,0.18650035200000037
3.9300000000000004e-07,0.12400035840000045
3.935e-07,0.061500364800000096
3.94e-07,0.061500364800000096
3.9450000000000005e-07,0.061500364800000096
3.9500000000000003e-07,0.061500364800000096
3.955e-07,0.061500364800000096
3.96e-07,-0.0009996287999998188
3.9650000000000004e-07,0.12400035840000045
3.97e-07,0.061500364800000096
3.975e-07,0.12400035840000045
3.9800000000000004e-07,0.061500364800000096
3.9850000000000003e-07,0.18650035200000037
3.99e-07,0.061500364800000096
3.9950000000000005e-07,0.12400035840000045
4.0000000000000003e-07,0.24900034560000028
4.005e-07,0.24900034560000028
4.01e-07,0.24900034560000028
4.0150000000000004e-07,0.3115003392000002
4.02e-07,0.3740003328000001
4.025e-07,0.4365003264
4.0300000000000005e-07,0.4990003200000004
4.0350000000000003e-07,0.4990003200000004
4.04e-07,0.4990003200000004
4.045e-07,0.5615003136000003
4.0500000000000004e-07,0.6240003072000002
4.055e-07,0.6865003008000001
4.06e-07,0.8115002880000004
4.0650000000000005e-07,0.9365002752000002
4.0700000000000003e-07,0.9365002752000002
4.075e-07,0.9365002752000002
4.08e-07,1.0615002624
4.0850000000000004e-07,1.1865002496000003
4.09e-07,1.3115002368000002
4.095e-07,1.3115002368000002
4.1000000000000004e-07,1.436500224
4.1050000000000003e-07,1.5615002112000003
4.11e-07,1.6240002048000002
4.1150000000000005e-07,1.6865001984
4.1200000000000004e-07,1.7490001920000002
4.125e-07,1.8740001792000003
4.13e-07,1.9365001728000002
4.1350000000000004e-07,2.0615001600000005
4.1400000000000003e-07,2.2490001408
4.145e-07,2.4365001216
4.1500000000000005e-07,2.374000128
4.1550000000000003e-07,2.374000128
4.16e-07,2.5615001088000002
4.165e-07,2.6240001024
4.1700000000000004e-07,2.7490000896
4.175e-07,2.8740000768000002
4.18e-07,2.9365000704
4.1850000000000005e-07,2.999000064
4.1900000000000003e-07,3.0615000576
4.195e-07,3.1865000448000003
4.2e-07,3.311500032
4.2050000000000004e-07,3.3740000256
4.21e-07,3.4365000192
4.215e-07,3.5615000064
4.2200000000000005e-07,3.624
4.2250000000000003e-07,3.7489999872
4.23e-07,3.6864999936
4.235e-07,3.7489999872
4.2400000000000004e-07,3.936499968
4.245e-07,3.936499968
4.25e-07,3.9989999616
4.2550000000000004e-07,4.1239999488
4.2600000000000003e-07,4.1864999424
4.265e-07,4.1864999424
4.2700000000000005e-07,4.1239999488
4.2750000000000004e-07,4.1864999424
4.28e-07,4.248999936000001
4.285e-07,4.3114999296
4.2900000000000004e-07,4.3114999296
4.2950000000000003e-07,4.3739999232
4.3e-07,4.3739999232
4.3050000000000005e-07,4.4989999104
4.3100000000000003e-07,4.3739999232
4.315e-07,4.3739999232
4.32e-07,4.3739999232
4.3250000000000004e-07,4.4364999168
4.33e-07,4.4989999104
4.335e-07,4.4364999168
4.3400000000000005e-07,4.3739999232
4.3450000000000003e-07,4.3114999296
4.35e-07,4.248999936000001
4.355e-07,4.248999936000001
4.3600000000000004e-07,4.248999936000001
4.365e-07,4.248999936000001
4.37e-07,4.248999936000001
4.3750000000000005e-07,4.248999936000001
4.3800000000000003e-07,4.1239999488
4.385e-07,4.0614999552
4.3900000000000005e-07,3.9989999616
4.3950000000000004e-07,3.936499968
4.4e-07,3.936499968
4.405e-07,3.8739999744
4.4100000000000004e-07,3.8114999808000003
4.4150000000000003e-07,3.6864999936
4.42e-07,3.6864999936
4.4250000000000005e-07,3.624
4.4300000000000004e-07,3.5615000064
4.435e-07,3.4365000192
4.44e-07,3.4365000192
4.4450000000000004e-07,3.2490000384
4.4500000000000003e-07,3.1865000448000003
4.455e-07,3.1240000512000003
4.4600000000000005e-07,3.0615000576
4.4650000000000003e-07,2.9365000704
4.47e-07,2.7490000896
4.475e-07,2.686500096
4.4800000000000004e-07,2.686500096
4.485e-07,2.5615001088000002
4.49e-07,2.4365001216
4.4950000000000005e-07,2.3115001344
4.5000000000000003e-07,2.1865001472000003
4.505e-07,2.1240001536
4.51e-07,1.9990001664000001
4.5150000000000004e-07,1.9365001728000002
4.52e-07,1.8740001792000003
4.525e-07,1.7490001920000002
4.5300000000000005e-07,1.6865001984
4.5350000000000003e-07,1.6240002048000002
4.54e-07,1.4990002176000004
4.5450000000000005e-07,1.436500224
4.5500000000000004e-07,1.2490002432000002
4.555e-07,1.1865002496000003
4.56e-07,1.124000256
4.5650000000000004e-07,1.124000256
4.5700000000000003e-07,0.9990002688000001
4.575e-07,0.8740002816000003
4.5800000000000005e-07,0.8115002880000004
4.5850000000000004e-07,0.6865003008000001
4.59e-07,0.6865003008000001
4.595e-07,0.6240003072000002
4.6000000000000004e-07,0.6240003072000002
4.6050000000000003e-07,0.4990003200000004
4.61e-07,0.3740003328000001
4.6150000000000005e-07,0.3115003392000002
4.6200000000000003e-07,0.3115003392000002
4.625e-07,0.3115003392000002
4.63e-07,0.18650035200000037
4.6350000000000004e-07,0.18650035200000037
4.64e-07,0.18650035200000037
4.645e-07,0.12400035840000045
4.6500000000000005e-07,0.12400035840000045
4.6550000000000003e-07,0.061500364800000096
4.66e-07,0.061500364800000096
4.6650000000000005e-07,-0.0009996287999998188
4.6700000000000004e-07,-0.0009996287999998188
4.675e-07,-0.0009996287999998188
4.68e-07,-0.0009996287999998188
4.6850000000000005e-07,-0.0009996287999998188
4.6900000000000003e-07,-0.0009996287999998188
4.695e-07,-0.0009996287999998188
4.7000000000000005e-07,-0.0009996287999998188
4.7050000000000004e-07,0.061500364800000096
4.71e-07,0.061500364800000096
4.715e-07,0.061500364800000096
4.7200000000000004e-07,0.18650035200000037
4.7250000000000003e-07,0.12400035840000045
4.73e-07,0.12400035840000045
4.7350000000000005e-07,0.12400035840000045
4.7400000000000004e-07,0.12400035840000045
4.745e-07,0.18650035200000037
4.75e-07,0.24900034560000028
4.7550000000000004e-07,0.24900034560000028
4.7600000000000003e-07,0.3740003328000001
4.765e-07,0.3740003328000001
4.77e-07,0.4365003264
4.775e-07,0.4365003264
4.78e-07,0.5615003136000003
4.785000000000001e-07,0.6240003072000002
4.79e-07,0.6240003072000002
4.795e-07,0.7490002944
4.800000000000001e-07,0.8740002816000003
4.805e-07,0.9365002752000002
4.81e-07,1.0615002624
4.815000000000001e-07,1.0615002624
4.82e-07,1.0615002624
4.825e-07,1.124000256
4.830000000000001e-07,1.3115002368000002
4.835e-07,1.436500224
4.84e-07,1.5615002112000003
4.845e-07,1.6240002048000002
4.85e-07,1.6865001984
4.855e-07,1.7490001920000002
4.86e-07,1.8115001856000001
4.865e-07,1.9365001728000002
4.870000000000001e-07,2.0615001600000005
4.875e-07,2.1240001536
4.88e-07,2.3115001344
4.885000000000001e-07,2.3115001344
4.89e-07,2.374000128
4.895e-07,2.4365001216
4.900000000000001e-07,2.6240001024
4.905e-07,2.686500096
4.91e-07,2.7490000896
4.915000000000001e-07,2.7490000896
4.92e-07,2.8740000768000002
4.925e-07,2.999000064
4.93e-07,3.1865000448000003
4.935e-07,3.2490000384
4.940000000000001e-07,3.2490000384
4.945e-07,3.311500032
4.95e-07,3.311500032
4.955000000000001e-07,3.4365000192
4.96e-07,3.624
4.965e-07,3.624
4.970000000000001e-07,3.6864999936
4.975e-07,3.6864999936
4.98e-07,3.7489999872
4.985000000000001e-07,3.8114999808000003
4.99e-07,3.936499968
4.995e-07,3.936499968
