Time (s),VIN,IIN,VOUT,IOUT,"[""CRTL_A"", ""IN_A"", ""CRTL_B"", ""IN_B"", ""nEN"", ""GATE_1"", ""GATE_2""]"
0.0,21.397875023999998,1.370087506816,40.68612500288,0.641099992896,8960
5e-10,21.397875023999998,1.371650006912,40.62362499904,0.644224993088,8960
1e-09,21.444750026879998,1.371650006912,40.5611249952,0.642662492992,8960
1.5000000000000002e-09,21.476000028799998,1.36852500672,40.529874993279996,0.645787493184,8960
2e-09,21.476000028799998,1.365400006528,40.529874993279996,0.644224993088,8704
2.5e-09,21.507250030719998,1.366962506624,40.5611249952,0.641099992896,8704
3.0000000000000004e-09,21.522875031679998,1.366962506624,40.529874993279996,0.642662492992,8704
3.5000000000000003e-09,21.56975003456,1.371650006912,40.498624991359996,0.641099992896,8192
4e-09,21.58537503552,1.373212507008,40.482999990399996,0.642662492992,8192
4.500000000000001e-09,21.5541250336,1.373212507008,40.529874993279996,0.642662492992,8192
5e-09,21.53850003264,1.370087506816,40.5611249952,0.645787493184,8192
5.5000000000000004e-09,21.522875031679998,1.370087506816,40.57674999616,0.648912493376,8192
6.000000000000001e-09,21.5541250336,1.371650006912,40.57674999616,0.652037493568,8192
6.5e-09,21.56975003456,1.373212507008,40.59237499712,0.650474993472,8192
7.000000000000001e-09,21.60100003648,1.371650006912,40.59237499712,0.64734999328,8192
7.500000000000001e-09,21.61662503744,1.36852500672,40.60799999808,0.644224993088,8192
8e-09,21.58537503552,1.36852500672,40.63925,0.642662492992,8192
8.5e-09,21.522875031679998,1.370087506816,40.62362499904,0.644224993088,8192
9.000000000000001e-09,21.476000028799998,1.370087506816,40.54549999424,0.642662492992,8192
9.5e-09,21.476000028799998,1.371650006912,40.514249992319996,0.641099992896,8192
1e-08,21.491625029759998,1.370087506816,40.498624991359996,0.641099992896,8192
1.0500000000000001e-08,21.5541250336,1.370087506816,40.529874993279996,0.6395374927999999,8192
1.1000000000000001e-08,21.64787503936,1.370087506816,40.529874993279996,0.642662492992,8192
1.15e-08,21.72600004416,1.373212507008,40.514249992319996,0.645787493184,8192
1.2000000000000002e-08,21.7103750432,1.371650006912,40.498624991359996,0.648912493376,8192
1.2500000000000001e-08,21.66350004032,1.370087506816,40.514249992319996,0.650474993472,8192
1.3e-08,21.6322500384,1.366962506624,40.5611249952,0.648912493376,8192
1.35e-08,21.61662503744,1.363837506432,40.60799999808,0.644224993088,8192
1.4000000000000001e-08,21.6322500384,1.363837506432,40.62362499904,0.641099992896,8192
1.45e-08,21.64787503936,1.365400006528,40.65487500096,0.6379749927039999,8192
1.5000000000000002e-08,21.67912504128,1.366962506624,40.62362499904,0.6395374927999999,8192
1.55e-08,21.66350004032,1.365400006528,40.60799999808,0.642662492992,8192
1.6e-08,21.6322500384,1.365400006528,40.60799999808,0.644224993088,8192
1.6500000000000002e-08,21.58537503552,1.366962506624,40.59237499712,0.642662492992,8192
1.7e-08,21.56975003456,1.370087506816,40.54549999424,0.6395374927999999,8192
1.75e-08,21.60100003648,1.36852500672,40.514249992319996,0.6395374927999999,8192
1.8000000000000002e-08,21.60100003648,1.366962506624,40.498624991359996,0.6395374927999999,8192
1.85e-08,21.64787503936,1.366962506624,40.529874993279996,0.6395374927999999,8192
1.9e-08,21.66350004032,1.365400006528,40.514249992319996,0.6395374927999999,8192
1.9500000000000003e-08,21.6322500384,1.365400006528,40.498624991359996,0.6379749927039999,8192
2e-08,21.61662503744,1.366962506624,40.482999990399996,0.6379749927039999,8192
2.05e-08,21.60100003648,1.365400006528,40.482999990399996,0.6395374927999999,8192
2.1000000000000003e-08,21.6322500384,1.363837506432,40.514249992319996,0.642662492992,8192
2.15e-08,21.69475004224,1.363837506432,40.5611249952,0.642662492992,8192
2.2000000000000002e-08,21.75725004608,1.365400006528,40.57674999616,0.641099992896,8192
2.2500000000000003e-08,21.75725004608,1.365400006528,40.60799999808,0.641099992896,8192
2.3e-08,21.74162504512,1.366962506624,40.59237499712,0.642662492992,8192
2.3500000000000002e-08,21.66350004032,1.36852500672,40.5611249952,0.644224993088,8192
2.4000000000000003e-08,21.58537503552,1.370087506816,40.5611249952,0.641099992896,8192
2.45e-08,21.58537503552,1.371650006912,40.529874993279996,0.641099992896,0
2.5000000000000002e-08,21.61662503744,1.366962506624,40.451749988479996,0.6395374927999999,0
2.55e-08,21.64787503936,1.362275006336,40.420499986559996,0.642662492992,0
2.6e-08,21.67912504128,1.36071250624,40.404874985599996,0.645787493184,0
2.6500000000000002e-08,21.7103750432,1.36071250624,40.451749988479996,0.645787493184,0
2.7e-08,21.75725004608,1.362275006336,40.482999990399996,0.644224993088,1024
2.75e-08,21.77287504704,1.363837506432,40.54549999424,0.644224993088,1024
2.8000000000000003e-08,21.74162504512,1.363837506432,40.57674999616,0.642662492992,1024
2.85e-08,21.66350004032,1.365400006528,40.62362499904,0.641099992896,1024
2.9e-08,21.6322500384,1.36852500672,40.62362499904,0.642662492992,1024
2.9500000000000003e-08,21.61662503744,1.366962506624,40.65487500096,0.642662492992,3072
3.0000000000000004e-08,21.6322500384,1.366962506624,40.59237499712,0.642662492992,3072
3.05e-08,21.69475004224,1.365400006528,40.54549999424,0.641099992896,3072
3.1e-08,21.77287504704,1.362275006336,40.482999990399996,0.645787493184,3072
3.1500000000000004e-08,21.80412504896,1.363837506432,40.436124987519996,0.64734999328,3072
3.2e-08,21.80412504896,1.365400006528,40.420499986559996,0.64734999328,3072
3.25e-08,21.788500048,1.366962506624,40.436124987519996,0.645787493184,3072
3.3000000000000004e-08,21.74162504512,1.363837506432,40.436124987519996,0.641099992896,3072
3.35e-08,21.74162504512,1.362275006336,40.467374989439996,0.641099992896,3072
3.4e-08,21.74162504512,1.36071250624,40.482999990399996,0.6395374927999999,3072
3.4500000000000005e-08,21.75725004608,1.362275006336,40.529874993279996,0.636412492608,3072
3.5e-08,21.74162504512,1.363837506432,40.5611249952,0.641099992896,3072
3.55e-08,21.7103750432,1.366962506624,40.57674999616,0.642662492992,3072
3.6000000000000005e-08,21.66350004032,1.366962506624,40.59237499712,0.642662492992,3072
3.65e-08,21.64787503936,1.366962506624,40.60799999808,0.642662492992,3072
3.7e-08,21.69475004224,1.366962506624,40.59237499712,0.644224993088,3072
3.7500000000000005e-08,21.67912504128,1.366962506624,40.529874993279996,0.644224993088,3072
3.8e-08,21.66350004032,1.365400006528,40.482999990399996,0.642662492992,3072
3.85e-08,21.67912504128,1.365400006528,40.467374989439996,0.641099992896,3072
3.9000000000000005e-08,21.72600004416,1.363837506432,40.451749988479996,0.641099992896,3072
3.95e-08,21.74162504512,1.366962506624,40.436124987519996,0.642662492992,3072
4e-08,21.81975004992,1.365400006528,40.420499986559996,0.642662492992,3072
4.0500000000000005e-08,21.89787505472,1.366962506624,40.420499986559996,0.644224993088,3072
4.1e-08,21.8666250528,1.36852500672,40.404874985599996,0.644224993088,3072
4.15e-08,21.85100005184,1.36852500672,40.451749988479996,0.64734999328,3072
4.2000000000000006e-08,21.83537505088,1.366962506624,40.529874993279996,0.645787493184,3072
4.2500000000000003e-08,21.83537505088,1.366962506624,40.60799999808,0.642662492992,3072
4.3e-08,21.8666250528,1.366962506624,40.59237499712,0.645787493184,3072
4.3500000000000006e-08,21.88225005376,1.36852500672,40.60799999808,0.648912493376,3072
4.4000000000000004e-08,21.80412504896,1.366962506624,40.529874993279996,0.64734999328,3072
4.45e-08,21.7103750432,1.36852500672,40.514249992319996,0.64734999328,3072
4.5000000000000006e-08,21.67912504128,1.370087506816,40.498624991359996,0.64734999328,3072
4.5500000000000004e-08,21.72600004416,1.366962506624,40.482999990399996,0.645787493184,3072
4.6e-08,21.88225005376,1.365400006528,40.420499986559996,0.645787493184,3072
4.6500000000000006e-08,21.99162506048,1.365400006528,40.389249984639996,0.64734999328,3072
4.7000000000000004e-08,22.00725006144,1.363837506432,40.357999982719996,0.64734999328,3072
4.75e-08,21.9447500576,1.36071250624,40.404874985599996,0.645787493184,3072
4.8000000000000006e-08,21.81975004992,1.359150006144,40.482999990399996,0.642662492992,3072
4.8500000000000004e-08,21.788500048,1.362275006336,40.5611249952,0.641099992896,3072
4.9e-08,21.788500048,1.370087506816,40.5611249952,0.6395374927999999,3072
4.95e-08,21.83537505088,1.371650006912,40.54549999424,0.642662492992,3072
5.0000000000000004e-08,21.85100005184,1.36852500672,40.54549999424,0.642662492992,3072
5.05e-08,21.80412504896,1.362275006336,40.57674999616,0.642662492992,3072
5.1e-08,21.75725004608,1.36071250624,40.59237499712,0.642662492992,3072
5.1500000000000005e-08,21.77287504704,1.362275006336,40.5611249952,0.641099992896,3072
5.2e-08,21.8666250528,1.365400006528,40.498624991359996,0.642662492992,19456
5.25e-08,21.89787505472,1.365400006528,40.436124987519996,0.641099992896,19456
5.3000000000000005e-08,21.92912505664,1.365400006528,40.420499986559996,0.642662492992,19456
5.35e-08,21.89787505472,1.365400006528,40.420499986559996,0.641099992896,19456
5.4e-08,21.88225005376,1.363837506432,40.420499986559996,0.642662492992,19456
5.4500000000000005e-08,21.8666250528,1.363837506432,40.420499986559996,0.645787493184,19456
5.5e-08,21.8666250528,1.365400006528,40.373624983679996,0.645787493184,19456
5.55e-08,21.88225005376,1.365400006528,40.389249984639996,0.644224993088,19456
5.6000000000000005e-08,21.8666250528,1.363837506432,40.482999990399996,0.64734999328,19456
5.65e-08,21.8666250528,1.365400006528,40.57674999616,0.650474993472,19456
5.7e-08,21.8666250528,1.370087506816,40.57674999616,0.64734999328,19456
5.7500000000000005e-08,21.83537505088,1.371650006912,40.5611249952,0.645787493184,19456
5.8e-08,21.75725004608,1.36852500672,40.498624991359996,0.64734999328,19456
5.85e-08,21.7103750432,1.362275006336,40.467374989439996,0.645787493184,19456
5.9000000000000006e-08,21.69475004224,1.36071250624,40.451749988479996,0.642662492992,19456
5.9500000000000003e-08,21.74162504512,1.363837506432,40.436124987519996,0.641099992896,19456
6.000000000000001e-08,21.8666250528,1.365400006528,40.420499986559996,0.642662492992,19456
6.05e-08,21.91350005568,1.366962506624,40.389249984639996,0.645787493184,19456
6.1e-08,21.92912505664,1.366962506624,40.342374981759995,0.650474993472,19456
6.15e-08,21.85100005184,1.363837506432,40.357999982719996,0.650474993472,19456
6.2e-08,21.77287504704,1.36071250624,40.420499986559996,0.648912493376,19456
6.250000000000001e-08,21.75725004608,1.366962506624,40.498624991359996,0.642662492992,19456
6.300000000000001e-08,21.77287504704,1.370087506816,40.514249992319996,0.641099992896,19456
6.35e-08,21.77287504704,1.371650006912,40.498624991359996,0.642662492992,19456
6.4e-08,21.77287504704,1.371650006912,40.514249992319996,0.644224993088,19456
6.45e-08,21.77287504704,1.36852500672,40.5611249952,0.645787493184,19456
6.5e-08,21.74162504512,1.365400006528,40.54549999424,0.641099992896,19456
6.55e-08,21.72600004416,1.365400006528,40.529874993279996,0.644224993088,19456
6.600000000000001e-08,21.72600004416,1.365400006528,40.451749988479996,0.645787493184,19456
6.65e-08,21.80412504896,1.370087506816,40.404874985599996,0.64734999328,19456
6.7e-08,21.8666250528,1.366962506624,40.357999982719996,0.64734999328,19456
6.75e-08,21.9447500576,1.362275006336,40.373624983679996,0.644224993088,19456
6.8e-08,21.97600005952,1.362275006336,40.436124987519996,0.642662492992,19456
6.85e-08,21.9447500576,1.365400006528,40.451749988479996,0.644224993088,19456
6.900000000000001e-08,21.8666250528,1.366962506624,40.420499986559996,0.645787493184,19456
6.950000000000001e-08,21.77287504704,1.365400006528,40.420499986559996,0.644224993088,19456
7e-08,21.74162504512,1.365400006528,40.482999990399996,0.645787493184,19456
7.05e-08,21.72600004416,1.36852500672,40.59237499712,0.642662492992,19456
7.1e-08,21.74162504512,1.36852500672,40.60799999808,0.641099992896,19456
7.15e-08,21.69475004224,1.363837506432,40.5611249952,0.641099992896,19456
7.200000000000001e-08,21.64787503936,1.36071250624,40.514249992319996,0.642662492992,19456
7.250000000000001e-08,21.6322500384,1.36071250624,40.498624991359996,0.64734999328,19456
7.3e-08,21.64787503936,1.36071250624,40.482999990399996,0.644224993088,19456
7.35e-08,21.7103750432,1.363837506432,40.498624991359996,0.644224993088,19456
7.4e-08,21.81975004992,1.365400006528,40.467374989439996,0.644224993088,19456
7.45e-08,21.85100005184,1.36852500672,40.420499986559996,0.644224993088,19456
7.500000000000001e-08,21.81975004992,1.36852500672,40.389249984639996,0.645787493184,19456
7.550000000000001e-08,21.74162504512,1.365400006528,40.389249984639996,0.645787493184,18432
7.6e-08,21.7103750432,1.362275006336,40.436124987519996,0.644224993088,18432
7.65e-08,21.72600004416,1.363837506432,40.514249992319996,0.642662492992,18432
7.7e-08,21.80412504896,1.366962506624,40.529874993279996,0.644224993088,18432
7.75e-08,21.83537505088,1.366962506624,40.529874993279996,0.64734999328,16384
7.800000000000001e-08,21.75725004608,1.366962506624,40.529874993279996,0.652037493568,16384
7.850000000000001e-08,21.67912504128,1.36852500672,40.57674999616,0.653599993664,16384
7.9e-08,21.61662503744,1.36852500672,40.57674999616,0.653599993664,16384
7.95e-08,21.58537503552,1.365400006528,40.54549999424,0.650474993472,16384
8e-08,21.60100003648,1.365400006528,40.498624991359996,0.650474993472,16384
8.05e-08,21.67912504128,1.366962506624,40.451749988479996,0.65516249376,16384
8.100000000000001e-08,21.69475004224,1.366962506624,40.420499986559996,0.653599993664,16384
8.150000000000001e-08,21.67912504128,1.366962506624,40.436124987519996,0.650474993472,16384
8.2e-08,21.6322500384,1.365400006528,40.451749988479996,0.64734999328,16384
8.25e-08,21.61662503744,1.365400006528,40.482999990399996,0.64734999328,16384
8.3e-08,21.6322500384,1.366962506624,40.482999990399996,0.64734999328,16384
8.35e-08,21.67912504128,1.365400006528,40.514249992319996,0.645787493184,16384
8.400000000000001e-08,21.74162504512,1.363837506432,40.54549999424,0.64734999328,16384
8.450000000000001e-08,21.788500048,1.365400006528,40.60799999808,0.648912493376,16384
8.500000000000001e-08,21.81975004992,1.36852500672,40.63925,0.64734999328,16384
8.55e-08,21.77287504704,1.370087506816,40.62362499904,0.650474993472,16384
8.6e-08,21.66350004032,1.371650006912,40.57674999616,0.650474993472,16384
8.65e-08,21.56975003456,1.373212507008,40.54549999424,0.650474993472,16384
8.700000000000001e-08,21.507250030719998,1.371650006912,40.529874993279996,0.652037493568,16384
8.750000000000001e-08,21.507250030719998,1.371650006912,40.529874993279996,0.650474993472,16384
8.800000000000001e-08,21.53850003264,1.36852500672,40.529874993279996,0.652037493568,16384
8.85e-08,21.56975003456,1.366962506624,40.529874993279996,0.650474993472,16384
8.9e-08,21.53850003264,1.36852500672,40.498624991359996,0.648912493376,16384
8.95e-08,21.53850003264,1.36852500672,40.529874993279996,0.650474993472,16384
9.000000000000001e-08,21.522875031679998,1.36852500672,40.54549999424,0.650474993472,16384
9.050000000000001e-08,21.60100003648,1.36852500672,40.60799999808,0.648912493376,16384
9.100000000000001e-08,21.67912504128,1.370087506816,40.62362499904,0.64734999328,16384
9.15e-08,21.72600004416,1.370087506816,40.63925,0.648912493376,16384
9.2e-08,21.69475004224,1.371650006912,40.60799999808,0.652037493568,16384
9.25e-08,21.61662503744,1.370087506816,40.60799999808,0.652037493568,16384
9.300000000000001e-08,21.58537503552,1.366962506624,40.57674999616,0.652037493568,16384
9.350000000000001e-08,21.53850003264,1.365400006528,40.54549999424,0.650474993472,16384
9.400000000000001e-08,21.5541250336,1.366962506624,40.529874993279996,0.648912493376,16384
9.45e-08,21.5541250336,1.370087506816,40.514249992319996,0.64734999328,16384
9.5e-08,21.5541250336,1.370087506816,40.482999990399996,0.648912493376,16384
9.55e-08,21.5541250336,1.36852500672,40.498624991359996,0.650474993472,16384
9.600000000000001e-08,21.5541250336,1.366962506624,40.529874993279996,0.650474993472,16384
9.650000000000001e-08,21.56975003456,1.366962506624,40.59237499712,0.652037493568,16384
9.700000000000001e-08,21.58537503552,1.371650006912,40.62362499904,0.65516249376,16384
9.75e-08,21.58537503552,1.371650006912,40.63925,0.65516249376,0
9.8e-08,21.58537503552,1.370087506816,40.65487500096,0.653599993664,0
9.85e-08,21.56975003456,1.370087506816,40.67050000192,0.653599993664,0
9.9e-08,21.53850003264,1.370087506816,40.65487500096,0.653599993664,0
9.950000000000001e-08,21.460375027839998,1.36852500672,40.62362499904,0.65516249376,0
1.0000000000000001e-07,21.429125025919998,1.366962506624,40.57674999616,0.653599993664,0
1.005e-07,21.397875023999998,1.366962506624,40.529874993279996,0.650474993472,0
1.01e-07,21.444750026879998,1.362275006336,40.482999990399996,0.648912493376,256
1.015e-07,21.491625029759998,1.362275006336,40.514249992319996,0.650474993472,256
1.02e-07,21.5541250336,1.365400006528,40.529874993279996,0.650474993472,256
1.0250000000000001e-07,21.5541250336,1.36852500672,40.5611249952,0.648912493376,256
1.0300000000000001e-07,21.53850003264,1.370087506816,40.5611249952,0.64734999328,256
1.0350000000000001e-07,21.53850003264,1.366962506624,40.59237499712,0.648912493376,768
1.04e-07,21.53850003264,1.365400006528,40.62362499904,0.652037493568,768
1.045e-07,21.58537503552,1.365400006528,40.65487500096,0.650474993472,768
1.05e-07,21.60100003648,1.366962506624,40.68612500288,0.645787493184,768
1.0550000000000001e-07,21.60100003648,1.370087506816,40.67050000192,0.645787493184,768
1.0600000000000001e-07,21.5541250336,1.366962506624,40.60799999808,0.644224993088,768
1.0650000000000001e-07,21.491625029759998,1.365400006528,40.60799999808,0.645787493184,768
1.07e-07,21.444750026879998,1.363837506432,40.59237499712,0.64734999328,768
1.075e-07,21.444750026879998,1.365400006528,40.57674999616,0.650474993472,768
1.08e-07,21.476000028799998,1.366962506624,40.5611249952,0.64734999328,768
1.0850000000000001e-07,21.444750026879998,1.366962506624,40.529874993279996,0.642662492992,768
1.0900000000000001e-07,21.444750026879998,1.366962506624,40.529874993279996,0.641099992896,768
1.0950000000000001e-07,21.429125025919998,1.366962506624,40.529874993279996,0.64734999328,768
1.1e-07,21.429125025919998,1.366962506624,40.5611249952,0.645787493184,768
1.105e-07,21.429125025919998,1.366962506624,40.62362499904,0.645787493184,768
1.11e-07,21.460375027839998,1.365400006528,40.65487500096,0.645787493184,768
1.1150000000000001e-07,21.444750026879998,1.366962506624,40.67050000192,0.648912493376,768
1.1200000000000001e-07,21.397875023999998,1.36852500672,40.65487500096,0.648912493376,768
1.1250000000000001e-07,21.35100002112,1.371650006912,40.65487500096,0.64734999328,768
1.13e-07,21.33537502016,1.371650006912,40.63925,0.642662492992,768
1.135e-07,21.35100002112,1.371650006912,40.62362499904,0.644224993088,768
1.14e-07,21.413500024959998,1.370087506816,40.5611249952,0.64734999328,768
1.1450000000000001e-07,21.460375027839998,1.366962506624,40.54549999424,0.648912493376,768
1.1500000000000001e-07,21.460375027839998,1.365400006528,40.498624991359996,0.652037493568,768
1.1550000000000001e-07,21.429125025919998,1.365400006528,40.498624991359996,0.653599993664,768
1.16e-07,21.413500024959998,1.366962506624,40.498624991359996,0.652037493568,768
1.165e-07,21.33537502016,1.370087506816,40.514249992319996,0.64734999328,768
1.17e-07,21.382250023039997,1.370087506816,40.54549999424,0.648912493376,768
1.1750000000000001e-07,21.429125025919998,1.36852500672,40.59237499712,0.653599993664,768
1.1800000000000001e-07,21.476000028799998,1.366962506624,40.62362499904,0.652037493568,768
1.1850000000000001e-07,21.491625029759998,1.36852500672,40.68612500288,0.650474993472,768
1.1900000000000001e-07,21.460375027839998,1.371650006912,40.68612500288,0.650474993472,768
1.195e-07,21.397875023999998,1.374775007104,40.67050000192,0.653599993664,768
1.2000000000000002e-07,21.33537502016,1.371650006912,40.65487500096,0.65516249376,768
1.205e-07,21.35100002112,1.374775007104,40.63925,0.653599993664,768
1.21e-07,21.382250023039997,1.374775007104,40.59237499712,0.650474993472,768
1.215e-07,21.413500024959998,1.370087506816,40.59237499712,0.650474993472,768
1.22e-07,21.444750026879998,1.363837506432,40.5611249952,0.652037493568,768
1.2250000000000002e-07,21.397875023999998,1.363837506432,40.57674999616,0.648912493376,768
1.23e-07,21.33537502016,1.363837506432,40.5611249952,0.64734999328,768
1.2350000000000001e-07,21.30412501824,1.365400006528,40.57674999616,0.64734999328,768
1.24e-07,21.3197500192,1.365400006528,40.59237499712,0.64734999328,768
1.245e-07,21.3197500192,1.36852500672,40.65487500096,0.645787493184,768
1.2500000000000002e-07,21.35100002112,1.371650006912,40.7173750048,0.64734999328,8960
1.255e-07,21.382250023039997,1.370087506816,40.74862500672,0.648912493376,8960
1.2600000000000002e-07,21.413500024959998,1.371650006912,40.73300000576,0.648912493376,8960
1.265e-07,21.397875023999998,1.371650006912,40.76425000768,0.64734999328,8960
1.27e-07,21.460375027839998,1.371650006912,40.74862500672,0.64734999328,8960
1.275e-07,21.507250030719998,1.373212507008,40.70175000384,0.64734999328,8960
1.28e-07,21.476000028799998,1.373212507008,40.63925,0.644224993088,8960
1.2850000000000002e-07,21.397875023999998,1.374775007104,40.59237499712,0.645787493184,8960
1.29e-07,21.35100002112,1.370087506816,40.529874993279996,0.644224993088,8960
1.2950000000000001e-07,21.366625022079997,1.36852500672,40.529874993279996,0.645787493184,8960
1.3e-07,21.429125025919998,1.36852500672,40.54549999424,0.645787493184,8960
1.305e-07,21.460375027839998,1.366962506624,40.59237499712,0.645787493184,8960
1.31e-07,21.476000028799998,1.365400006528,40.62362499904,0.64734999328,8960
1.315e-07,21.382250023039997,1.363837506432,40.65487500096,0.650474993472,8960
1.3200000000000002e-07,21.30412501824,1.366962506624,40.67050000192,0.650474993472,8960
1.325e-07,21.2416250144,1.366962506624,40.73300000576,0.650474993472,8960
1.33e-07,21.28850001728,1.36852500672,40.76425000768,0.648912493376,8960
1.335e-07,21.366625022079997,1.36852500672,40.74862500672,0.648912493376,8960
1.34e-07,21.460375027839998,1.36852500672,40.70175000384,0.652037493568,8960
1.3450000000000002e-07,21.476000028799998,1.370087506816,40.68612500288,0.65516249376,8960
1.35e-07,21.507250030719998,1.365400006528,40.60799999808,0.65516249376,8960
1.3550000000000002e-07,21.522875031679998,1.363837506432,40.59237499712,0.650474993472,8960
1.36e-07,21.460375027839998,1.365400006528,40.59237499712,0.648912493376,8960
1.365e-07,21.413500024959998,1.36852500672,40.59237499712,0.648912493376,8960
1.37e-07,21.382250023039997,1.370087506816,40.5611249952,0.648912493376,8960
1.375e-07,21.397875023999998,1.373212507008,40.5611249952,0.64734999328,8960
1.3800000000000002e-07,21.429125025919998,1.371650006912,40.62362499904,0.64734999328,8960
1.385e-07,21.476000028799998,1.370087506816,40.68612500288,0.64734999328,8960
1.3900000000000001e-07,21.476000028799998,1.36852500672,40.7173750048,0.650474993472,8960
1.395e-07,21.429125025919998,1.371650006912,40.7173750048,0.652037493568,8960
1.4e-07,21.366625022079997,1.374775007104,40.68612500288,0.652037493568,8960
1.4050000000000002e-07,21.33537502016,1.371650006912,40.68612500288,0.650474993472,8960
1.41e-07,21.382250023039997,1.371650006912,40.70175000384,0.652037493568,8960
1.4150000000000002e-07,21.476000028799998,1.370087506816,40.70175000384,0.653599993664,8960
1.42e-07,21.5541250336,1.36852500672,40.67050000192,0.652037493568,8960
1.425e-07,21.5541250336,1.36852500672,40.62362499904,0.650474993472,8960
1.43e-07,21.522875031679998,1.366962506624,40.54549999424,0.64734999328,8960
1.435e-07,21.476000028799998,1.370087506816,40.529874993279996,0.644224993088,8960
1.4400000000000002e-07,21.476000028799998,1.370087506816,40.5611249952,0.642662492992,8960
1.445e-07,21.491625029759998,1.370087506816,40.62362499904,0.641099992896,8960
1.4500000000000001e-07,21.522875031679998,1.366962506624,40.62362499904,0.6395374927999999,8960
1.455e-07,21.5541250336,1.365400006528,40.63925,0.644224993088,8960
1.46e-07,21.507250030719998,1.365400006528,40.65487500096,0.645787493184,8960
1.4650000000000002e-07,21.460375027839998,1.366962506624,40.70175000384,0.644224993088,8960
1.47e-07,21.413500024959998,1.366962506624,40.70175000384,0.641099992896,8960
1.4750000000000002e-07,21.413500024959998,1.371650006912,40.70175000384,0.641099992896,8960
1.48e-07,21.444750026879998,1.371650006912,40.62362499904,0.6395374927999999,8960
1.485e-07,21.460375027839998,1.366962506624,40.59237499712,0.641099992896,8960
1.49e-07,21.491625029759998,1.366962506624,40.5611249952,0.642662492992,8960
1.495e-07,21.507250030719998,1.363837506432,40.57674999616,0.644224993088,8704
1.5000000000000002e-07,21.522875031679998,1.366962506624,40.54549999424,0.642662492992,8704
1.505e-07,21.5541250336,1.371650006912,40.5611249952,0.642662492992,8704
1.5100000000000002e-07,21.58537503552,1.371650006912,40.529874993279996,0.642662492992,8704
1.515e-07,21.58537503552,1.36852500672,40.529874993279996,0.644224993088,8192
1.52e-07,21.56975003456,1.36852500672,40.5611249952,0.645787493184,8192
1.5250000000000002e-07,21.5541250336,1.370087506816,40.59237499712,0.645787493184,8192
1.53e-07,21.53850003264,1.370087506816,40.59237499712,0.644224993088,8192
1.5350000000000002e-07,21.56975003456,1.371650006912,40.60799999808,0.645787493184,8192
1.54e-07,21.58537503552,1.370087506816,40.59237499712,0.648912493376,8192
1.5450000000000001e-07,21.61662503744,1.36852500672,40.60799999808,0.64734999328,8192
1.55e-07,21.61662503744,1.366962506624,40.63925,0.64734999328,8192
1.555e-07,21.58537503552,1.36852500672,40.63925,0.645787493184,8192
1.5600000000000002e-07,21.522875031679998,1.36852500672,40.60799999808,0.644224993088,8192
1.565e-07,21.476000028799998,1.36852500672,40.57674999616,0.641099992896,8192
1.5700000000000002e-07,21.476000028799998,1.36852500672,40.529874993279996,0.642662492992,8192
1.575e-07,21.491625029759998,1.366962506624,40.529874993279996,0.642662492992,8192
1.58e-07,21.56975003456,1.363837506432,40.529874993279996,0.641099992896,8192
1.5850000000000002e-07,21.66350004032,1.366962506624,40.5611249952,0.642662492992,8192
1.59e-07,21.72600004416,1.36852500672,40.529874993279996,0.641099992896,8192
1.5950000000000002e-07,21.72600004416,1.366962506624,40.514249992319996,0.644224993088,8192
1.6e-07,21.67912504128,1.363837506432,40.529874993279996,0.64734999328,8192
1.6050000000000001e-07,21.64787503936,1.366962506624,40.59237499712,0.64734999328,8192
1.61e-07,21.6322500384,1.366962506624,40.60799999808,0.644224993088,8192
1.615e-07,21.6322500384,1.366962506624,40.65487500096,0.641099992896,8192
1.6200000000000002e-07,21.64787503936,1.36852500672,40.63925,0.6379749927039999,8192
1.625e-07,21.66350004032,1.36852500672,40.63925,0.6379749927039999,8192
1.6300000000000002e-07,21.64787503936,1.36852500672,40.62362499904,0.642662492992,8192
1.635e-07,21.60100003648,1.371650006912,40.62362499904,0.642662492992,8192
1.64e-07,21.58537503552,1.373212507008,40.57674999616,0.644224993088,8192
1.645e-07,21.5541250336,1.370087506816,40.54549999424,0.644224993088,8192
1.65e-07,21.58537503552,1.366962506624,40.514249992319996,0.645787493184,8192
1.6550000000000002e-07,21.60100003648,1.363837506432,40.498624991359996,0.64734999328,8192
1.66e-07,21.64787503936,1.363837506432,40.498624991359996,0.645787493184,8192
1.6650000000000002e-07,21.64787503936,1.365400006528,40.514249992319996,0.641099992896,8192
1.67e-07,21.6322500384,1.365400006528,40.514249992319996,0.6395374927999999,8192
1.675e-07,21.61662503744,1.365400006528,40.498624991359996,0.642662492992,8192
1.6800000000000002e-07,21.60100003648,1.362275006336,40.482999990399996,0.644224993088,8192
1.685e-07,21.66350004032,1.366962506624,40.529874993279996,0.645787493184,8192
1.6900000000000002e-07,21.69475004224,1.366962506624,40.5611249952,0.642662492992,8192
1.695e-07,21.7103750432,1.366962506624,40.60799999808,0.642662492992,8192
1.7000000000000001e-07,21.72600004416,1.36852500672,40.60799999808,0.6379749927039999,8192
1.705e-07,21.7103750432,1.36852500672,40.62362499904,0.6395374927999999,8192
1.71e-07,21.66350004032,1.36852500672,40.57674999616,0.642662492992,8192
1.7150000000000002e-07,21.60100003648,1.371650006912,40.5611249952,0.641099992896,8192
1.72e-07,21.60100003648,1.371650006912,40.514249992319996,0.642662492992,0
1.7250000000000002e-07,21.58537503552,1.36852500672,40.451749988479996,0.6395374927999999,0
1.73e-07,21.6322500384,1.366962506624,40.420499986559996,0.641099992896,0
1.735e-07,21.69475004224,1.365400006528,40.420499986559996,0.642662492992,0
1.7400000000000002e-07,21.72600004416,1.363837506432,40.436124987519996,0.641099992896,0
1.745e-07,21.75725004608,1.363837506432,40.514249992319996,0.641099992896,0
1.7500000000000002e-07,21.77287504704,1.363837506432,40.5611249952,0.642662492992,1024
1.755e-07,21.74162504512,1.365400006528,40.57674999616,0.642662492992,1024
1.7600000000000001e-07,21.67912504128,1.36852500672,40.63925,0.642662492992,1024
1.765e-07,21.64787503936,1.36852500672,40.63925,0.642662492992,1024
1.77e-07,21.6322500384,1.365400006528,40.62362499904,0.641099992896,3072
1.7750000000000002e-07,21.61662503744,1.366962506624,40.62362499904,0.644224993088,3072
1.78e-07,21.66350004032,1.363837506432,40.54549999424,0.641099992896,3072
1.7850000000000002e-07,21.75725004608,1.365400006528,40.514249992319996,0.642662492992,3072
1.79e-07,21.788500048,1.365400006528,40.451749988479996,0.645787493184,3072
1.795e-07,21.788500048,1.36852500672,40.436124987519996,0.64734999328,3072
1.8000000000000002e-07,21.788500048,1.370087506816,40.451749988479996,0.644224993088,3072
1.805e-07,21.74162504512,1.366962506624,40.482999990399996,0.641099992896,3072
1.8100000000000002e-07,21.75725004608,1.366962506624,40.498624991359996,0.6379749927039999,3072
1.815e-07,21.74162504512,1.362275006336,40.514249992319996,0.6395374927999999,3072
1.8200000000000002e-07,21.77287504704,1.362275006336,40.529874993279996,0.641099992896,3072
1.825e-07,21.74162504512,1.365400006528,40.59237499712,0.6395374927999999,3072
1.83e-07,21.69475004224,1.370087506816,40.60799999808,0.6395374927999999,3072
1.8350000000000002e-07,21.66350004032,1.370087506816,40.62362499904,0.6395374927999999,3072
1.84e-07,21.6322500384,1.36852500672,40.63925,0.644224993088,3072
1.8450000000000002e-07,21.67912504128,1.365400006528,40.62362499904,0.645787493184,3072
1.85e-07,21.67912504128,1.363837506432,40.5611249952,0.644224993088,3072
1.8550000000000001e-07,21.67912504128,1.365400006528,40.514249992319996,0.644224993088,3072
1.8600000000000002e-07,21.69475004224,1.365400006528,40.467374989439996,0.641099992896,3072
1.865e-07,21.69475004224,1.366962506624,40.467374989439996,0.6379749927039999,3072
1.8700000000000002e-07,21.74162504512,1.365400006528,40.451749988479996,0.6379749927039999,3072
1.875e-07,21.83537505088,1.36852500672,40.436124987519996,0.6395374927999999,3072
1.8800000000000002e-07,21.89787505472,1.36852500672,40.404874985599996,0.641099992896,3072
1.885e-07,21.85100005184,1.36852500672,40.420499986559996,0.641099992896,3072
1.89e-07,21.85100005184,1.36852500672,40.482999990399996,0.6379749927039999,3072
1.8950000000000002e-07,21.81975004992,1.370087506816,40.54549999424,0.6379749927039999,3072
1.9e-07,21.83537505088,1.36852500672,40.59237499712,0.644224993088,3072
1.9050000000000002e-07,21.88225005376,1.366962506624,40.63925,0.644224993088,3072
1.91e-07,21.8666250528,1.370087506816,40.59237499712,0.645787493184,3072
1.9150000000000001e-07,21.77287504704,1.36852500672,40.54549999424,0.64734999328,3072
1.9200000000000003e-07,21.69475004224,1.36852500672,40.514249992319996,0.645787493184,3072
1.925e-07,21.67912504128,1.370087506816,40.498624991359996,0.644224993088,3072
1.9300000000000002e-07,21.7103750432,1.371650006912,40.482999990399996,0.642662492992,3072
1.935e-07,21.8666250528,1.366962506624,40.436124987519996,0.642662492992,3072
1.9400000000000002e-07,21.99162506048,1.363837506432,40.373624983679996,0.644224993088,3072
1.945e-07,21.99162506048,1.362275006336,40.373624983679996,0.644224993088,3072
1.95e-07,21.89787505472,1.362275006336,40.420499986559996,0.644224993088,3072
1.9550000000000002e-07,21.80412504896,1.363837506432,40.498624991359996,0.642662492992,3072
1.96e-07,21.77287504704,1.365400006528,40.54549999424,0.642662492992,3072
1.9650000000000002e-07,21.788500048,1.370087506816,40.5611249952,0.644224993088,3072
1.97e-07,21.81975004992,1.374775007104,40.5611249952,0.645787493184,3072
1.9750000000000001e-07,21.85100005184,1.371650006912,40.5611249952,0.64734999328,3072
1.98e-07,21.80412504896,1.365400006528,40.57674999616,0.645787493184,3072
1.985e-07,21.74162504512,1.362275006336,40.60799999808,0.644224993088,3072
1.9900000000000002e-07,21.788500048,1.362275006336,40.5611249952,0.644224993088,19456
1.995e-07,21.83537505088,1.36852500672,40.498624991359996,0.644224993088,19456
2.0000000000000002e-07,21.88225005376,1.373212507008,40.467374989439996,0.645787493184,19456
2.005e-07,21.91350005568,1.374775007104,40.451749988479996,0.644224993088,19456
2.01e-07,21.88225005376,1.371650006912,40.420499986559996,0.6395374927999999,19456
2.0150000000000002e-07,21.8666250528,1.36852500672,40.420499986559996,0.642662492992,19456
2.02e-07,21.83537505088,1.365400006528,40.373624983679996,0.642662492992,19456
2.0250000000000002e-07,21.85100005184,1.365400006528,40.389249984639996,0.644224993088,19456
2.03e-07,21.8666250528,1.36852500672,40.420499986559996,0.64734999328,19456
2.0350000000000002e-07,21.8666250528,1.36852500672,40.467374989439996,0.650474993472,19456
2.04e-07,21.89787505472,1.370087506816,40.54549999424,0.64734999328,19456
2.045e-07,21.8666250528,1.370087506816,40.59237499712,0.64734999328,19456
2.0500000000000002e-07,21.83537505088,1.370087506816,40.5611249952,0.645787493184,19456
2.055e-07,21.75725004608,1.36852500672,40.498624991359996,0.648912493376,19456
2.0600000000000002e-07,21.69475004224,1.366962506624,40.467374989439996,0.648912493376,19456
2.065e-07,21.7103750432,1.365400006528,40.467374989439996,0.64734999328,19456
2.0700000000000001e-07,21.74162504512,1.36071250624,40.451749988479996,0.644224993088,19456
2.0750000000000003e-07,21.8666250528,1.362275006336,40.404874985599996,0.644224993088,19456
2.08e-07,21.92912505664,1.366962506624,40.373624983679996,0.645787493184,19456
2.0850000000000002e-07,21.92912505664,1.36852500672,40.342374981759995,0.648912493376,19456
2.09e-07,21.8666250528,1.365400006528,40.373624983679996,0.64734999328,19456
2.0950000000000002e-07,21.77287504704,1.362275006336,40.436124987519996,0.645787493184,19456
2.1e-07,21.74162504512,1.363837506432,40.467374989439996,0.644224993088,19456
2.105e-07,21.77287504704,1.36852500672,40.529874993279996,0.644224993088,19456
2.1100000000000002e-07,21.788500048,1.371650006912,40.514249992319996,0.64734999328,19456
2.115e-07,21.77287504704,1.371650006912,40.498624991359996,0.650474993472,19456
2.1200000000000002e-07,21.77287504704,1.366962506624,40.529874993279996,0.64734999328,19456
2.125e-07,21.7103750432,1.365400006528,40.5611249952,0.642662492992,19456
2.1300000000000001e-07,21.7103750432,1.366962506624,40.529874993279996,0.644224993088,19456
2.1350000000000003e-07,21.72600004416,1.366962506624,40.451749988479996,0.648912493376,19456
2.14e-07,21.77287504704,1.36852500672,40.373624983679996,0.64734999328,19456
2.1450000000000002e-07,21.85100005184,1.36852500672,40.373624983679996,0.64734999328,19456
2.15e-07,21.92912505664,1.366962506624,40.404874985599996,0.645787493184,19456
2.1550000000000002e-07,21.9447500576,1.365400006528,40.436124987519996,0.645787493184,19456
2.16e-07,21.92912505664,1.362275006336,40.451749988479996,0.645787493184,19456
2.165e-07,21.85100005184,1.365400006528,40.436124987519996,0.64734999328,19456
2.1700000000000002e-07,21.77287504704,1.366962506624,40.436124987519996,0.645787493184,19456
2.175e-07,21.72600004416,1.370087506816,40.498624991359996,0.645787493184,19456
2.1800000000000002e-07,21.72600004416,1.370087506816,40.5611249952,0.644224993088,19456
2.185e-07,21.72600004416,1.370087506816,40.60799999808,0.644224993088,19456
2.1900000000000002e-07,21.7103750432,1.366962506624,40.5611249952,0.644224993088,19456
2.1950000000000003e-07,21.6322500384,1.363837506432,40.514249992319996,0.64734999328,19456
2.2e-07,21.6322500384,1.363837506432,40.482999990399996,0.645787493184,19456
2.2050000000000002e-07,21.6322500384,1.365400006528,40.482999990399996,0.644224993088,19456
2.21e-07,21.72600004416,1.371650006912,40.498624991359996,0.641099992896,19456
2.2150000000000002e-07,21.81975004992,1.373212507008,40.467374989439996,0.641099992896,19456
2.22e-07,21.8666250528,1.373212507008,40.420499986559996,0.641099992896,19456
2.2250000000000001e-07,21.81975004992,1.374775007104,40.389249984639996,0.642662492992,19456
2.2300000000000002e-07,21.75725004608,1.373212507008,40.389249984639996,0.642662492992,19456
2.235e-07,21.72600004416,1.366962506624,40.436124987519996,0.644224993088,18432
2.2400000000000002e-07,21.74162504512,1.366962506624,40.514249992319996,0.644224993088,18432
2.245e-07,21.80412504896,1.366962506624,40.5611249952,0.645787493184,16384
2.2500000000000002e-07,21.81975004992,1.370087506816,40.54549999424,0.648912493376,16384
2.255e-07,21.74162504512,1.36852500672,40.529874993279996,0.653599993664,16384
2.26e-07,21.64787503936,1.36852500672,40.5611249952,0.653599993664,16384
2.2650000000000002e-07,21.60100003648,1.36852500672,40.59237499712,0.650474993472,16384
2.27e-07,21.56975003456,1.366962506624,40.5611249952,0.650474993472,16384
2.2750000000000002e-07,21.61662503744,1.36852500672,40.498624991359996,0.652037493568,16384
2.28e-07,21.69475004224,1.36852500672,40.451749988479996,0.656724993856,16384
2.2850000000000001e-07,21.67912504128,1.370087506816,40.451749988479996,0.656724993856,16384
2.2900000000000003e-07,21.67912504128,1.370087506816,40.451749988479996,0.65516249376,16384
2.295e-07,21.64787503936,1.36852500672,40.482999990399996,0.653599993664,16384
2.3000000000000002e-07,21.6322500384,1.366962506624,40.482999990399996,0.650474993472,16384
2.305e-07,21.6322500384,1.365400006528,40.514249992319996,0.648912493376,16384
2.3100000000000002e-07,21.66350004032,1.366962506624,40.514249992319996,0.652037493568,16384
2.315e-07,21.72600004416,1.36852500672,40.5611249952,0.653599993664,16384
2.32e-07,21.788500048,1.370087506816,40.62362499904,0.653599993664,16384
2.3250000000000002e-07,21.81975004992,1.371650006912,40.63925,0.653599993664,16384
2.33e-07,21.77287504704,1.373212507008,40.62362499904,0.650474993472,16384
2.3350000000000002e-07,21.66350004032,1.371650006912,40.59237499712,0.653599993664,16384
2.34e-07,21.5541250336,1.371650006912,40.529874993279996,0.653599993664,16384
2.3450000000000002e-07,21.507250030719998,1.371650006912,40.529874993279996,0.652037493568,16384
2.3500000000000003e-07,21.491625029759998,1.36852500672,40.514249992319996,0.648912493376,16384
2.355e-07,21.53850003264,1.36852500672,40.529874993279996,0.650474993472,16384
2.3600000000000002e-07,21.56975003456,1.366962506624,40.514249992319996,0.652037493568,16384
2.365e-07,21.522875031679998,1.366962506624,40.529874993279996,0.653599993664,16384
2.3700000000000002e-07,21.53850003264,1.366962506624,40.529874993279996,0.653599993664,16384
2.375e-07,21.53850003264,1.370087506816,40.54549999424,0.653599993664,16384
2.3800000000000001e-07,21.60100003648,1.371650006912,40.59237499712,0.652037493568,16384
2.385e-07,21.66350004032,1.371650006912,40.67050000192,0.650474993472,16384
2.39e-07,21.7103750432,1.370087506816,40.65487500096,0.652037493568,16384
2.395e-07,21.66350004032,1.371650006912,40.63925,0.65516249376,16384
2.4000000000000003e-07,21.60100003648,1.371650006912,40.63925,0.653599993664,16384
2.405e-07,21.5541250336,1.370087506816,40.63925,0.652037493568,16384
2.41e-07,21.53850003264,1.370087506816,40.57674999616,0.648912493376,16384
2.4150000000000004e-07,21.53850003264,1.36852500672,40.5611249952,0.64734999328,16384
2.42e-07,21.53850003264,1.366962506624,40.514249992319996,0.64734999328,16384
2.425e-07,21.5541250336,1.36852500672,40.529874993279996,0.648912493376,16384
2.43e-07,21.53850003264,1.36852500672,40.529874993279996,0.650474993472,16384
2.4350000000000003e-07,21.53850003264,1.370087506816,40.5611249952,0.653599993664,16384
2.44e-07,21.56975003456,1.371650006912,40.57674999616,0.653599993664,16384
2.445e-07,21.58537503552,1.36852500672,40.63925,0.653599993664,16384
2.4500000000000004e-07,21.58537503552,1.36852500672,40.65487500096,0.653599993664,0
2.455e-07,21.58537503552,1.370087506816,40.68612500288,0.658287493952,0
2.46e-07,21.56975003456,1.373212507008,40.67050000192,0.659849994048,0
2.465e-07,21.507250030719998,1.373212507008,40.68612500288,0.658287493952,0
2.4700000000000003e-07,21.460375027839998,1.370087506816,40.62362499904,0.658287493952,0
2.475e-07,21.413500024959998,1.36852500672,40.57674999616,0.65516249376,0
2.48e-07,21.429125025919998,1.365400006528,40.529874993279996,0.658287493952,0
2.4850000000000003e-07,21.460375027839998,1.362275006336,40.514249992319996,0.656724993856,256
2.49e-07,21.507250030719998,1.363837506432,40.514249992319996,0.653599993664,256
2.495e-07,21.5541250336,1.365400006528,40.529874993279996,0.653599993664,256
2.5000000000000004e-07,21.5541250336,1.363837506432,40.54549999424,0.653599993664,256
2.505e-07,21.522875031679998,1.363837506432,40.57674999616,0.65516249376,256
2.51e-07,21.522875031679998,1.365400006528,40.57674999616,0.65516249376,768
2.515e-07,21.53850003264,1.366962506624,40.62362499904,0.65516249376,768
2.5200000000000003e-07,21.60100003648,1.36852500672,40.65487500096,0.652037493568,768
2.525e-07,21.60100003648,1.370087506816,40.67050000192,0.652037493568,768
2.53e-07,21.60100003648,1.371650006912,40.67050000192,0.650474993472,768
2.5350000000000004e-07,21.5541250336,1.371650006912,40.62362499904,0.653599993664,768
2.54e-07,21.507250030719998,1.36852500672,40.59237499712,0.653599993664,768
2.545e-07,21.444750026879998,1.370087506816,40.60799999808,0.648912493376,768
2.55e-07,21.460375027839998,1.36852500672,40.59237499712,0.648912493376,768
2.5550000000000003e-07,21.491625029759998,1.36852500672,40.5611249952,0.650474993472,768
2.56e-07,21.460375027839998,1.366962506624,40.529874993279996,0.650474993472,768
2.565e-07,21.460375027839998,1.366962506624,40.529874993279996,0.650474993472,768
2.5700000000000004e-07,21.460375027839998,1.365400006528,40.529874993279996,0.64734999328,768
2.575e-07,21.460375027839998,1.365400006528,40.5611249952,0.645787493184,768
2.58e-07,21.460375027839998,1.36852500672,40.59237499712,0.64734999328,768
2.585e-07,21.476000028799998,1.36852500672,40.65487500096,0.64734999328,768
2.5900000000000003e-07,21.460375027839998,1.366962506624,40.62362499904,0.64734999328,768
2.595e-07,21.413500024959998,1.36852500672,40.63925,0.645787493184,768
2.6e-07,21.382250023039997,1.370087506816,40.65487500096,0.645787493184,768
2.6050000000000004e-07,21.3197500192,1.371650006912,40.63925,0.648912493376,768
2.61e-07,21.35100002112,1.373212507008,40.60799999808,0.648912493376,768
2.615e-07,21.429125025919998,1.36852500672,40.54549999424,0.652037493568,768
2.62e-07,21.476000028799998,1.366962506624,40.514249992319996,0.652037493568,768
2.6250000000000003e-07,21.476000028799998,1.36852500672,40.482999990399996,0.653599993664,768
2.63e-07,21.460375027839998,1.370087506816,40.467374989439996,0.65516249376,768
2.635e-07,21.397875023999998,1.36852500672,40.482999990399996,0.653599993664,768
2.6400000000000003e-07,21.33537502016,1.36852500672,40.498624991359996,0.650474993472,768
2.645e-07,21.382250023039997,1.371650006912,40.54549999424,0.650474993472,768
2.65e-07,21.429125025919998,1.371650006912,40.57674999616,0.650474993472,768
2.6550000000000004e-07,21.476000028799998,1.371650006912,40.62362499904,0.652037493568,768
2.66e-07,21.491625029759998,1.36852500672,40.65487500096,0.652037493568,768
2.665e-07,21.444750026879998,1.370087506816,40.67050000192,0.648912493376,768
2.67e-07,21.397875023999998,1.371650006912,40.65487500096,0.648912493376,768
2.6750000000000003e-07,21.366625022079997,1.374775007104,40.63925,0.653599993664,768
2.68e-07,21.366625022079997,1.3763375072,40.60799999808,0.65516249376,768
2.685e-07,21.35100002112,1.373212507008,40.57674999616,0.656724993856,768
2.6900000000000004e-07,21.429125025919998,1.36852500672,40.5611249952,0.65516249376,768
2.695e-07,21.429125025919998,1.365400006528,40.5611249952,0.653599993664,768
2.7e-07,21.397875023999998,1.363837506432,40.54549999424,0.652037493568,768
2.705e-07,21.33537502016,1.366962506624,40.5611249952,0.652037493568,768
2.7100000000000003e-07,21.3197500192,1.36852500672,40.54549999424,0.652037493568,768
2.715e-07,21.33537502016,1.366962506624,40.60799999808,0.648912493376,768
2.72e-07,21.3197500192,1.36852500672,40.67050000192,0.64734999328,768
2.7250000000000004e-07,21.366625022079997,1.370087506816,40.70175000384,0.648912493376,768
2.73e-07,21.397875023999998,1.371650006912,40.7173750048,0.648912493376,8960
2.735e-07,21.397875023999998,1.373212507008,40.73300000576,0.645787493184,8960
2.74e-07,21.397875023999998,1.370087506816,40.74862500672,0.642662492992,8960
2.7450000000000003e-07,21.444750026879998,1.370087506816,40.74862500672,0.645787493184,8960
2.75e-07,21.476000028799998,1.371650006912,40.68612500288,0.64734999328,8960
2.755e-07,21.429125025919998,1.371650006912,40.63925,0.645787493184,8960
2.7600000000000004e-07,21.382250023039997,1.370087506816,40.57674999616,0.64734999328,8960
2.765e-07,21.33537502016,1.371650006912,40.54549999424,0.648912493376,8960
2.77e-07,21.35100002112,1.370087506816,40.529874993279996,0.64734999328,8960
2.7750000000000004e-07,21.397875023999998,1.36852500672,40.5611249952,0.648912493376,8960
2.7800000000000003e-07,21.460375027839998,1.36852500672,40.57674999616,0.652037493568,8960
2.785e-07,21.429125025919998,1.36852500672,40.63925,0.648912493376,8960
2.79e-07,21.366625022079997,1.370087506816,40.65487500096,0.64734999328,8960
2.7950000000000003e-07,21.28850001728,1.371650006912,40.68612500288,0.64734999328,8960
2.8e-07,21.2416250144,1.371650006912,40.74862500672,0.650474993472,8960
2.805e-07,21.27287501632,1.373212507008,40.7955000096,0.652037493568,8960
2.8100000000000004e-07,21.33537502016,1.370087506816,40.76425000768,0.653599993664,8960
2.815e-07,21.429125025919998,1.371650006912,40.7173750048,0.653599993664,8960
2.82e-07,21.491625029759998,1.370087506816,40.65487500096,0.650474993472,8960
2.825e-07,21.507250030719998,1.36852500672,40.63925,0.652037493568,8960
2.8300000000000003e-07,21.522875031679998,1.365400006528,40.62362499904,0.653599993664,8960
2.835e-07,21.460375027839998,1.366962506624,40.60799999808,0.653599993664,8960
2.84e-07,21.413500024959998,1.365400006528,40.57674999616,0.650474993472,8960
2.8450000000000004e-07,21.35100002112,1.366962506624,40.5611249952,0.64734999328,8960
2.85e-07,21.382250023039997,1.370087506816,40.60799999808,0.648912493376,8960
2.855e-07,21.429125025919998,1.371650006912,40.63925,0.648912493376,8960
2.86e-07,21.476000028799998,1.370087506816,40.70175000384,0.648912493376,8960
2.8650000000000003e-07,21.476000028799998,1.370087506816,40.76425000768,0.652037493568,8960
2.87e-07,21.413500024959998,1.36852500672,40.73300000576,0.653599993664,8960
2.875e-07,21.35100002112,1.371650006912,40.70175000384,0.653599993664,8960
2.8800000000000004e-07,21.30412501824,1.370087506816,40.70175000384,0.653599993664,8960
2.885e-07,21.366625022079997,1.370087506816,40.7173750048,0.652037493568,8960
2.89e-07,21.460375027839998,1.366962506624,40.7173750048,0.648912493376,8960
2.895e-07,21.5541250336,1.36852500672,40.68612500288,0.64734999328,8960
2.9000000000000003e-07,21.56975003456,1.366962506624,40.60799999808,0.648912493376,8960
2.905e-07,21.522875031679998,1.365400006528,40.57674999616,0.64734999328,8960
2.91e-07,21.476000028799998,1.363837506432,40.54549999424,0.645787493184,8960
2.9150000000000004e-07,21.429125025919998,1.363837506432,40.59237499712,0.645787493184,8960
2.92e-07,21.476000028799998,1.365400006528,40.60799999808,0.645787493184,8960
2.925e-07,21.491625029759998,1.365400006528,40.65487500096,0.645787493184,8960
2.9300000000000004e-07,21.522875031679998,1.36852500672,40.65487500096,0.64734999328,8960
2.9350000000000003e-07,21.491625029759998,1.366962506624,40.68612500288,0.645787493184,8960
2.94e-07,21.444750026879998,1.366962506624,40.68612500288,0.644224993088,8960
2.945e-07,21.382250023039997,1.36852500672,40.74862500672,0.644224993088,8960
2.9500000000000003e-07,21.397875023999998,1.370087506816,40.7173750048,0.644224993088,8960
2.955e-07,21.413500024959998,1.36852500672,40.63925,0.642662492992,8960
2.96e-07,21.444750026879998,1.366962506624,40.60799999808,0.644224993088,8960
2.9650000000000004e-07,21.491625029759998,1.366962506624,40.59237499712,0.648912493376,8704
2.97e-07,21.491625029759998,1.365400006528,40.57674999616,0.64734999328,8704
2.975e-07,21.507250030719998,1.366962506624,40.59237499712,0.64734999328,8704
2.98e-07,21.53850003264,1.366962506624,40.5611249952,0.642662492992,8704
2.9850000000000003e-07,21.56975003456,1.36852500672,40.57674999616,0.6395374927999999,8192
2.99e-07,21.56975003456,1.365400006528,40.54549999424,0.642662492992,8192
2.995e-07,21.53850003264,1.366962506624,40.57674999616,0.642662492992,8192
3.0000000000000004e-07,21.5541250336,1.366962506624,40.59237499712,0.645787493184,8192
3.005e-07,21.522875031679998,1.365400006528,40.60799999808,0.648912493376,8192
3.01e-07,21.5541250336,1.36852500672,40.60799999808,0.648912493376,8192
3.015e-07,21.56975003456,1.36852500672,40.59237499712,0.648912493376,8192
3.0200000000000003e-07,21.61662503744,1.36852500672,40.60799999808,0.648912493376,8192
3.025e-07,21.61662503744,1.36852500672,40.67050000192,0.645787493184,8192
3.03e-07,21.58537503552,1.370087506816,40.67050000192,0.644224993088,8192
3.0350000000000004e-07,21.53850003264,1.370087506816,40.62362499904,0.641099992896,8192
3.04e-07,21.476000028799998,1.366962506624,40.59237499712,0.641099992896,8192
3.045e-07,21.476000028799998,1.365400006528,40.5611249952,0.644224993088,8192
3.0500000000000004e-07,21.507250030719998,1.363837506432,40.54549999424,0.642662492992,8192
3.0550000000000003e-07,21.58537503552,1.363837506432,40.529874993279996,0.644224993088,8192
3.06e-07,21.66350004032,1.363837506432,40.529874993279996,0.642662492992,8192
3.065e-07,21.72600004416,1.365400006528,40.529874993279996,0.642662492992,8192
3.0700000000000004e-07,21.72600004416,1.365400006528,40.514249992319996,0.644224993088,8192
3.075e-07,21.67912504128,1.365400006528,40.54549999424,0.645787493184,8192
3.08e-07,21.66350004032,1.365400006528,40.59237499712,0.642662492992,8192
3.0850000000000004e-07,21.61662503744,1.366962506624,40.62362499904,0.6395374927999999,8192
3.0900000000000003e-07,21.6322500384,1.370087506816,40.65487500096,0.641099992896,8192
3.095e-07,21.64787503936,1.366962506624,40.65487500096,0.642662492992,8192
3.1e-07,21.67912504128,1.365400006528,40.60799999808,0.642662492992,8192
3.1050000000000003e-07,21.67912504128,1.363837506432,40.62362499904,0.644224993088,8192
3.11e-07,21.6322500384,1.366962506624,40.60799999808,0.644224993088,8192
3.115e-07,21.58537503552,1.36852500672,40.57674999616,0.642662492992,8192
3.1200000000000004e-07,21.56975003456,1.366962506624,40.57674999616,0.644224993088,8192
3.125e-07,21.60100003648,1.365400006528,40.529874993279996,0.645787493184,8192
3.13e-07,21.61662503744,1.366962506624,40.514249992319996,0.644224993088,8192
3.135e-07,21.64787503936,1.36852500672,40.498624991359996,0.641099992896,8192
3.1400000000000003e-07,21.64787503936,1.365400006528,40.498624991359996,0.6395374927999999,8192
3.145e-07,21.6322500384,1.363837506432,40.514249992319996,0.6395374927999999,8192
3.15e-07,21.61662503744,1.36071250624,40.482999990399996,0.642662492992,8192
3.1550000000000004e-07,21.61662503744,1.36071250624,40.498624991359996,0.642662492992,8192
3.16e-07,21.64787503936,1.362275006336,40.529874993279996,0.642662492992,8192
3.165e-07,21.67912504128,1.362275006336,40.57674999616,0.641099992896,8192
3.1700000000000005e-07,21.72600004416,1.365400006528,40.60799999808,0.644224993088,8192
3.1750000000000003e-07,21.72600004416,1.366962506624,40.60799999808,0.644224993088,8192
3.18e-07,21.69475004224,1.36852500672,40.59237499712,0.644224993088,8192
3.185e-07,21.64787503936,1.36852500672,40.60799999808,0.642662492992,8192
3.1900000000000004e-07,21.60100003648,1.366962506624,40.5611249952,0.641099992896,8192
3.195e-07,21.56975003456,1.366962506624,40.514249992319996,0.6395374927999999,0
3.2e-07,21.58537503552,1.366962506624,40.467374989439996,0.641099992896,0
3.2050000000000004e-07,21.6322500384,1.366962506624,40.436124987519996,0.642662492992,0
3.2100000000000003e-07,21.67912504128,1.366962506624,40.420499986559996,0.6395374927999999,0
3.215e-07,21.7103750432,1.366962506624,40.436124987519996,0.6395374927999999,0
3.22e-07,21.74162504512,1.366962506624,40.482999990399996,0.642662492992,1024
3.2250000000000004e-07,21.75725004608,1.366962506624,40.529874993279996,0.642662492992,1024
3.23e-07,21.72600004416,1.366962506624,40.57674999616,0.6395374927999999,1024
3.235e-07,21.66350004032,1.366962506624,40.62362499904,0.6379749927039999,1024
3.2400000000000004e-07,21.6322500384,1.366962506624,40.62362499904,0.6379749927039999,3072
3.2450000000000003e-07,21.61662503744,1.366962506624,40.63925,0.6395374927999999,3072
3.25e-07,21.64787503936,1.365400006528,40.60799999808,0.641099992896,3072
3.255e-07,21.67912504128,1.363837506432,40.54549999424,0.641099992896,3072
3.2600000000000003e-07,21.77287504704,1.363837506432,40.482999990399996,0.642662492992,3072
3.265e-07,21.788500048,1.363837506432,40.451749988479996,0.642662492992,3072
3.27e-07,21.788500048,1.363837506432,40.451749988479996,0.642662492992,3072
3.2750000000000004e-07,21.788500048,1.365400006528,40.451749988479996,0.642662492992,3072
3.28e-07,21.75725004608,1.365400006528,40.467374989439996,0.641099992896,3072
3.285e-07,21.72600004416,1.365400006528,40.498624991359996,0.6395374927999999,3072
3.29e-07,21.74162504512,1.362275006336,40.498624991359996,0.636412492608,3072
3.2950000000000003e-07,21.72600004416,1.365400006528,40.529874993279996,0.641099992896,3072
3.3e-07,21.7103750432,1.365400006528,40.5611249952,0.641099992896,3072
3.305e-07,21.67912504128,1.370087506816,40.59237499712,0.6395374927999999,3072
3.3100000000000004e-07,21.6322500384,1.370087506816,40.62362499904,0.6395374927999999,3072
3.315e-07,21.61662503744,1.371650006912,40.63925,0.6395374927999999,3072
3.32e-07,21.67912504128,1.370087506816,40.59237499712,0.642662492992,3072
3.3250000000000005e-07,21.66350004032,1.366962506624,40.54549999424,0.642662492992,3072
3.3300000000000003e-07,21.64787503936,1.365400006528,40.482999990399996,0.644224993088,3072
3.335e-07,21.67912504128,1.363837506432,40.451749988479996,0.644224993088,3072
3.34e-07,21.67912504128,1.366962506624,40.436124987519996,0.644224993088,3072
3.3450000000000004e-07,21.72600004416,1.365400006528,40.451749988479996,0.642662492992,3072
3.35e-07,21.81975004992,1.362275006336,40.436124987519996,0.641099992896,3072
3.355e-07,21.88225005376,1.365400006528,40.404874985599996,0.642662492992,3072
3.3600000000000004e-07,21.85100005184,1.36852500672,40.436124987519996,0.645787493184,3072
3.3650000000000003e-07,21.85100005184,1.370087506816,40.482999990399996,0.648912493376,3072
3.37e-07,21.81975004992,1.366962506624,40.54549999424,0.645787493184,3072
3.375e-07,21.81975004992,1.366962506624,40.60799999808,0.645787493184,3072
3.3800000000000004e-07,21.88225005376,1.365400006528,40.62362499904,0.64734999328,3072
3.385e-07,21.8666250528,1.36852500672,40.60799999808,0.64734999328,3072
3.39e-07,21.77287504704,1.36852500672,40.5611249952,0.648912493376,3072
3.3950000000000004e-07,21.69475004224,1.370087506816,40.529874993279996,0.645787493184,3072
3.4000000000000003e-07,21.67912504128,1.36852500672,40.529874993279996,0.642662492992,3072
3.405e-07,21.7103750432,1.366962506624,40.514249992319996,0.642662492992,3072
3.41e-07,21.88225005376,1.36852500672,40.451749988479996,0.644224993088,3072
3.4150000000000003e-07,22.00725006144,1.363837506432,40.404874985599996,0.648912493376,3072
3.42e-07,22.00725006144,1.36071250624,40.373624983679996,0.648912493376,3072
3.425e-07,21.91350005568,1.36071250624,40.451749988479996,0.645787493184,3072
3.4300000000000004e-07,21.81975004992,1.36071250624,40.514249992319996,0.644224993088,3072
3.435e-07,21.788500048,1.362275006336,40.5611249952,0.641099992896,3072
3.44e-07,21.81975004992,1.365400006528,40.59237499712,0.641099992896,3072
3.4450000000000005e-07,21.83537505088,1.36852500672,40.59237499712,0.645787493184,3072
3.4500000000000003e-07,21.85100005184,1.36852500672,40.5611249952,0.644224993088,3072
3.455e-07,21.80412504896,1.365400006528,40.59237499712,0.645787493184,3072
3.46e-07,21.74162504512,1.362275006336,40.59237499712,0.642662492992,3072
3.4650000000000004e-07,21.77287504704,1.362275006336,40.59237499712,0.641099992896,3072
3.47e-07,21.85100005184,1.366962506624,40.529874993279996,0.641099992896,19456
3.475e-07,21.91350005568,1.371650006912,40.482999990399996,0.6379749927039999,19456
3.4800000000000005e-07,21.96037505856,1.373212507008,40.436124987519996,0.636412492608,19456
3.4850000000000003e-07,21.89787505472,1.36852500672,40.436124987519996,0.6379749927039999,19456
3.49e-07,21.88225005376,1.36852500672,40.451749988479996,0.641099992896,19456
3.495e-07,21.8666250528,1.365400006528,40.404874985599996,0.644224993088,19456
3.5000000000000004e-07,21.8666250528,1.365400006528,40.404874985599996,0.64734999328,19456
3.505e-07,21.88225005376,1.365400006528,40.436124987519996,0.648912493376,19456
3.51e-07,21.88225005376,1.366962506624,40.482999990399996,0.648912493376,19456
3.5150000000000004e-07,21.89787505472,1.366962506624,40.57674999616,0.64734999328,19456
3.5200000000000003e-07,21.89787505472,1.36852500672,40.63925,0.645787493184,19456
3.525e-07,21.8666250528,1.370087506816,40.59237499712,0.64734999328,19456
3.53e-07,21.788500048,1.370087506816,40.529874993279996,0.645787493184,19456
3.5350000000000004e-07,21.72600004416,1.365400006528,40.482999990399996,0.645787493184,19456
3.54e-07,21.7103750432,1.36071250624,40.467374989439996,0.642662492992,19456
3.545e-07,21.77287504704,1.359150006144,40.482999990399996,0.641099992896,19456
3.5500000000000004e-07,21.88225005376,1.363837506432,40.451749988479996,0.642662492992,19456
3.5550000000000003e-07,21.96037505856,1.366962506624,40.389249984639996,0.644224993088,19456
3.56e-07,21.96037505856,1.362275006336,40.357999982719996,0.64734999328,19456
3.565e-07,21.88225005376,1.362275006336,40.373624983679996,0.648912493376,19456
3.5700000000000003e-07,21.81975004992,1.363837506432,40.436124987519996,0.64734999328,19456
3.575e-07,21.77287504704,1.365400006528,40.498624991359996,0.648912493376,19456
3.58e-07,21.80412504896,1.366962506624,40.529874993279996,0.645787493184,19456
3.5850000000000004e-07,21.80412504896,1.36852500672,40.54549999424,0.644224993088,19456
3.59e-07,21.80412504896,1.366962506624,40.529874993279996,0.645787493184,19456
3.595e-07,21.77287504704,1.365400006528,40.54549999424,0.645787493184,19456
3.6000000000000005e-07,21.7103750432,1.366962506624,40.5611249952,0.644224993088,19456
3.6050000000000003e-07,21.7103750432,1.36852500672,40.54549999424,0.6395374927999999,19456
3.61e-07,21.72600004416,1.36852500672,40.451749988479996,0.6395374927999999,19456
3.615e-07,21.788500048,1.366962506624,40.373624983679996,0.644224993088,19456
3.6200000000000004e-07,21.88225005376,1.362275006336,40.342374981759995,0.645787493184,19456
3.625e-07,21.92912505664,1.36071250624,40.420499986559996,0.642662492992,19456
3.63e-07,21.96037505856,1.359150006144,40.451749988479996,0.642662492992,19456
3.6350000000000005e-07,21.91350005568,1.36071250624,40.451749988479996,0.642662492992,19456
3.6400000000000003e-07,21.8666250528,1.365400006528,40.420499986559996,0.645787493184,19456
3.645e-07,21.75725004608,1.36852500672,40.436124987519996,0.645787493184,19456
3.65e-07,21.74162504512,1.371650006912,40.482999990399996,0.645787493184,19456
3.6550000000000004e-07,21.72600004416,1.370087506816,40.5611249952,0.644224993088,19456
3.66e-07,21.72600004416,1.36852500672,40.57674999616,0.642662492992,19456
3.665e-07,21.69475004224,1.365400006528,40.57674999616,0.645787493184,19456
3.6700000000000004e-07,21.64787503936,1.363837506432,40.514249992319996,0.645787493184,19456
3.6750000000000003e-07,21.60100003648,1.362275006336,40.467374989439996,0.64734999328,19456
3.68e-07,21.6322500384,1.363837506432,40.482999990399996,0.644224993088,19456
3.685e-07,21.7103750432,1.366962506624,40.498624991359996,0.642662492992,19456
3.6900000000000004e-07,21.788500048,1.36852500672,40.482999990399996,0.6395374927999999,19456
3.695e-07,21.83537505088,1.366962506624,40.420499986559996,0.644224993088,19456
3.7e-07,21.788500048,1.365400006528,40.373624983679996,0.64734999328,19456
3.7050000000000004e-07,21.74162504512,1.365400006528,40.404874985599996,0.64734999328,18432
3.7100000000000003e-07,21.7103750432,1.362275006336,40.436124987519996,0.644224993088,18432
3.715e-07,21.74162504512,1.363837506432,40.514249992319996,0.642662492992,18432
3.7200000000000005e-07,21.80412504896,1.362275006336,40.54549999424,0.64734999328,18432
3.7250000000000003e-07,21.80412504896,1.36071250624,40.54549999424,0.652037493568,16384
3.73e-07,21.75725004608,1.363837506432,40.54549999424,0.653599993664,16384
3.735e-07,21.64787503936,1.365400006528,40.5611249952,0.65516249376,16384
3.7400000000000004e-07,21.60100003648,1.36852500672,40.5611249952,0.656724993856,16384
3.745e-07,21.56975003456,1.366962506624,40.5611249952,0.653599993664,16384
3.75e-07,21.61662503744,1.366962506624,40.482999990399996,0.653599993664,16384
3.7550000000000005e-07,21.67912504128,1.366962506624,40.451749988479996,0.652037493568,16384
3.7600000000000003e-07,21.69475004224,1.366962506624,40.451749988479996,0.650474993472,16384
3.765e-07,21.67912504128,1.363837506432,40.467374989439996,0.650474993472,16384
3.77e-07,21.64787503936,1.363837506432,40.498624991359996,0.64734999328,16384
3.7750000000000004e-07,21.60100003648,1.362275006336,40.498624991359996,0.645787493184,16384
3.78e-07,21.61662503744,1.36071250624,40.498624991359996,0.645787493184,16384
3.785e-07,21.66350004032,1.362275006336,40.54549999424,0.64734999328,16384
3.7900000000000005e-07,21.72600004416,1.362275006336,40.5611249952,0.652037493568,16384
3.7950000000000003e-07,21.788500048,1.362275006336,40.62362499904,0.653599993664,16384
3.8e-07,21.81975004992,1.362275006336,40.63925,0.652037493568,16384
3.805e-07,21.74162504512,1.365400006528,40.62362499904,0.652037493568,16384
3.8100000000000004e-07,21.64787503936,1.36852500672,40.59237499712,0.652037493568,16384
3.815e-07,21.53850003264,1.370087506816,40.5611249952,0.650474993472,16384
3.82e-07,21.491625029759998,1.366962506624,40.529874993279996,0.648912493376,16384
3.8250000000000004e-07,21.476000028799998,1.366962506624,40.57674999616,0.64734999328,16384
3.8300000000000003e-07,21.53850003264,1.363837506432,40.5611249952,0.64734999328,16384
3.835e-07,21.5541250336,1.365400006528,40.529874993279996,0.648912493376,16384
3.8400000000000005e-07,21.53850003264,1.366962506624,40.529874993279996,0.650474993472,16384
3.8450000000000004e-07,21.53850003264,1.370087506816,40.5611249952,0.652037493568,16384
3.85e-07,21.53850003264,1.36852500672,40.5611249952,0.650474993472,16384
3.855e-07,21.60100003648,1.370087506816,40.60799999808,0.650474993472,16384
3.8600000000000004e-07,21.66350004032,1.373212507008,40.62362499904,0.652037493568,16384
3.865e-07,21.69475004224,1.371650006912,40.65487500096,0.653599993664,16384
3.87e-07,21.64787503936,1.36852500672,40.63925,0.652037493568,16384
3.8750000000000005e-07,21.60100003648,1.365400006528,40.62362499904,0.652037493568,16384
3.8800000000000003e-07,21.56975003456,1.363837506432,40.59237499712,0.653599993664,16384
3.885e-07,21.53850003264,1.363837506432,40.5611249952,0.653599993664,16384
3.89e-07,21.53850003264,1.366962506624,40.529874993279996,0.650474993472,16384
3.8950000000000004e-07,21.53850003264,1.365400006528,40.514249992319996,0.650474993472,16384
3.9e-07,21.56975003456,1.363837506432,40.498624991359996,0.65516249376,16384
3.905e-07,21.5541250336,1.365400006528,40.529874993279996,0.65516249376,16384
3.9100000000000005e-07,21.5541250336,1.366962506624,40.54549999424,0.65516249376,16384
3.9150000000000003e-07,21.56975003456,1.366962506624,40.59237499712,0.652037493568,16384
3.92e-07,21.56975003456,1.36852500672,40.63925,0.650474993472,16384
3.925e-07,21.56975003456,1.370087506816,40.67050000192,0.65516249376,0
3.9300000000000004e-07,21.58537503552,1.371650006912,40.65487500096,0.65516249376,0
3.935e-07,21.56975003456,1.371650006912,40.67050000192,0.656724993856,0
3.94e-07,21.507250030719998,1.370087506816,40.65487500096,0.65516249376,0
3.9450000000000005e-07,21.444750026879998,1.370087506816,40.63925,0.652037493568,0
3.9500000000000003e-07,21.413500024959998,1.36852500672,40.59237499712,0.652037493568,0
3.955e-07,21.397875023999998,1.36852500672,40.529874993279996,0.652037493568,0
3.96e-07,21.444750026879998,1.365400006528,40.498624991359996,0.652037493568,256
3.9650000000000004e-07,21.476000028799998,1.365400006528,40.514249992319996,0.652037493568,256
3.97e-07,21.5541250336,1.366962506624,40.54549999424,0.650474993472,256
3.975e-07,21.53850003264,1.363837506432,40.5611249952,0.650474993472,256
3.9800000000000004e-07,21.522875031679998,1.366962506624,40.5611249952,0.650474993472,768
3.9850000000000003e-07,21.507250030719998,1.370087506816,40.60799999808,0.653599993664,768
3.99e-07,21.53850003264,1.36852500672,40.62362499904,0.65516249376,768
3.9950000000000005e-07,21.60100003648,1.366962506624,40.67050000192,0.65516249376,768
4.0000000000000003e-07,21.61662503744,1.366962506624,40.68612500288,0.653599993664,768
4.005e-07,21.58537503552,1.370087506816,40.68612500288,0.650474993472,768
4.01e-07,21.5541250336,1.370087506816,40.60799999808,0.650474993472,768
4.0150000000000004e-07,21.491625029759998,1.370087506816,40.59237499712,0.650474993472,768
4.02e-07,21.460375027839998,1.365400006528,40.57674999616,0.652037493568,768
4.025e-07,21.476000028799998,1.365400006528,40.59237499712,0.64734999328,768
4.0300000000000005e-07,21.476000028799998,1.366962506624,40.5611249952,0.648912493376,768
4.0350000000000003e-07,21.460375027839998,1.366962506624,40.529874993279996,0.648912493376,768
4.04e-07,21.476000028799998,1.365400006528,40.514249992319996,0.652037493568,768
4.045e-07,21.444750026879998,1.365400006528,40.529874993279996,0.650474993472,768
4.0500000000000004e-07,21.444750026879998,1.36852500672,40.59237499712,0.652037493568,768
4.055e-07,21.460375027839998,1.365400006528,40.63925,0.653599993664,768
4.06e-07,21.476000028799998,1.362275006336,40.63925,0.648912493376,768
4.0650000000000005e-07,21.444750026879998,1.365400006528,40.67050000192,0.64734999328,768
4.0700000000000003e-07,21.397875023999998,1.366962506624,40.65487500096,0.648912493376,768
4.075e-07,21.366625022079997,1.370087506816,40.65487500096,0.650474993472,768
4.08e-07,21.33537502016,1.370087506816,40.65487500096,0.652037493568,768
4.0850000000000004e-07,21.35100002112,1.370087506816,40.63925,0.648912493376,768
4.09e-07,21.413500024959998,1.366962506624,40.57674999616,0.644224993088,768
4.095e-07,21.476000028799998,1.366962506624,40.514249992319996,0.648912493376,768
4.1000000000000004e-07,21.460375027839998,1.366962506624,40.451749988479996,0.653599993664,768
4.1050000000000003e-07,21.429125025919998,1.36852500672,40.467374989439996,0.65516249376,768
4.11e-07,21.382250023039997,1.365400006528,40.482999990399996,0.65516249376,768
4.1150000000000005e-07,21.3197500192,1.36852500672,40.514249992319996,0.652037493568,768
4.1200000000000004e-07,21.366625022079997,1.36852500672,40.54549999424,0.648912493376,768
4.125e-07,21.429125025919998,1.366962506624,40.59237499712,0.648912493376,768
4.13e-07,21.476000028799998,1.36852500672,40.63925,0.653599993664,768
4.1350000000000004e-07,21.491625029759998,1.366962506624,40.67050000192,0.65516249376,768
4.1400000000000003e-07,21.444750026879998,1.366962506624,40.67050000192,0.65516249376,768
4.145e-07,21.366625022079997,1.36852500672,40.68612500288,0.653599993664,768
4.1500000000000005e-07,21.33537502016,1.370087506816,40.65487500096,0.653599993664,768
4.1550000000000003e-07,21.35100002112,1.373212507008,40.60799999808,0.653599993664,768
4.16e-07,21.366625022079997,1.371650006912,40.60799999808,0.652037493568,768
4.165e-07,21.413500024959998,1.371650006912,40.60799999808,0.652037493568,768
4.1700000000000004e-07,21.444750026879998,1.36852500672,40.57674999616,0.648912493376,768
4.175e-07,21.397875023999998,1.363837506432,40.5611249952,0.650474993472,768
4.18e-07,21.33537502016,1.363837506432,40.54549999424,0.64734999328,768
4.1850000000000005e-07,21.30412501824,1.366962506624,40.57674999616,0.645787493184,768
4.1900000000000003e-07,21.3197500192,1.36852500672,40.62362499904,0.645787493184,768
4.195e-07,21.33537502016,1.370087506816,40.68612500288,0.648912493376,768
4.2e-07,21.366625022079997,1.370087506816,40.68612500288,0.648912493376,8960
4.2050000000000004e-07,21.382250023039997,1.36852500672,40.73300000576,0.648912493376,8960
4.21e-07,21.397875023999998,1.366962506624,40.76425000768,0.644224993088,8960
4.215e-07,21.382250023039997,1.366962506624,40.77987500864,0.645787493184,8960
4.2200000000000005e-07,21.460375027839998,1.366962506624,40.73300000576,0.64734999328,8960
4.2250000000000003e-07,21.476000028799998,1.371650006912,40.7173750048,0.645787493184,8960
4.23e-07,21.444750026879998,1.371650006912,40.65487500096,0.64734999328,8960
4.235e-07,21.382250023039997,1.371650006912,40.57674999616,0.64734999328,8960
4.2400000000000004e-07,21.3197500192,1.371650006912,40.54549999424,0.648912493376,8960
4.245e-07,21.35100002112,1.370087506816,40.529874993279996,0.648912493376,8960
4.25e-07,21.429125025919998,1.365400006528,40.54549999424,0.644224993088,8960
4.2550000000000004e-07,21.460375027839998,1.365400006528,40.59237499712,0.64734999328,8960
4.2600000000000003e-07,21.444750026879998,1.366962506624,40.62362499904,0.648912493376,8960
4.265e-07,21.366625022079997,1.36852500672,40.68612500288,0.650474993472,8960
4.2700000000000005e-07,21.28850001728,1.36852500672,40.68612500288,0.653599993664,8960
4.2750000000000004e-07,21.2416250144,1.370087506816,40.73300000576,0.652037493568,8960
4.28e-07,21.27287501632,1.373212507008,40.76425000768,0.650474993472,8960
4.285e-07,21.35100002112,1.371650006912,40.76425000768,0.652037493568,8960
4.2900000000000004e-07,21.444750026879998,1.370087506816,40.7173750048,0.65516249376,8960
4.2950000000000003e-07,21.476000028799998,1.371650006912,40.67050000192,0.653599993664,8960
4.3e-07,21.491625029759998,1.370087506816,40.62362499904,0.652037493568,8960
4.3050000000000005e-07,21.476000028799998,1.370087506816,40.62362499904,0.648912493376,8960
4.3100000000000003e-07,21.444750026879998,1.370087506816,40.59237499712,0.650474993472,8960
4.315e-07,21.382250023039997,1.366962506624,40.57674999616,0.650474993472,8960
4.32e-07,21.35100002112,1.36852500672,40.57674999616,0.650474993472,8960
4.3250000000000004e-07,21.366625022079997,1.370087506816,40.59237499712,0.64734999328,8960
4.33e-07,21.413500024959998,1.370087506816,40.62362499904,0.64734999328,8960
4.335e-07,21.460375027839998,1.370087506816,40.70175000384,0.650474993472,8960
4.3400000000000005e-07,21.460375027839998,1.36852500672,40.7173750048,0.652037493568,8960
4.3450000000000003e-07,21.397875023999998,1.370087506816,40.74862500672,0.652037493568,8960
4.35e-07,21.33537502016,1.370087506816,40.68612500288,0.653599993664,8960
4.355e-07,21.3197500192,1.371650006912,40.68612500288,0.652037493568,8960
4.3600000000000004e-07,21.382250023039997,1.371650006912,40.70175000384,0.648912493376,8960
4.365e-07,21.460375027839998,1.370087506816,40.70175000384,0.64734999328,8960
4.37e-07,21.53850003264,1.36852500672,40.67050000192,0.645787493184,8960
4.3750000000000005e-07,21.5541250336,1.365400006528,40.59237499712,0.645787493184,8960
4.3800000000000003e-07,21.522875031679998,1.366962506624,40.529874993279996,0.64734999328,8960
4.385e-07,21.460375027839998,1.365400006528,40.5611249952,0.645787493184,8960
4.3900000000000005e-07,21.444750026879998,1.366962506624,40.57674999616,0.645787493184,8960
4.3950000000000004e-07,21.476000028799998,1.36852500672,40.62362499904,0.645787493184,8960
4.4e-07,21.522875031679998,1.36852500672,40.65487500096,0.64734999328,8960
4.405e-07,21.53850003264,1.370087506816,40.65487500096,0.648912493376,8960
4.4100000000000004e-07,21.491625029759998,1.366962506624,40.67050000192,0.645787493184,8960
4.4150000000000003e-07,21.429125025919998,1.366962506624,40.70175000384,0.644224993088,8960
4.42e-07,21.413500024959998,1.36852500672,40.7173750048,0.642662492992,8960
4.4250000000000005e-07,21.413500024959998,1.370087506816,40.7173750048,0.6395374927999999,8960
4.4300000000000004e-07,21.413500024959998,1.370087506816,40.63925,0.644224993088,8960
4.435e-07,21.460375027839998,1.371650006912,40.59237499712,0.645787493184,8960
4.44e-07,21.491625029759998,1.370087506816,40.5611249952,0.645787493184,8960
4.4450000000000004e-07,21.491625029759998,1.366962506624,40.5611249952,0.644224993088,8704
4.4500000000000003e-07,21.522875031679998,1.365400006528,40.59237499712,0.644224993088,8704
4.455e-07,21.5541250336,1.365400006528,40.57674999616,0.642662492992,8704
4.4600000000000005e-07,21.56975003456,1.36852500672,40.529874993279996,0.641099992896,8704
4.4650000000000003e-07,21.58537503552,1.371650006912,40.54549999424,0.641099992896,8192
4.47e-07,21.56975003456,1.370087506816,40.5611249952,0.645787493184,8192
4.475e-07,21.53850003264,1.370087506816,40.60799999808,0.645787493184,8192
4.4800000000000004e-07,21.53850003264,1.370087506816,40.63925,0.644224993088,8192
4.485e-07,21.5541250336,1.371650006912,40.63925,0.644224993088,8192
4.49e-07,21.56975003456,1.371650006912,40.59237499712,0.644224993088,8192
4.4950000000000005e-07,21.60100003648,1.370087506816,40.59237499712,0.645787493184,8192
4.5000000000000003e-07,21.61662503744,1.371650006912,40.62362499904,0.645787493184,8192
4.505e-07,21.60100003648,1.373212507008,40.65487500096,0.644224993088,8192
4.51e-07,21.522875031679998,1.370087506816,40.60799999808,0.642662492992,8192
4.5150000000000004e-07,21.476000028799998,1.36852500672,40.5611249952,0.641099992896,8192
4.52e-07,21.507250030719998,1.36852500672,40.514249992319996,0.642662492992,8192
4.525e-07,21.507250030719998,1.370087506816,40.529874993279996,0.641099992896,8192
4.5300000000000005e-07,21.58537503552,1.370087506816,40.529874993279996,0.642662492992,8192
4.5350000000000003e-07,21.64787503936,1.370087506816,40.529874993279996,0.642662492992,8192
4.54e-07,21.7103750432,1.370087506816,40.514249992319996,0.642662492992,8192
4.5450000000000005e-07,21.69475004224,1.371650006912,40.514249992319996,0.645787493184,8192
4.5500000000000004e-07,21.67912504128,1.370087506816,40.529874993279996,0.648912493376,8192
4.555e-07,21.64787503936,1.371650006912,40.57674999616,0.650474993472,8192
4.56e-07,21.6322500384,1.370087506816,40.62362499904,0.64734999328,8192
4.5650000000000004e-07,21.64787503936,1.370087506816,40.63925,0.645787493184,8192
4.5700000000000003e-07,21.66350004032,1.36852500672,40.62362499904,0.641099992896,8192
4.575e-07,21.67912504128,1.366962506624,40.62362499904,0.644224993088,8192
4.5800000000000005e-07,21.66350004032,1.36852500672,40.59237499712,0.64734999328,8192
4.5850000000000004e-07,21.61662503744,1.36852500672,40.60799999808,0.644224993088,8192
4.59e-07,21.56975003456,1.36852500672,40.57674999616,0.644224993088,8192
4.595e-07,21.5541250336,1.370087506816,40.54549999424,0.642662492992,8192
4.6000000000000004e-07,21.60100003648,1.366962506624,40.514249992319996,0.644224993088,8192
4.6050000000000003e-07,21.61662503744,1.365400006528,40.498624991359996,0.644224993088,8192
4.61e-07,21.64787503936,1.366962506624,40.482999990399996,0.645787493184,8192
4.6150000000000005e-07,21.6322500384,1.366962506624,40.498624991359996,0.642662492992,8192
4.6200000000000003e-07,21.6322500384,1.366962506624,40.498624991359996,0.6395374927999999,8192
4.625e-07,21.60100003648,1.366962506624,40.498624991359996,0.641099992896,8192
4.63e-07,21.61662503744,1.36852500672,40.498624991359996,0.645787493184,8192
4.6350000000000004e-07,21.64787503936,1.365400006528,40.514249992319996,0.644224993088,8192
4.64e-07,21.67912504128,1.36071250624,40.57674999616,0.645787493184,8192
4.645e-07,21.7103750432,1.362275006336,40.59237499712,0.645787493184,8192
4.6500000000000005e-07,21.72600004416,1.363837506432,40.59237499712,0.642662492992,8192
4.6550000000000003e-07,21.69475004224,1.366962506624,40.59237499712,0.642662492992,8192
4.66e-07,21.6322500384,1.36852500672,40.5611249952,0.642662492992,8192
4.6650000000000005e-07,21.58537503552,1.365400006528,40.5611249952,0.641099992896,8192
4.6700000000000004e-07,21.56975003456,1.363837506432,40.514249992319996,0.642662492992,0
4.675e-07,21.58537503552,1.363837506432,40.482999990399996,0.642662492992,0
4.68e-07,21.61662503744,1.362275006336,40.420499986559996,0.645787493184,0
4.6850000000000005e-07,21.66350004032,1.363837506432,40.404874985599996,0.645787493184,0
4.6900000000000003e-07,21.72600004416,1.365400006528,40.436124987519996,0.642662492992,0
4.695e-07,21.74162504512,1.365400006528,40.482999990399996,0.644224993088,0
4.7000000000000005e-07,21.75725004608,1.366962506624,40.54549999424,0.642662492992,1024
4.7050000000000004e-07,21.72600004416,1.371650006912,40.60799999808,0.6395374927999999,1024
4.71e-07,21.64787503936,1.36852500672,40.60799999808,0.6379749927039999,1024
4.715e-07,21.60100003648,1.365400006528,40.62362499904,0.641099992896,1024
4.7200000000000004e-07,21.60100003648,1.36071250624,40.63925,0.644224993088,3072
4.7250000000000003e-07,21.64787503936,1.362275006336,40.62362499904,0.645787493184,3072
4.73e-07,21.69475004224,1.363837506432,40.529874993279996,0.642662492992,3072
4.7350000000000005e-07,21.75725004608,1.363837506432,40.467374989439996,0.642662492992,3072
4.7400000000000004e-07,21.77287504704,1.362275006336,40.404874985599996,0.642662492992,3072
4.745e-07,21.77287504704,1.363837506432,40.420499986559996,0.642662492992,3072
4.75e-07,21.75725004608,1.363837506432,40.420499986559996,0.642662492992,3072
4.7550000000000004e-07,21.74162504512,1.362275006336,40.436124987519996,0.6395374927999999,3072
4.7600000000000003e-07,21.72600004416,1.36071250624,40.467374989439996,0.642662492992,3072
4.765e-07,21.72600004416,1.36071250624,40.498624991359996,0.641099992896,3072
4.77e-07,21.75725004608,1.365400006528,40.529874993279996,0.6395374927999999,3072
4.775e-07,21.72600004416,1.366962506624,40.5611249952,0.6395374927999999,3072
4.78e-07,21.69475004224,1.370087506816,40.57674999616,0.642662492992,3072
4.785000000000001e-07,21.66350004032,1.373212507008,40.63925,0.644224993088,3072
4.79e-07,21.6322500384,1.371650006912,40.62362499904,0.644224993088,3072
4.795e-07,21.66350004032,1.36852500672,40.59237499712,0.645787493184,3072
4.800000000000001e-07,21.66350004032,1.366962506624,40.57674999616,0.645787493184,3072
4.805e-07,21.66350004032,1.36852500672,40.514249992319996,0.645787493184,3072
4.81e-07,21.67912504128,1.370087506816,40.451749988479996,0.642662492992,3072
4.815000000000001e-07,21.7103750432,1.365400006528,40.467374989439996,0.641099992896,3072
4.82e-07,21.7103750432,1.362275006336,40.436124987519996,0.6379749927039999,3072
4.825e-07,21.81975004992,1.362275006336,40.436124987519996,0.6379749927039999,3072
4.830000000000001e-07,21.85100005184,1.365400006528,40.404874985599996,0.642662492992,3072
4.835e-07,21.83537505088,1.36852500672,40.420499986559996,0.644224993088,3072
4.84e-07,21.85100005184,1.370087506816,40.436124987519996,0.642662492992,3072
4.845e-07,21.81975004992,1.366962506624,40.54549999424,0.641099992896,3072
4.85e-07,21.83537505088,1.36852500672,40.59237499712,0.645787493184,3072
4.855e-07,21.88225005376,1.365400006528,40.60799999808,0.648912493376,3072
4.86e-07,21.85100005184,1.365400006528,40.5611249952,0.64734999328,3072
4.865e-07,21.75725004608,1.365400006528,40.54549999424,0.64734999328,3072
4.870000000000001e-07,21.72600004416,1.366962506624,40.498624991359996,0.645787493184,3072
4.875e-07,21.67912504128,1.363837506432,40.482999990399996,0.645787493184,3072
4.88e-07,21.72600004416,1.363837506432,40.482999990399996,0.64734999328,3072
4.885000000000001e-07,21.89787505472,1.365400006528,40.451749988479996,0.650474993472,3072
4.89e-07,21.99162506048,1.366962506624,40.389249984639996,0.64734999328,3072
4.895e-07,22.00725006144,1.365400006528,40.373624983679996,0.648912493376,3072
4.900000000000001e-07,21.91350005568,1.36071250624,40.404874985599996,0.645787493184,3072
4.905e-07,21.788500048,1.359150006144,40.498624991359996,0.642662492992,3072
4.91e-07,21.77287504704,1.363837506432,40.54549999424,0.642662492992,3072
4.915000000000001e-07,21.788500048,1.36852500672,40.54549999424,0.645787493184,3072
4.92e-07,21.83537505088,1.36852500672,40.54549999424,0.64734999328,3072
4.925e-07,21.83537505088,1.366962506624,40.5611249952,0.644224993088,3072
4.93e-07,21.788500048,1.365400006528,40.57674999616,0.642662492992,3072
4.935e-07,21.74162504512,1.36071250624,40.59237499712,0.641099992896,3072
4.940000000000001e-07,21.77287504704,1.36071250624,40.5611249952,0.641099992896,19456
4.945e-07,21.85100005184,1.365400006528,40.529874993279996,0.641099992896,19456
4.95e-07,21.88225005376,1.371650006912,40.467374989439996,0.6395374927999999,19456
4.955000000000001e-07,21.92912505664,1.370087506816,40.451749988479996,0.642662492992,19456
4.96e-07,21.88225005376,1.365400006528,40.451749988479996,0.6395374927999999,19456
4.965e-07,21.8666250528,1.362275006336,40.436124987519996,0.641099992896,19456
4.970000000000001e-07,21.88225005376,1.362275006336,40.404874985599996,0.642662492992,19456
4.975e-07,21.88225005376,1.362275006336,40.373624983679996,0.645787493184,19456
4.98e-07,21.8666250528,1.362275006336,40.389249984639996,0.644224993088,19456
4.985000000000001e-07,21.88225005376,1.365400006528,40.498624991359996,0.644224993088,19456
4.99e-07,21.8666250528,1.366962506624,40.5611249952,0.642662492992,19456
4.995e-07,21.89787505472,1.366962506624,40.60799999808,0.642662492992,19456
