Time (s),V_TANK_IN,I_PRI,V_TANK_OUT,I_SEC
0.0,-62.500024319999994,-1.2500000768000001,37.5000064,-0.8749992959999995
5e-10,-65.625024,-1.2500000768000001,34.37500672,-0.8124993024
1e-09,-65.625024,-1.2500000768000001,31.25000704,-0.8124993024
1.5000000000000002e-09,-62.500024319999994,-1.2500000768000001,40.62500608,-0.7499993087999997
2e-09,-62.500024319999994,-1.2500000768000001,34.37500672,-0.7499993087999997
2.5e-09,-62.500024319999994,-1.3125000704,37.5000064,-0.7499993087999997
3.0000000000000004e-09,-65.625024,-1.2500000768000001,34.37500672,-0.6874993152000002
3.5000000000000003e-09,-62.500024319999994,-1.1875000832,37.5000064,-0.6249993215999998
4e-09,-65.625024,-1.3125000704,37.5000064,-0.6249993215999998
4.500000000000001e-09,-62.500024319999994,-1.2500000768000001,37.5000064,-0.6249993215999998
5e-09,-62.500024319999994,-1.1875000832,34.37500672,-0.5624993279999995
5.5000000000000004e-09,-62.500024319999994,-1.1875000832,40.62500608,-0.6249993215999998
6.000000000000001e-09,-65.625024,-1.2500000768000001,40.62500608,-0.5624993279999995
6.5e-09,-65.625024,-1.2500000768000001,40.62500608,-0.4999993344
7.000000000000001e-09,-62.500024319999994,-1.2500000768000001,37.5000064,-0.43749934079999964
7.500000000000001e-09,-65.625024,-1.1250000896,37.5000064,-0.4999993344
8e-09,-62.500024319999994,-1.2500000768000001,34.37500672,-0.43749934079999964
8.5e-09,-65.625024,-1.3125000704,34.37500672,-0.43749934079999964
9.000000000000001e-09,-62.500024319999994,-1.1875000832,34.37500672,-0.4999993344
9.5e-09,-62.500024319999994,-1.1875000832,37.5000064,-0.37499934720000017
1e-08,-62.500024319999994,-1.1875000832,34.37500672,-0.3124993535999998
1.0500000000000001e-08,-65.625024,-1.1875000832,31.25000704,-0.3124993535999998
1.1000000000000001e-08,-68.75002368,-1.1875000832,31.25000704,-0.24999935999999945
1.15e-08,-59.37502463999999,-1.062500096,28.125007359999998,-0.24999935999999945
1.2000000000000002e-08,-65.625024,-1.1250000896,25.000007679999996,-0.18749936639999998
1.2500000000000001e-08,-59.37502463999999,-1.1875000832,25.000007679999996,-0.18749936639999998
1.3e-08,-62.500024319999994,-1.062500096,18.750008319999992,-0.18749936639999998
1.35e-08,-65.625024,-1.062500096,25.000007679999996,-0.12499937279999962
1.4000000000000001e-08,-62.500024319999994,-1.062500096,18.750008319999992,-0.12499937279999962
1.45e-08,-62.500024319999994,-1.062500096,15.62500863999999,-0.12499937279999962
1.5000000000000002e-08,-62.500024319999994,-1.062500096,12.500008960000002,-0.06249937920000015
1.55e-08,-62.500024319999994,-1.062500096,12.500008960000002,-0.06249937920000015
1.6e-08,-62.500024319999994,-1.062500096,9.37500928,6.14400000209514e-07
1.6500000000000002e-08,-62.500024319999994,-1.0000001024,6.2500095999999985,6.14400000209514e-07
1.7e-08,-62.500024319999994,-1.0000001024,1.0239999994610116e-05,6.14400000209514e-07
1.75e-08,-62.500024319999994,-1.0000001024,1.0239999994610116e-05,0.06250060800000057
1.8000000000000002e-08,-62.500024319999994,-0.9375001088000001,-6.249989120000009,0.06250060800000057
1.85e-08,-65.625024,-1.0000001024,-9.374988800000011,0.12500060160000004
1.9e-08,-59.37502463999999,-0.9375001088000001,-9.374988800000011,0.12500060160000004
1.9500000000000003e-08,-59.37502463999999,-0.8750001152,-12.499988480000013,0.1875005952000004
2e-08,-62.500024319999994,-0.9375001088000001,-15.624988160000001,0.1875005952000004
2.05e-08,-56.25002495999999,-0.9375001088000001,-18.749987840000003,0.25000058879999987
2.1000000000000003e-08,-56.25002495999999,-0.8750001152,-24.999987200000007,0.3125005824000002
2.15e-08,-56.25002495999999,-0.8750001152,-24.999987200000007,0.3750005760000006
2.2000000000000002e-08,-59.37502463999999,-0.8125001216000001,-28.124986879999994,0.3125005824000002
2.2500000000000003e-08,-56.25002495999999,-0.8750001152,-31.249986559999996,0.3750005760000006
2.3e-08,-53.12502527999999,-0.8125001216000001,-31.249986559999996,0.3750005760000006
2.3500000000000002e-08,-53.12502527999999,-0.8125001216000001,-37.49998592,0.3750005760000006
2.4000000000000003e-08,-50.00002559999999,-0.8125001216000001,-43.749985280000004,0.3750005760000006
2.45e-08,-50.00002559999999,-0.7500001279999999,-43.749985280000004,0.3750005760000006
2.5000000000000002e-08,-46.875025919999985,-0.7500001279999999,-49.99998464000001,0.43750056960000006
2.55e-08,-46.875025919999985,-0.6875001344,-46.874984960000006,0.43750056960000006
2.6e-08,-46.875025919999985,-0.6875001344,-49.99998464000001,0.5000005632000004
2.6500000000000002e-08,-43.75002624000001,-0.6875001344,-49.99998464000001,0.5000005632000004
2.7e-08,-40.62502655999998,-0.6875001344,-56.24998400000001,0.5000005632000004
2.75e-08,-34.37502719999998,-0.5625001472,-53.12498432000001,0.5625005567999999
2.8000000000000003e-08,-34.37502719999998,-0.6250001408000001,-53.12498432000001,0.6250005504000002
2.85e-08,-31.250027520000003,-0.6875001344,-49.99998464000001,0.6250005504000002
2.9e-08,-31.250027520000003,-0.6250001408000001,-53.12498432000001,0.6250005504000002
2.9500000000000003e-08,-25.00002816,-0.5625001472,-46.874984960000006,0.6250005504000002
3.0000000000000004e-08,-18.750028799999995,-0.5625001472,-49.99998464000001,0.6250005504000002
3.05e-08,-18.750028799999995,-0.5625001472,-49.99998464000001,0.6875005440000006
3.1e-08,-12.500029439999992,-0.5625001472,-46.874984960000006,0.6875005440000006
3.1500000000000004e-08,-9.375029759999961,-0.5000001536,-46.874984960000006,0.6875005440000006
3.2e-08,-6.250030079999988,-0.5000001536,-49.99998464000001,0.6875005440000006
3.25e-08,-9.375029759999961,-0.5000001536,-46.874984960000006,0.7500005376000001
3.3000000000000004e-08,-6.250030079999988,-0.43750016000000014,-49.99998464000001,0.7500005376000001
3.35e-08,-3.1250303999999574,-0.3750001664,-43.749985280000004,0.8125005312000004
3.4e-08,3.1249689599999897,-0.3125001728000001,-49.99998464000001,0.8125005312000004
3.4500000000000005e-08,3.1249689599999897,-0.3750001664,-46.874984960000006,0.8750005247999999
3.5e-08,6.24996864000002,-0.3750001664,-53.12498432000001,0.8125005312000004
3.55e-08,12.499968000000024,-0.25000017920000017,-46.874984960000006,0.8750005247999999
3.6000000000000005e-08,12.499968000000024,-0.3125001728000001,-49.99998464000001,0.9375005184000003
3.65e-08,15.624967679999997,-0.18750018560000004,-49.99998464000001,0.9375005184000003
3.7e-08,15.624967679999997,-0.18750018560000004,-53.12498432000001,0.8750005247999999
3.7500000000000005e-08,18.749967360000028,-0.12500019200000012,-49.99998464000001,0.8750005247999999
3.8e-08,18.749967360000028,-0.12500019200000012,-53.12498432000001,0.9375005184000003
3.85e-08,18.749967360000028,-0.12500019200000012,-56.24998400000001,0.9375005184000003
3.9000000000000005e-08,24.99996672000003,-0.12500019200000012,-49.99998464000001,1.0625005056
3.95e-08,21.87496704,-0.06250019839999998,-53.12498432000001,1.0000005119999997
4e-08,24.99996672000003,-0.06250019839999998,-56.24998400000001,0.9375005184000003
4.0500000000000005e-08,24.99996672000003,-2.04800000069838e-07,-56.24998400000001,1.0625005056
4.1e-08,24.99996672000003,-2.04800000069838e-07,-59.374983680000014,1.0000005119999997
4.15e-08,28.124966400000005,0.062499788799999845,-53.12498432000001,1.0625005056
4.2000000000000006e-08,28.124966400000005,0.062499788799999845,-56.24998400000001,1.0625005056
4.2500000000000003e-08,31.249966080000036,0.062499788799999845,-53.12498432000001,1.1250004992000004
4.3e-08,31.249966080000036,0.062499788799999845,-56.24998400000001,1.0625005056
4.3500000000000006e-08,31.249966080000036,0.12499978239999976,-49.99998464000001,1.1250004992000004
4.4000000000000004e-08,28.124966400000005,0.18749977600000012,-49.99998464000001,1.0625005056
4.45e-08,34.37496576000001,0.18749977600000012,-53.12498432000001,1.1250004992000004
4.5000000000000006e-08,34.37496576000001,0.18749977600000012,-53.12498432000001,1.1250004992000004
4.5500000000000004e-08,34.37496576000001,0.18749977600000012,-46.874984960000006,1.1250004992000004
4.6e-08,34.37496576000001,0.24999976960000003,-49.99998464000001,1.1875004928
4.6500000000000006e-08,37.49996544000004,0.24999976960000003,-49.99998464000001,1.1875004928
4.7000000000000004e-08,37.49996544000004,0.37499975679999986,-46.874984960000006,1.2500004864000003
4.75e-08,37.49996544000004,0.37499975679999986,-43.749985280000004,1.1250004992000004
4.8000000000000006e-08,37.49996544000004,0.31249976319999995,-46.874984960000006,1.1875004928
4.8500000000000004e-08,34.37496576000001,0.4374997503999998,-46.874984960000006,1.1875004928
4.9e-08,37.49996544000004,0.37499975679999986,-49.99998464000001,1.1875004928
4.95e-08,37.49996544000004,0.4374997503999998,-43.749985280000004,1.1875004928
5.0000000000000004e-08,37.49996544000004,0.4374997503999998,-46.874984960000006,1.1875004928
5.05e-08,34.37496576000001,0.49999974400000013,-49.99998464000001,1.2500004864000003
5.1e-08,37.49996544000004,0.49999974400000013,-53.12498432000001,1.1875004928
5.1500000000000005e-08,40.62496512000001,0.49999974400000013,-49.99998464000001,1.1875004928
5.2e-08,37.49996544000004,0.5624997376,-49.99998464000001,1.2500004864000003
5.25e-08,43.74996480000004,0.5624997376,-49.99998464000001,1.2500004864000003
5.3000000000000005e-08,40.62496512000001,0.6249997312,-53.12498432000001,1.1875004928
5.35e-08,40.62496512000001,0.6874997247999999,-46.874984960000006,1.1875004928
5.4e-08,40.62496512000001,0.6249997312,-49.99998464000001,1.1875004928
5.4500000000000005e-08,40.62496512000001,0.6874997247999999,-49.99998464000001,1.2500004864000003
5.5e-08,40.62496512000001,0.6249997312,-46.874984960000006,1.2500004864000003
5.55e-08,40.62496512000001,0.6874997247999999,-46.874984960000006,1.1875004928
5.6000000000000005e-08,40.62496512000001,0.6874997247999999,-53.12498432000001,1.1875004928
5.65e-08,37.49996544000004,0.6874997247999999,-53.12498432000001,1.1250004992000004
5.7e-08,37.49996544000004,0.7499997183999998,-49.99998464000001,1.1875004928
5.7500000000000005e-08,34.37496576000001,0.8124997119999997,-46.874984960000006,1.1875004928
5.8e-08,34.37496576000001,0.8124997119999997,-49.99998464000001,1.1875004928
5.85e-08,34.37496576000001,0.8124997119999997,-49.99998464000001,1.1875004928
5.9000000000000006e-08,37.49996544000004,0.8124997119999997,-46.874984960000006,1.1875004928
5.9500000000000003e-08,40.62496512000001,0.8124997119999997,-49.99998464000001,1.1250004992000004
6.000000000000001e-08,37.49996544000004,0.8124997119999997,-46.874984960000006,1.2500004864000003
6.05e-08,40.62496512000001,0.8124997119999997,-46.874984960000006,1.1875004928
6.1e-08,37.49996544000004,0.8749997056000001,-46.874984960000006,1.1250004992000004
6.15e-08,37.49996544000004,0.9374996992,-43.749985280000004,1.1875004928
6.2e-08,37.49996544000004,0.9374996992,-43.749985280000004,1.1875004928
6.250000000000001e-08,37.49996544000004,0.9374996992,-43.749985280000004,1.1875004928
6.300000000000001e-08,37.49996544000004,0.8749997056000001,-43.749985280000004,1.1875004928
6.35e-08,37.49996544000004,0.9999996927999999,-43.749985280000004,1.1250004992000004
6.4e-08,37.49996544000004,0.9999996927999999,-49.99998464000001,1.1250004992000004
6.45e-08,37.49996544000004,0.9999996927999999,-46.874984960000006,1.1250004992000004
6.5e-08,37.49996544000004,0.9999996927999999,-46.874984960000006,1.0625005056
6.55e-08,34.37496576000001,0.9999996927999999,-46.874984960000006,1.0625005056
6.600000000000001e-08,34.37496576000001,0.9999996927999999,-46.874984960000006,1.0625005056
6.65e-08,34.37496576000001,0.9999996927999999,-46.874984960000006,1.0000005119999997
6.7e-08,37.49996544000004,0.9999996927999999,-49.99998464000001,1.0000005119999997
6.75e-08,40.62496512000001,1.0624996863999998,-49.99998464000001,0.9375005184000003
6.8e-08,37.49996544000004,1.0624996863999998,-49.99998464000001,1.0000005119999997
6.85e-08,40.62496512000001,1.0624996863999998,-49.99998464000001,0.9375005184000003
6.900000000000001e-08,40.62496512000001,0.9999996927999999,-56.24998400000001,0.9375005184000003
6.950000000000001e-08,37.49996544000004,1.0624996863999998,-49.99998464000001,0.8750005247999999
7e-08,37.49996544000004,1.1249996799999997,-49.99998464000001,0.8750005247999999
7.05e-08,40.62496512000001,1.0624996863999998,-49.99998464000001,0.8750005247999999
7.1e-08,40.62496512000001,1.1249996799999997,-46.874984960000006,0.8750005247999999
7.15e-08,40.62496512000001,1.1249996799999997,-46.874984960000006,0.8125005312000004
7.200000000000001e-08,40.62496512000001,1.0624996863999998,-46.874984960000006,0.8125005312000004
7.250000000000001e-08,37.49996544000004,1.1249996799999997,-49.99998464000001,0.7500005376000001
7.3e-08,37.49996544000004,1.1249996799999997,-49.99998464000001,0.7500005376000001
7.35e-08,40.62496512000001,1.0624996863999998,-43.749985280000004,0.8125005312000004
7.4e-08,37.49996544000004,1.1249996799999997,-46.874984960000006,0.7500005376000001
7.45e-08,40.62496512000001,1.1249996799999997,-46.874984960000006,0.6875005440000006
7.500000000000001e-08,37.49996544000004,1.1249996799999997,-46.874984960000006,0.7500005376000001
7.550000000000001e-08,43.74996480000004,1.1874996736,-46.874984960000006,0.7500005376000001
7.6e-08,37.49996544000004,1.1249996799999997,-43.749985280000004,0.6875005440000006
7.65e-08,40.62496512000001,1.1249996799999997,-46.874984960000006,0.6875005440000006
7.7e-08,40.62496512000001,1.1874996736,-46.874984960000006,0.6250005504000002
7.75e-08,40.62496512000001,1.0624996863999998,-40.6249856,0.6250005504000002
7.800000000000001e-08,40.62496512000001,1.0624996863999998,-43.749985280000004,0.5625005567999999
7.850000000000001e-08,40.62496512000001,1.0624996863999998,-43.749985280000004,0.5625005567999999
7.9e-08,43.74996480000004,1.0624996863999998,-43.749985280000004,0.6250005504000002
7.95e-08,40.62496512000001,1.1249996799999997,-40.6249856,0.5625005567999999
8e-08,40.62496512000001,1.0624996863999998,-43.749985280000004,0.3750005760000006
8.05e-08,40.62496512000001,1.0624996863999998,-43.749985280000004,0.43750056960000006
8.100000000000001e-08,43.74996480000004,1.0624996863999998,-46.874984960000006,0.3750005760000006
8.150000000000001e-08,40.62496512000001,1.0624996863999998,-40.6249856,0.3750005760000006
8.2e-08,40.62496512000001,1.0624996863999998,-43.749985280000004,0.3750005760000006
8.25e-08,40.62496512000001,1.0624996863999998,-43.749985280000004,0.3750005760000006
8.3e-08,43.74996480000004,1.0624996863999998,-40.6249856,0.3125005824000002
8.35e-08,40.62496512000001,1.0624996863999998,-40.6249856,0.25000058879999987
8.400000000000001e-08,37.49996544000004,0.9999996927999999,-37.49998592,0.25000058879999987
8.450000000000001e-08,40.62496512000001,0.9999996927999999,-37.49998592,0.25000058879999987
8.500000000000001e-08,40.62496512000001,1.0624996863999998,-37.49998592,0.1875005952000004
8.55e-08,40.62496512000001,0.9999996927999999,-28.124986879999994,0.1875005952000004
8.6e-08,40.62496512000001,0.9374996992,-28.124986879999994,0.1875005952000004
8.65e-08,40.62496512000001,0.9999996927999999,-31.249986559999996,0.12500060160000004
8.700000000000001e-08,43.74996480000004,0.9374996992,-28.124986879999994,0.12500060160000004
8.750000000000001e-08,40.62496512000001,0.9999996927999999,-21.874987520000005,6.14400000209514e-07
8.800000000000001e-08,40.62496512000001,0.8749997056000001,-18.749987840000003,6.14400000209514e-07
8.85e-08,37.49996544000004,0.9374996992,-18.749987840000003,6.14400000209514e-07
8.9e-08,40.62496512000001,0.8749997056000001,-18.749987840000003,-0.06249937920000015
8.95e-08,37.49996544000004,0.8749997056000001,-12.499988480000013,6.14400000209514e-07
9.000000000000001e-08,37.49996544000004,0.8749997056000001,-12.499988480000013,6.14400000209514e-07
9.050000000000001e-08,40.62496512000001,0.8749997056000001,-9.374988800000011,-0.12499937279999962
9.100000000000001e-08,37.49996544000004,0.8749997056000001,-6.249989120000009,-0.18749936639999998
9.15e-08,40.62496512000001,0.8749997056000001,-3.1249894400000073,-0.12499937279999962
9.2e-08,34.37496576000001,0.8124997119999997,1.0239999994610116e-05,-0.18749936639999998
9.25e-08,40.62496512000001,0.8124997119999997,1.0239999994610116e-05,-0.18749936639999998
9.300000000000001e-08,40.62496512000001,0.8124997119999997,3.1250099199999966,-0.24999935999999945
9.350000000000001e-08,37.49996544000004,0.8124997119999997,12.500008960000002,-0.24999935999999945
9.400000000000001e-08,40.62496512000001,0.7499997183999998,12.500008960000002,-0.3124993535999998
9.45e-08,37.49996544000004,0.7499997183999998,15.62500863999999,-0.3124993535999998
9.5e-08,37.49996544000004,0.6874997247999999,18.750008319999992,-0.3124993535999998
9.55e-08,37.49996544000004,0.6874997247999999,25.000007679999996,-0.3124993535999998
9.600000000000001e-08,37.49996544000004,0.6249997312,25.000007679999996,-0.43749934079999964
9.650000000000001e-08,31.249966080000036,0.6249997312,28.125007359999998,-0.37499934720000017
9.700000000000001e-08,31.249966080000036,0.6874997247999999,28.125007359999998,-0.43749934079999964
9.75e-08,28.124966400000005,0.6249997312,37.5000064,-0.43749934079999964
9.8e-08,28.124966400000005,0.6249997312,37.5000064,-0.43749934079999964
9.85e-08,24.99996672000003,0.5624997376,37.5000064,-0.43749934079999964
9.9e-08,21.87496704,0.6249997312,43.75000575999999,-0.5624993279999995
9.950000000000001e-08,21.87496704,0.5624997376,40.62500608,-0.4999993344
1.0000000000000001e-07,18.749967360000028,0.5624997376,43.75000575999999,-0.5624993279999995
1.005e-07,18.749967360000028,0.5624997376,43.75000575999999,-0.4999993344
1.01e-07,12.499968000000024,0.5624997376,43.75000575999999,-0.5624993279999995
1.015e-07,9.374968319999994,0.49999974400000013,46.875005439999995,-0.6249993215999998
1.02e-07,9.374968319999994,0.49999974400000013,46.875005439999995,-0.6874993152000002
1.0250000000000001e-07,6.24996864000002,0.49999974400000013,43.75000575999999,-0.6249993215999998
1.0300000000000001e-07,3.1249689599999897,0.37499975679999986,46.875005439999995,-0.6249993215999998
1.0350000000000001e-07,-3.071999998383035e-05,0.4374997503999998,46.875005439999995,-0.6874993152000002
1.04e-07,-3.1250303999999574,0.4374997503999998,43.75000575999999,-0.7499993087999997
1.045e-07,-6.250030079999988,0.37499975679999986,40.62500608,-0.7499993087999997
1.05e-07,-9.375029759999961,0.37499975679999986,40.62500608,-0.7499993087999997
1.0550000000000001e-07,-15.625029119999965,0.31249976319999995,43.75000575999999,-0.7499993087999997
1.0600000000000001e-07,-18.750028799999995,0.31249976319999995,40.62500608,-0.8124993024
1.0650000000000001e-07,-18.750028799999995,0.24999976960000003,43.75000575999999,-0.8124993024
1.07e-07,-15.625029119999965,0.24999976960000003,43.75000575999999,-0.8124993024
1.075e-07,-25.00002816,0.31249976319999995,43.75000575999999,-0.8749992959999995
1.08e-07,-31.250027520000003,0.24999976960000003,43.75000575999999,-0.8749992959999995
1.0850000000000001e-07,-31.250027520000003,0.18749977600000012,40.62500608,-0.8749992959999995
1.0900000000000001e-07,-34.37502719999998,0.18749977600000012,40.62500608,-0.9374992895999998
1.0950000000000001e-07,-34.37502719999998,0.18749977600000012,46.875005439999995,-0.9374992895999998
1.1e-07,-37.50002688000001,0.12499978239999976,43.75000575999999,-0.9374992895999998
1.105e-07,-37.50002688000001,0.062499788799999845,43.75000575999999,-0.8749992959999995
1.11e-07,-40.62502655999998,0.062499788799999845,46.875005439999995,-0.9374992895999998
1.1150000000000001e-07,-46.875025919999985,0.062499788799999845,46.875005439999995,-0.9999992831999993
1.1200000000000001e-07,-43.75002624000001,-2.04800000069838e-07,46.875005439999995,-0.9999992831999993
1.1250000000000001e-07,-46.875025919999985,0.062499788799999845,46.875005439999995,-0.9999992831999993
1.13e-07,-46.875025919999985,-2.04800000069838e-07,43.75000575999999,-1.0624992767999997
1.135e-07,-50.00002559999999,-2.04800000069838e-07,50.00000512,-0.9999992831999993
1.14e-07,-53.12502527999999,-2.04800000069838e-07,50.00000512,-0.9999992831999993
1.1450000000000001e-07,-53.12502527999999,-0.12500019200000012,50.00000512,-0.9999992831999993
1.1500000000000001e-07,-53.12502527999999,-0.12500019200000012,46.875005439999995,-1.0624992767999997
1.1550000000000001e-07,-50.00002559999999,-0.12500019200000012,46.875005439999995,-1.0624992767999997
1.16e-07,-56.25002495999999,-0.25000017920000017,43.75000575999999,-1.0624992767999997
1.165e-07,-53.12502527999999,-0.18750018560000004,43.75000575999999,-1.0624992767999997
1.17e-07,-56.25002495999999,-0.25000017920000017,43.75000575999999,-1.1249992704
1.1750000000000001e-07,-53.12502527999999,-0.3125001728000001,50.00000512,-1.1874992639999995
1.1800000000000001e-07,-56.25002495999999,-0.25000017920000017,46.875005439999995,-1.1249992704
1.1850000000000001e-07,-56.25002495999999,-0.3750001664,43.75000575999999,-1.1249992704
1.1900000000000001e-07,-56.25002495999999,-0.3125001728000001,43.75000575999999,-1.1249992704
1.195e-07,-56.25002495999999,-0.3750001664,46.875005439999995,-1.1874992639999995
1.2000000000000002e-07,-56.25002495999999,-0.3750001664,40.62500608,-1.2499992575999999
1.205e-07,-59.37502463999999,-0.3750001664,40.62500608,-1.3124992511999993
1.21e-07,-59.37502463999999,-0.43750016000000014,37.5000064,-1.3124992511999993
1.215e-07,-62.500024319999994,-0.43750016000000014,43.75000575999999,-1.2499992575999999
1.22e-07,-62.500024319999994,-0.5000001536,40.62500608,-1.2499992575999999
1.2250000000000002e-07,-62.500024319999994,-0.5000001536,43.75000575999999,-1.2499992575999999
1.23e-07,-65.625024,-0.5625001472,43.75000575999999,-1.2499992575999999
1.2350000000000001e-07,-62.500024319999994,-0.5625001472,43.75000575999999,-1.1874992639999995
1.24e-07,-65.625024,-0.6250001408000001,43.75000575999999,-1.1874992639999995
1.245e-07,-62.500024319999994,-0.6250001408000001,43.75000575999999,-1.1874992639999995
1.2500000000000002e-07,-62.500024319999994,-0.6250001408000001,40.62500608,-1.2499992575999999
1.255e-07,-62.500024319999994,-0.6250001408000001,46.875005439999995,-1.2499992575999999
1.2600000000000002e-07,-62.500024319999994,-0.6875001344,46.875005439999995,-1.1874992639999995
1.265e-07,-62.500024319999994,-0.6875001344,43.75000575999999,-1.1874992639999995
1.27e-07,-65.625024,-0.7500001279999999,43.75000575999999,-1.1874992639999995
1.275e-07,-65.625024,-0.7500001279999999,46.875005439999995,-1.1874992639999995
1.28e-07,-59.37502463999999,-0.8125001216000001,43.75000575999999,-1.3124992511999993
1.2850000000000002e-07,-65.625024,-0.8125001216000001,43.75000575999999,-1.2499992575999999
1.29e-07,-62.500024319999994,-0.8750001152,40.62500608,-1.3124992511999993
1.2950000000000001e-07,-62.500024319999994,-0.8750001152,46.875005439999995,-1.2499992575999999
1.3e-07,-62.500024319999994,-0.8125001216000001,43.75000575999999,-1.2499992575999999
1.305e-07,-65.625024,-0.9375001088000001,43.75000575999999,-1.1874992639999995
1.31e-07,-65.625024,-0.9375001088000001,43.75000575999999,-1.1874992639999995
1.315e-07,-62.500024319999994,-0.8750001152,40.62500608,-1.1874992639999995
1.3200000000000002e-07,-62.500024319999994,-0.9375001088000001,40.62500608,-1.2499992575999999
1.325e-07,-62.500024319999994,-0.9375001088000001,40.62500608,-1.1874992639999995
1.33e-07,-62.500024319999994,-0.9375001088000001,40.62500608,-1.1874992639999995
1.335e-07,-59.37502463999999,-1.0000001024,46.875005439999995,-1.1874992639999995
1.34e-07,-59.37502463999999,-1.0000001024,40.62500608,-1.1874992639999995
1.3450000000000002e-07,-59.37502463999999,-1.062500096,43.75000575999999,-1.1249992704
1.35e-07,-56.25002495999999,-1.1250000896,40.62500608,-1.1249992704
1.3550000000000002e-07,-59.37502463999999,-1.062500096,40.62500608,-1.1874992639999995
1.36e-07,-56.25002495999999,-1.0000001024,40.62500608,-1.1874992639999995
1.365e-07,-62.500024319999994,-1.062500096,40.62500608,-1.1874992639999995
1.37e-07,-59.37502463999999,-1.1250000896,34.37500672,-1.2499992575999999
1.375e-07,-59.37502463999999,-1.1875000832,40.62500608,-1.1249992704
1.3800000000000002e-07,-59.37502463999999,-1.1875000832,37.5000064,-1.1249992704
1.385e-07,-56.25002495999999,-1.1250000896,43.75000575999999,-1.1249992704
1.3900000000000001e-07,-59.37502463999999,-1.1250000896,40.62500608,-1.1249992704
1.395e-07,-56.25002495999999,-1.062500096,40.62500608,-1.0624992767999997
1.4e-07,-56.25002495999999,-1.1250000896,40.62500608,-1.1249992704
1.4050000000000002e-07,-56.25002495999999,-1.1875000832,43.75000575999999,-0.9999992831999993
1.41e-07,-59.37502463999999,-1.1250000896,40.62500608,-1.0624992767999997
1.4150000000000002e-07,-59.37502463999999,-1.1250000896,46.875005439999995,-1.0624992767999997
1.42e-07,-59.37502463999999,-1.1875000832,46.875005439999995,-1.0624992767999997
1.425e-07,-59.37502463999999,-1.1875000832,43.75000575999999,-0.9999992831999993
1.43e-07,-62.500024319999994,-1.2500000768000001,46.875005439999995,-0.9999992831999993
1.435e-07,-59.37502463999999,-1.1875000832,46.875005439999995,-0.9999992831999993
1.4400000000000002e-07,-59.37502463999999,-1.2500000768000001,43.75000575999999,-0.9999992831999993
1.445e-07,-62.500024319999994,-1.1875000832,40.62500608,-0.9999992831999993
1.4500000000000001e-07,-59.37502463999999,-1.2500000768000001,37.5000064,-0.9374992895999998
1.455e-07,-59.37502463999999,-1.2500000768000001,40.62500608,-0.9374992895999998
1.46e-07,-62.500024319999994,-1.2500000768000001,37.5000064,-0.8749992959999995
1.4650000000000002e-07,-62.500024319999994,-1.2500000768000001,40.62500608,-0.8749992959999995
1.47e-07,-65.625024,-1.1875000832,37.5000064,-0.8749992959999995
1.4750000000000002e-07,-62.500024319999994,-1.1875000832,40.62500608,-0.7499993087999997
1.48e-07,-68.75002368,-1.1875000832,37.5000064,-0.8124993024
1.485e-07,-62.500024319999994,-1.3125000704,37.5000064,-0.7499993087999997
1.49e-07,-62.500024319999994,-1.1875000832,37.5000064,-0.7499993087999997
1.495e-07,-62.500024319999994,-1.1875000832,40.62500608,-0.7499993087999997
1.5000000000000002e-07,-62.500024319999994,-1.2500000768000001,37.5000064,-0.7499993087999997
1.505e-07,-62.500024319999994,-1.2500000768000001,37.5000064,-0.6249993215999998
1.5100000000000002e-07,-62.500024319999994,-1.2500000768000001,37.5000064,-0.6249993215999998
1.515e-07,-65.625024,-1.2500000768000001,37.5000064,-0.6874993152000002
1.52e-07,-62.500024319999994,-1.3125000704,37.5000064,-0.6874993152000002
1.5250000000000002e-07,-65.625024,-1.1875000832,37.5000064,-0.6249993215999998
1.53e-07,-65.625024,-1.2500000768000001,34.37500672,-0.6249993215999998
1.5350000000000002e-07,-65.625024,-1.1875000832,40.62500608,-0.4999993344
1.54e-07,-62.500024319999994,-1.1875000832,37.5000064,-0.4999993344
1.5450000000000001e-07,-65.625024,-1.1875000832,40.62500608,-0.43749934079999964
1.55e-07,-65.625024,-1.1875000832,34.37500672,-0.43749934079999964
1.555e-07,-62.500024319999994,-1.1250000896,37.5000064,-0.43749934079999964
1.5600000000000002e-07,-68.75002368,-1.1875000832,37.5000064,-0.43749934079999964
1.565e-07,-62.500024319999994,-1.1875000832,34.37500672,-0.37499934720000017
1.5700000000000002e-07,-62.500024319999994,-1.1250000896,31.25000704,-0.37499934720000017
1.575e-07,-62.500024319999994,-1.1250000896,34.37500672,-0.3124993535999998
1.58e-07,-65.625024,-1.1875000832,34.37500672,-0.3124993535999998
1.5850000000000002e-07,-62.500024319999994,-1.1250000896,28.125007359999998,-0.24999935999999945
1.59e-07,-62.500024319999994,-1.1250000896,25.000007679999996,-0.24999935999999945
1.5950000000000002e-07,-59.37502463999999,-1.062500096,28.125007359999998,-0.24999935999999945
1.6e-07,-59.37502463999999,-1.1250000896,25.000007679999996,-0.18749936639999998
1.6050000000000001e-07,-62.500024319999994,-1.062500096,21.875007999999994,-0.18749936639999998
1.61e-07,-62.500024319999994,-1.062500096,18.750008319999992,-0.18749936639999998
1.615e-07,-62.500024319999994,-1.062500096,18.750008319999992,-0.12499937279999962
1.6200000000000002e-07,-62.500024319999994,-1.0000001024,12.500008960000002,-0.12499937279999962
1.625e-07,-62.500024319999994,-1.0000001024,15.62500863999999,-0.12499937279999962
1.6300000000000002e-07,-62.500024319999994,-1.062500096,12.500008960000002,-0.06249937920000015
1.635e-07,-62.500024319999994,-1.0000001024,6.2500095999999985,-0.06249937920000015
1.64e-07,-68.75002368,-1.0000001024,3.1250099199999966,0.06250060800000057
1.645e-07,-62.500024319999994,-1.062500096,1.0239999994610116e-05,0.12500060160000004
1.65e-07,-62.500024319999994,-1.0000001024,-3.1249894400000073,0.06250060800000057
1.6550000000000002e-07,-65.625024,-1.0000001024,1.0239999994610116e-05,0.06250060800000057
1.66e-07,-62.500024319999994,-1.0000001024,-6.249989120000009,0.12500060160000004
1.6650000000000002e-07,-62.500024319999994,-0.9375001088000001,-12.499988480000013,0.1875005952000004
1.67e-07,-59.37502463999999,-0.9375001088000001,-12.499988480000013,0.1875005952000004
1.675e-07,-62.500024319999994,-0.9375001088000001,-12.499988480000013,0.1875005952000004
1.6800000000000002e-07,-59.37502463999999,-0.9375001088000001,-18.749987840000003,0.12500060160000004
1.685e-07,-59.37502463999999,-0.8750001152,-24.999987200000007,0.1875005952000004
1.6900000000000002e-07,-56.25002495999999,-0.9375001088000001,-28.124986879999994,0.25000058879999987
1.695e-07,-56.25002495999999,-0.8750001152,-28.124986879999994,0.25000058879999987
1.7000000000000001e-07,-59.37502463999999,-0.8125001216000001,-31.249986559999996,0.3125005824000002
1.705e-07,-56.25002495999999,-0.8125001216000001,-34.37498624,0.3125005824000002
1.71e-07,-53.12502527999999,-0.8125001216000001,-40.6249856,0.3125005824000002
1.7150000000000002e-07,-50.00002559999999,-0.7500001279999999,-40.6249856,0.43750056960000006
1.72e-07,-50.00002559999999,-0.8125001216000001,-43.749985280000004,0.3750005760000006
1.7250000000000002e-07,-46.875025919999985,-0.8125001216000001,-46.874984960000006,0.5000005632000004
1.73e-07,-50.00002559999999,-0.6875001344,-53.12498432000001,0.43750056960000006
1.735e-07,-43.75002624000001,-0.6875001344,-49.99998464000001,0.43750056960000006
1.7400000000000002e-07,-43.75002624000001,-0.6875001344,-53.12498432000001,0.5000005632000004
1.745e-07,-37.50002688000001,-0.6875001344,-53.12498432000001,0.5625005567999999
1.7500000000000002e-07,-34.37502719999998,-0.6250001408000001,-49.99998464000001,0.6250005504000002
1.755e-07,-34.37502719999998,-0.6250001408000001,-49.99998464000001,0.5625005567999999
1.7600000000000001e-07,-28.125027839999973,-0.6250001408000001,-49.99998464000001,0.5625005567999999
1.765e-07,-28.125027839999973,-0.6250001408000001,-49.99998464000001,0.6250005504000002
1.77e-07,-25.00002816,-0.6250001408000001,-49.99998464000001,0.5625005567999999
1.7750000000000002e-07,-21.87502847999997,-0.6250001408000001,-46.874984960000006,0.5625005567999999
1.78e-07,-18.750028799999995,-0.5625001472,-49.99998464000001,0.6250005504000002
1.7850000000000002e-07,-18.750028799999995,-0.5000001536,-46.874984960000006,0.6875005440000006
1.79e-07,-12.500029439999992,-0.5000001536,-49.99998464000001,0.7500005376000001
1.795e-07,-6.250030079999988,-0.43750016000000014,-49.99998464000001,0.7500005376000001
1.8000000000000002e-07,-9.375029759999961,-0.43750016000000014,-49.99998464000001,0.7500005376000001
1.805e-07,-6.250030079999988,-0.5000001536,-46.874984960000006,0.7500005376000001
1.8100000000000002e-07,-3.1250303999999574,-0.3750001664,-53.12498432000001,0.6875005440000006
1.815e-07,-3.071999998383035e-05,-0.3750001664,-43.749985280000004,0.7500005376000001
1.8200000000000002e-07,3.1249689599999897,-0.3125001728000001,-46.874984960000006,0.7500005376000001
1.825e-07,6.24996864000002,-0.3125001728000001,-49.99998464000001,0.8750005247999999
1.83e-07,9.374968319999994,-0.3125001728000001,-46.874984960000006,0.8750005247999999
1.8350000000000002e-07,9.374968319999994,-0.25000017920000017,-43.749985280000004,0.8125005312000004
1.84e-07,15.624967679999997,-0.25000017920000017,-49.99998464000001,0.8750005247999999
1.8450000000000002e-07,15.624967679999997,-0.25000017920000017,-49.99998464000001,0.8750005247999999
1.85e-07,18.749967360000028,-0.18750018560000004,-53.12498432000001,0.8750005247999999
1.8550000000000001e-07,15.624967679999997,-0.18750018560000004,-49.99998464000001,0.9375005184000003
1.8600000000000002e-07,18.749967360000028,-0.12500019200000012,-53.12498432000001,0.9375005184000003
1.865e-07,21.87496704,-0.12500019200000012,-49.99998464000001,0.9375005184000003
1.8700000000000002e-07,21.87496704,-0.12500019200000012,-56.24998400000001,0.9375005184000003
1.875e-07,24.99996672000003,-0.06250019839999998,-56.24998400000001,1.0000005119999997
1.8800000000000002e-07,24.99996672000003,-0.06250019839999998,-56.24998400000001,1.0625005056
1.885e-07,28.124966400000005,-0.06250019839999998,-56.24998400000001,1.0625005056
1.89e-07,24.99996672000003,-2.04800000069838e-07,-56.24998400000001,1.0000005119999997
1.8950000000000002e-07,28.124966400000005,0.062499788799999845,-49.99998464000001,1.1250004992000004
1.9e-07,28.124966400000005,-2.04800000069838e-07,-56.24998400000001,1.0625005056
1.9050000000000002e-07,31.249966080000036,-2.04800000069838e-07,-56.24998400000001,1.1250004992000004
1.91e-07,31.249966080000036,0.062499788799999845,-49.99998464000001,1.1250004992000004
1.9150000000000001e-07,34.37496576000001,0.12499978239999976,-49.99998464000001,1.0000005119999997
1.9200000000000003e-07,37.49996544000004,0.062499788799999845,-53.12498432000001,1.0625005056
1.925e-07,34.37496576000001,0.18749977600000012,-53.12498432000001,1.1250004992000004
1.9300000000000002e-07,34.37496576000001,0.18749977600000012,-49.99998464000001,1.0625005056
1.935e-07,31.249966080000036,0.24999976960000003,-46.874984960000006,1.1250004992000004
1.9400000000000002e-07,31.249966080000036,0.31249976319999995,-46.874984960000006,1.1250004992000004
1.945e-07,34.37496576000001,0.24999976960000003,-46.874984960000006,1.2500004864000003
1.95e-07,37.49996544000004,0.31249976319999995,-49.99998464000001,1.1875004928
1.9550000000000002e-07,40.62496512000001,0.37499975679999986,-46.874984960000006,1.1250004992000004
1.96e-07,34.37496576000001,0.31249976319999995,-46.874984960000006,1.1875004928
1.9650000000000002e-07,37.49996544000004,0.4374997503999998,-46.874984960000006,1.2500004864000003
1.97e-07,34.37496576000001,0.4374997503999998,-49.99998464000001,1.1250004992000004
1.9750000000000001e-07,37.49996544000004,0.4374997503999998,-46.874984960000006,1.2500004864000003
1.98e-07,37.49996544000004,0.4374997503999998,-49.99998464000001,1.1875004928
1.985e-07,40.62496512000001,0.49999974400000013,-53.12498432000001,1.1875004928
1.9900000000000002e-07,37.49996544000004,0.49999974400000013,-46.874984960000006,1.1875004928
1.995e-07,37.49996544000004,0.6249997312,-46.874984960000006,1.1875004928
2.0000000000000002e-07,40.62496512000001,0.6249997312,-49.99998464000001,1.1875004928
2.005e-07,40.62496512000001,0.5624997376,-49.99998464000001,1.1875004928
2.01e-07,43.74996480000004,0.5624997376,-53.12498432000001,1.1875004928
2.0150000000000002e-07,40.62496512000001,0.6249997312,-49.99998464000001,1.1875004928
2.02e-07,37.49996544000004,0.6249997312,-49.99998464000001,1.1875004928
2.0250000000000002e-07,40.62496512000001,0.6874997247999999,-46.874984960000006,1.2500004864000003
2.03e-07,37.49996544000004,0.6249997312,-53.12498432000001,1.2500004864000003
2.0350000000000002e-07,40.62496512000001,0.7499997183999998,-49.99998464000001,1.1875004928
2.04e-07,34.37496576000001,0.7499997183999998,-46.874984960000006,1.2500004864000003
2.045e-07,37.49996544000004,0.7499997183999998,-46.874984960000006,1.2500004864000003
2.0500000000000002e-07,37.49996544000004,0.7499997183999998,-46.874984960000006,1.1250004992000004
2.055e-07,37.49996544000004,0.8124997119999997,-46.874984960000006,1.2500004864000003
2.0600000000000002e-07,37.49996544000004,0.7499997183999998,-43.749985280000004,1.1875004928
2.065e-07,40.62496512000001,0.8749997056000001,-49.99998464000001,1.1875004928
2.0700000000000001e-07,40.62496512000001,0.8124997119999997,-46.874984960000006,1.1875004928
2.0750000000000003e-07,40.62496512000001,0.8749997056000001,-43.749985280000004,1.0625005056
2.08e-07,40.62496512000001,0.8124997119999997,-49.99998464000001,1.1250004992000004
2.0850000000000002e-07,34.37496576000001,0.8749997056000001,-46.874984960000006,1.1875004928
2.09e-07,37.49996544000004,0.8124997119999997,-46.874984960000006,1.1875004928
2.0950000000000002e-07,34.37496576000001,0.8749997056000001,-43.749985280000004,1.1250004992000004
2.1e-07,34.37496576000001,0.9374996992,-43.749985280000004,1.1250004992000004
2.105e-07,34.37496576000001,0.9374996992,-43.749985280000004,1.1250004992000004
2.1100000000000002e-07,34.37496576000001,0.9374996992,-46.874984960000006,1.0625005056
2.115e-07,37.49996544000004,0.9999996927999999,-43.749985280000004,1.1250004992000004
2.1200000000000002e-07,31.249966080000036,0.9999996927999999,-43.749985280000004,1.0625005056
2.125e-07,37.49996544000004,0.9999996927999999,-46.874984960000006,1.1250004992000004
2.1300000000000001e-07,37.49996544000004,1.0624996863999998,-53.12498432000001,1.0000005119999997
2.1350000000000003e-07,37.49996544000004,0.9999996927999999,-46.874984960000006,1.0625005056
2.14e-07,37.49996544000004,0.9999996927999999,-46.874984960000006,1.0625005056
2.1450000000000002e-07,40.62496512000001,0.9999996927999999,-49.99998464000001,1.0000005119999997
2.15e-07,37.49996544000004,1.0624996863999998,-49.99998464000001,1.0625005056
2.1550000000000002e-07,37.49996544000004,1.0624996863999998,-49.99998464000001,1.0000005119999997
2.16e-07,40.62496512000001,1.0624996863999998,-53.12498432000001,1.0000005119999997
2.165e-07,34.37496576000001,1.0624996863999998,-53.12498432000001,1.0000005119999997
2.1700000000000002e-07,40.62496512000001,1.0624996863999998,-49.99998464000001,0.9375005184000003
2.175e-07,37.49996544000004,1.0624996863999998,-46.874984960000006,0.8750005247999999
2.1800000000000002e-07,34.37496576000001,1.1249996799999997,-49.99998464000001,0.9375005184000003
2.185e-07,37.49996544000004,1.0624996863999998,-46.874984960000006,0.9375005184000003
2.1900000000000002e-07,37.49996544000004,1.0624996863999998,-46.874984960000006,0.8750005247999999
2.1950000000000003e-07,43.74996480000004,1.1249996799999997,-46.874984960000006,0.8750005247999999
2.2e-07,37.49996544000004,1.0624996863999998,-46.874984960000006,0.8125005312000004
2.2050000000000002e-07,40.62496512000001,1.1249996799999997,-46.874984960000006,0.8125005312000004
2.21e-07,40.62496512000001,1.1249996799999997,-46.874984960000006,0.7500005376000001
2.2150000000000002e-07,40.62496512000001,1.1249996799999997,-40.6249856,0.7500005376000001
2.22e-07,37.49996544000004,1.0624996863999998,-40.6249856,0.6875005440000006
2.2250000000000001e-07,40.62496512000001,0.9999996927999999,-43.749985280000004,0.7500005376000001
2.2300000000000002e-07,37.49996544000004,1.1249996799999997,-43.749985280000004,0.6875005440000006
2.235e-07,37.49996544000004,1.1249996799999997,-40.6249856,0.6250005504000002
2.2400000000000002e-07,40.62496512000001,1.1249996799999997,-43.749985280000004,0.6875005440000006
2.245e-07,37.49996544000004,1.1249996799999997,-43.749985280000004,0.6250005504000002
2.2500000000000002e-07,40.62496512000001,1.0624996863999998,-46.874984960000006,0.6250005504000002
2.255e-07,40.62496512000001,1.1249996799999997,-37.49998592,0.5625005567999999
2.26e-07,40.62496512000001,1.1249996799999997,-40.6249856,0.5625005567999999
2.2650000000000002e-07,37.49996544000004,1.0624996863999998,-40.6249856,0.5000005632000004
2.27e-07,40.62496512000001,1.0624996863999998,-43.749985280000004,0.5000005632000004
2.2750000000000002e-07,43.74996480000004,1.1249996799999997,-40.6249856,0.43750056960000006
2.28e-07,40.62496512000001,0.9999996927999999,-40.6249856,0.5000005632000004
2.2850000000000001e-07,40.62496512000001,0.9999996927999999,-40.6249856,0.5000005632000004
2.2900000000000003e-07,40.62496512000001,1.0624996863999998,-43.749985280000004,0.43750056960000006
2.295e-07,40.62496512000001,1.0624996863999998,-40.6249856,0.3750005760000006
2.3000000000000002e-07,43.74996480000004,1.0624996863999998,-37.49998592,0.3125005824000002
2.305e-07,40.62496512000001,1.0624996863999998,-40.6249856,0.3750005760000006
2.3100000000000002e-07,43.74996480000004,1.0624996863999998,-37.49998592,0.3125005824000002
2.315e-07,43.74996480000004,1.0624996863999998,-34.37498624,0.25000058879999987
2.32e-07,40.62496512000001,0.9999996927999999,-37.49998592,0.25000058879999987
2.3250000000000002e-07,40.62496512000001,0.9999996927999999,-34.37498624,0.25000058879999987
2.33e-07,40.62496512000001,0.9999996927999999,-37.49998592,0.1875005952000004
2.3350000000000002e-07,40.62496512000001,0.9374996992,-28.124986879999994,0.12500060160000004
2.34e-07,40.62496512000001,0.9374996992,-28.124986879999994,0.1875005952000004
2.3450000000000002e-07,40.62496512000001,0.9374996992,-24.999987200000007,0.12500060160000004
2.3500000000000003e-07,40.62496512000001,0.9374996992,-21.874987520000005,0.06250060800000057
2.355e-07,43.74996480000004,0.9999996927999999,-18.749987840000003,6.14400000209514e-07
2.3600000000000002e-07,37.49996544000004,0.9374996992,-15.624988160000001,6.14400000209514e-07
2.365e-07,40.62496512000001,0.8749997056000001,-12.499988480000013,6.14400000209514e-07
2.3700000000000002e-07,40.62496512000001,0.9374996992,-15.624988160000001,-0.06249937920000015
2.375e-07,40.62496512000001,0.8124997119999997,-9.374988800000011,-0.06249937920000015
2.3800000000000001e-07,43.74996480000004,0.8124997119999997,-6.249989120000009,-0.12499937279999962
2.385e-07,37.49996544000004,0.8749997056000001,-6.249989120000009,-0.12499937279999962
2.39e-07,37.49996544000004,0.8124997119999997,-3.1249894400000073,-0.12499937279999962
2.395e-07,40.62496512000001,0.8124997119999997,1.0239999994610116e-05,-0.18749936639999998
2.4000000000000003e-07,40.62496512000001,0.8124997119999997,1.0239999994610116e-05,-0.24999935999999945
2.405e-07,37.49996544000004,0.8124997119999997,6.2500095999999985,-0.24999935999999945
2.41e-07,40.62496512000001,0.8124997119999997,6.2500095999999985,-0.24999935999999945
2.4150000000000004e-07,34.37496576000001,0.7499997183999998,15.62500863999999,-0.24999935999999945
2.42e-07,34.37496576000001,0.7499997183999998,15.62500863999999,-0.3124993535999998
2.425e-07,34.37496576000001,0.7499997183999998,18.750008319999992,-0.3124993535999998
2.43e-07,31.249966080000036,0.7499997183999998,21.875007999999994,-0.37499934720000017
2.4350000000000003e-07,34.37496576000001,0.7499997183999998,25.000007679999996,-0.37499934720000017
2.44e-07,28.124966400000005,0.6874997247999999,28.125007359999998,-0.37499934720000017
2.445e-07,34.37496576000001,0.6874997247999999,31.25000704,-0.37499934720000017
2.4500000000000004e-07,28.124966400000005,0.6874997247999999,34.37500672,-0.43749934079999964
2.455e-07,28.124966400000005,0.6874997247999999,40.62500608,-0.43749934079999964
2.46e-07,24.99996672000003,0.5624997376,40.62500608,-0.37499934720000017
2.465e-07,24.99996672000003,0.6249997312,40.62500608,-0.4999993344
2.4700000000000003e-07,21.87496704,0.49999974400000013,40.62500608,-0.4999993344
2.475e-07,15.624967679999997,0.5624997376,46.875005439999995,-0.5624993279999995
2.48e-07,15.624967679999997,0.49999974400000013,43.75000575999999,-0.6249993215999998
2.4850000000000003e-07,12.499968000000024,0.49999974400000013,46.875005439999995,-0.5624993279999995
2.49e-07,12.499968000000024,0.4374997503999998,43.75000575999999,-0.6874993152000002
2.495e-07,6.24996864000002,0.4374997503999998,50.00000512,-0.6249993215999998
2.5000000000000004e-07,3.1249689599999897,0.49999974400000013,43.75000575999999,-0.6249993215999998
2.505e-07,-3.071999998383035e-05,0.4374997503999998,43.75000575999999,-0.6249993215999998
2.51e-07,-3.071999998383035e-05,0.4374997503999998,43.75000575999999,-0.6874993152000002
2.515e-07,-3.1250303999999574,0.4374997503999998,43.75000575999999,-0.6874993152000002
2.5200000000000003e-07,-9.375029759999961,0.37499975679999986,40.62500608,-0.7499993087999997
2.525e-07,-9.375029759999961,0.31249976319999995,40.62500608,-0.7499993087999997
2.53e-07,-12.500029439999992,0.31249976319999995,40.62500608,-0.8124993024
2.5350000000000004e-07,-15.625029119999965,0.37499975679999986,43.75000575999999,-0.8124993024
2.54e-07,-18.750028799999995,0.31249976319999995,43.75000575999999,-0.8124993024
2.545e-07,-18.750028799999995,0.24999976960000003,40.62500608,-0.8749992959999995
2.55e-07,-25.00002816,0.24999976960000003,40.62500608,-0.8124993024
2.5550000000000003e-07,-28.125027839999973,0.24999976960000003,40.62500608,-0.9374992895999998
2.56e-07,-28.125027839999973,0.18749977600000012,40.62500608,-0.9374992895999998
2.565e-07,-34.37502719999998,0.18749977600000012,40.62500608,-0.9374992895999998
2.5700000000000004e-07,-37.50002688000001,0.12499978239999976,40.62500608,-0.9374992895999998
2.575e-07,-37.50002688000001,0.12499978239999976,46.875005439999995,-0.9374992895999998
2.58e-07,-40.62502655999998,0.062499788799999845,43.75000575999999,-0.9374992895999998
2.585e-07,-43.75002624000001,0.062499788799999845,46.875005439999995,-0.9374992895999998
2.5900000000000003e-07,-46.875025919999985,0.062499788799999845,46.875005439999995,-0.9374992895999998
2.595e-07,-46.875025919999985,0.062499788799999845,50.00000512,-0.9999992831999993
2.6e-07,-50.00002559999999,0.062499788799999845,50.00000512,-0.9999992831999993
2.6050000000000004e-07,-46.875025919999985,-2.04800000069838e-07,50.00000512,-0.9374992895999998
2.61e-07,-46.875025919999985,-0.06250019839999998,46.875005439999995,-0.9999992831999993
2.615e-07,-50.00002559999999,-0.06250019839999998,53.1250048,-1.0624992767999997
2.62e-07,-53.12502527999999,-0.12500019200000012,53.1250048,-0.9999992831999993
2.6250000000000003e-07,-53.12502527999999,-0.12500019200000012,50.00000512,-0.9999992831999993
2.63e-07,-53.12502527999999,-0.12500019200000012,46.875005439999995,-0.9999992831999993
2.635e-07,-53.12502527999999,-0.12500019200000012,53.1250048,-1.1249992704
2.6400000000000003e-07,-53.12502527999999,-0.18750018560000004,46.875005439999995,-1.1249992704
2.645e-07,-53.12502527999999,-0.18750018560000004,46.875005439999995,-1.1249992704
2.65e-07,-53.12502527999999,-0.3125001728000001,43.75000575999999,-1.1249992704
2.6550000000000004e-07,-56.25002495999999,-0.25000017920000017,46.875005439999995,-1.1249992704
2.66e-07,-59.37502463999999,-0.3125001728000001,46.875005439999995,-1.1249992704
2.665e-07,-56.25002495999999,-0.3750001664,46.875005439999995,-1.1249992704
2.67e-07,-59.37502463999999,-0.3750001664,43.75000575999999,-1.1874992639999995
2.6750000000000003e-07,-59.37502463999999,-0.3750001664,40.62500608,-1.1874992639999995
2.68e-07,-62.500024319999994,-0.43750016000000014,40.62500608,-1.1874992639999995
2.685e-07,-59.37502463999999,-0.43750016000000014,40.62500608,-1.1874992639999995
2.6900000000000004e-07,-62.500024319999994,-0.43750016000000014,40.62500608,-1.2499992575999999
2.695e-07,-62.500024319999994,-0.43750016000000014,43.75000575999999,-1.2499992575999999
2.7e-07,-62.500024319999994,-0.5000001536,43.75000575999999,-1.1874992639999995
2.705e-07,-59.37502463999999,-0.6250001408000001,43.75000575999999,-1.1874992639999995
2.7100000000000003e-07,-62.500024319999994,-0.5625001472,40.62500608,-1.2499992575999999
2.715e-07,-62.500024319999994,-0.5625001472,40.62500608,-1.2499992575999999
2.72e-07,-65.625024,-0.5625001472,40.62500608,-1.3124992511999993
2.7250000000000004e-07,-65.625024,-0.5625001472,43.75000575999999,-1.3124992511999993
2.73e-07,-65.625024,-0.6250001408000001,43.75000575999999,-1.3124992511999993
2.735e-07,-65.625024,-0.6250001408000001,46.875005439999995,-1.2499992575999999
2.74e-07,-65.625024,-0.6250001408000001,46.875005439999995,-1.2499992575999999
2.7450000000000003e-07,-62.500024319999994,-0.7500001279999999,46.875005439999995,-1.2499992575999999
2.75e-07,-65.625024,-0.7500001279999999,43.75000575999999,-1.2499992575999999
2.755e-07,-62.500024319999994,-0.7500001279999999,43.75000575999999,-1.2499992575999999
2.7600000000000004e-07,-68.75002368,-0.8125001216000001,43.75000575999999,-1.2499992575999999
2.765e-07,-62.500024319999994,-0.8125001216000001,43.75000575999999,-1.1874992639999995
2.77e-07,-62.500024319999994,-0.8125001216000001,43.75000575999999,-1.3124992511999993
2.7750000000000004e-07,-62.500024319999994,-0.8750001152,46.875005439999995,-1.2499992575999999
2.7800000000000003e-07,-62.500024319999994,-0.8750001152,46.875005439999995,-1.1874992639999995
2.785e-07,-62.500024319999994,-0.9375001088000001,46.875005439999995,-1.1874992639999995
2.79e-07,-62.500024319999994,-0.9375001088000001,43.75000575999999,-1.2499992575999999
2.7950000000000003e-07,-62.500024319999994,-0.9375001088000001,46.875005439999995,-1.2499992575999999
2.8e-07,-59.37502463999999,-1.0000001024,43.75000575999999,-1.3124992511999993
2.805e-07,-59.37502463999999,-1.0000001024,43.75000575999999,-1.2499992575999999
2.8100000000000004e-07,-56.25002495999999,-1.062500096,37.5000064,-1.3124992511999993
2.815e-07,-59.37502463999999,-1.062500096,43.75000575999999,-1.1874992639999995
2.82e-07,-59.37502463999999,-1.0000001024,40.62500608,-1.1874992639999995
2.825e-07,-59.37502463999999,-1.0000001024,40.62500608,-1.1874992639999995
2.8300000000000003e-07,-59.37502463999999,-1.0000001024,40.62500608,-1.1874992639999995
2.835e-07,-56.25002495999999,-1.0000001024,40.62500608,-1.1249992704
2.84e-07,-62.500024319999994,-1.062500096,37.5000064,-1.1874992639999995
2.8450000000000004e-07,-59.37502463999999,-1.1250000896,37.5000064,-1.1874992639999995
2.85e-07,-56.25002495999999,-1.062500096,37.5000064,-1.2499992575999999
2.855e-07,-56.25002495999999,-1.062500096,43.75000575999999,-1.1249992704
2.86e-07,-56.25002495999999,-1.1875000832,40.62500608,-1.1249992704
2.8650000000000003e-07,-56.25002495999999,-1.1875000832,40.62500608,-1.0624992767999997
2.87e-07,-56.25002495999999,-1.1875000832,43.75000575999999,-1.0624992767999997
2.875e-07,-56.25002495999999,-1.1875000832,43.75000575999999,-1.1249992704
2.8800000000000004e-07,-56.25002495999999,-1.2500000768000001,43.75000575999999,-1.1249992704
2.885e-07,-56.25002495999999,-1.1875000832,43.75000575999999,-1.1249992704
2.89e-07,-56.25002495999999,-1.1875000832,40.62500608,-1.1249992704
2.895e-07,-59.37502463999999,-1.1875000832,46.875005439999995,-1.0624992767999997
2.9000000000000003e-07,-59.37502463999999,-1.1875000832,43.75000575999999,-0.9999992831999993
2.905e-07,-62.500024319999994,-1.2500000768000001,43.75000575999999,-1.0624992767999997
2.91e-07,-59.37502463999999,-1.2500000768000001,43.75000575999999,-1.0624992767999997
2.9150000000000004e-07,-59.37502463999999,-1.2500000768000001,43.75000575999999,-0.9999992831999993
2.92e-07,-62.500024319999994,-1.2500000768000001,43.75000575999999,-0.9374992895999998
2.925e-07,-62.500024319999994,-1.3125000704,40.62500608,-0.8749992959999995
2.9300000000000004e-07,-62.500024319999994,-1.1875000832,40.62500608,-0.9374992895999998
2.9350000000000003e-07,-62.500024319999994,-1.2500000768000001,46.875005439999995,-0.9374992895999998
2.94e-07,-62.500024319999994,-1.2500000768000001,43.75000575999999,-0.9374992895999998
2.945e-07,-65.625024,-1.2500000768000001,40.62500608,-0.8124993024
2.9500000000000003e-07,-62.500024319999994,-1.2500000768000001,40.62500608,-0.8124993024
2.955e-07,-68.75002368,-1.1875000832,40.62500608,-0.8749992959999995
2.96e-07,-62.500024319999994,-1.2500000768000001,37.5000064,-0.8124993024
2.9650000000000004e-07,-62.500024319999994,-1.2500000768000001,34.37500672,-0.8124993024
2.97e-07,-62.500024319999994,-1.2500000768000001,34.37500672,-0.8124993024
2.975e-07,-65.625024,-1.3125000704,40.62500608,-0.7499993087999997
2.98e-07,-68.75002368,-1.1875000832,37.5000064,-0.6874993152000002
2.9850000000000003e-07,-68.75002368,-1.1875000832,37.5000064,-0.6874993152000002
2.99e-07,-65.625024,-1.2500000768000001,34.37500672,-0.6249993215999998
2.995e-07,-62.500024319999994,-1.1875000832,37.5000064,-0.6249993215999998
3.0000000000000004e-07,-68.75002368,-1.1875000832,37.5000064,-0.5624993279999995
3.005e-07,-65.625024,-1.2500000768000001,34.37500672,-0.5624993279999995
3.01e-07,-65.625024,-1.2500000768000001,37.5000064,-0.5624993279999995
3.015e-07,-65.625024,-1.2500000768000001,40.62500608,-0.5624993279999995
3.0200000000000003e-07,-62.500024319999994,-1.2500000768000001,40.62500608,-0.5624993279999995
3.025e-07,-65.625024,-1.1875000832,37.5000064,-0.4999993344
3.03e-07,-62.500024319999994,-1.2500000768000001,34.37500672,-0.37499934720000017
3.0350000000000004e-07,-65.625024,-1.1875000832,37.5000064,-0.43749934079999964
3.04e-07,-62.500024319999994,-1.2500000768000001,34.37500672,-0.43749934079999964
3.045e-07,-65.625024,-1.1875000832,34.37500672,-0.37499934720000017
3.0500000000000004e-07,-65.625024,-1.1875000832,28.125007359999998,-0.37499934720000017
3.0550000000000003e-07,-68.75002368,-1.1875000832,34.37500672,-0.24999935999999945
3.06e-07,-68.75002368,-1.062500096,31.25000704,-0.3124993535999998
3.065e-07,-65.625024,-1.1250000896,28.125007359999998,-0.24999935999999945
3.0700000000000004e-07,-65.625024,-1.1250000896,25.000007679999996,-0.18749936639999998
3.075e-07,-62.500024319999994,-1.062500096,25.000007679999996,-0.18749936639999998
3.08e-07,-62.500024319999994,-1.062500096,21.875007999999994,-0.12499937279999962
3.0850000000000004e-07,-62.500024319999994,-1.062500096,18.750008319999992,-0.12499937279999962
3.0900000000000003e-07,-65.625024,-1.062500096,15.62500863999999,-0.12499937279999962
3.095e-07,-65.625024,-1.062500096,18.750008319999992,-0.12499937279999962
3.1e-07,-62.500024319999994,-1.1250000896,15.62500863999999,-0.12499937279999962
3.1050000000000003e-07,-62.500024319999994,-1.062500096,9.37500928,-0.06249937920000015
3.11e-07,-62.500024319999994,-1.062500096,9.37500928,0.06250060800000057
3.115e-07,-65.625024,-0.9375001088000001,9.37500928,0.06250060800000057
3.1200000000000004e-07,-62.500024319999994,-1.0000001024,1.0239999994610116e-05,0.06250060800000057
3.125e-07,-62.500024319999994,-0.9375001088000001,1.0239999994610116e-05,0.06250060800000057
3.13e-07,-62.500024319999994,-0.9375001088000001,-3.1249894400000073,0.12500060160000004
3.135e-07,-62.500024319999994,-1.0000001024,-3.1249894400000073,0.12500060160000004
3.1400000000000003e-07,-62.500024319999994,-0.9375001088000001,-9.374988800000011,0.1875005952000004
3.145e-07,-62.500024319999994,-0.9375001088000001,-12.499988480000013,0.1875005952000004
3.15e-07,-62.500024319999994,-0.9375001088000001,-15.624988160000001,0.25000058879999987
3.1550000000000004e-07,-56.25002495999999,-0.8125001216000001,-18.749987840000003,0.25000058879999987
3.16e-07,-59.37502463999999,-0.8750001152,-21.874987520000005,0.25000058879999987
3.165e-07,-56.25002495999999,-0.9375001088000001,-28.124986879999994,0.25000058879999987
3.1700000000000005e-07,-56.25002495999999,-0.8750001152,-31.249986559999996,0.3125005824000002
3.1750000000000003e-07,-56.25002495999999,-0.8750001152,-31.249986559999996,0.3125005824000002
3.18e-07,-53.12502527999999,-0.8125001216000001,-37.49998592,0.3750005760000006
3.185e-07,-53.12502527999999,-0.8125001216000001,-40.6249856,0.3750005760000006
3.1900000000000004e-07,-50.00002559999999,-0.8125001216000001,-40.6249856,0.43750056960000006
3.195e-07,-50.00002559999999,-0.7500001279999999,-43.749985280000004,0.43750056960000006
3.2e-07,-43.75002624000001,-0.7500001279999999,-49.99998464000001,0.43750056960000006
3.2050000000000004e-07,-50.00002559999999,-0.6875001344,-53.12498432000001,0.5000005632000004
3.2100000000000003e-07,-43.75002624000001,-0.6875001344,-59.374983680000014,0.43750056960000006
3.215e-07,-43.75002624000001,-0.6875001344,-53.12498432000001,0.43750056960000006
3.22e-07,-37.50002688000001,-0.6250001408000001,-53.12498432000001,0.5000005632000004
3.2250000000000004e-07,-37.50002688000001,-0.6875001344,-49.99998464000001,0.5625005567999999
3.23e-07,-34.37502719999998,-0.6250001408000001,-53.12498432000001,0.5625005567999999
3.235e-07,-28.125027839999973,-0.5625001472,-53.12498432000001,0.5625005567999999
3.2400000000000004e-07,-31.250027520000003,-0.6250001408000001,-53.12498432000001,0.6250005504000002
3.2450000000000003e-07,-25.00002816,-0.5625001472,-49.99998464000001,0.6875005440000006
3.25e-07,-21.87502847999997,-0.5625001472,-53.12498432000001,0.6875005440000006
3.255e-07,-18.750028799999995,-0.5625001472,-46.874984960000006,0.6250005504000002
3.2600000000000003e-07,-15.625029119999965,-0.5000001536,-49.99998464000001,0.6250005504000002
3.265e-07,-12.500029439999992,-0.5000001536,-49.99998464000001,0.7500005376000001
3.27e-07,-9.375029759999961,-0.5000001536,-46.874984960000006,0.8125005312000004
3.2750000000000004e-07,-12.500029439999992,-0.43750016000000014,-43.749985280000004,0.7500005376000001
3.28e-07,-3.1250303999999574,-0.43750016000000014,-49.99998464000001,0.7500005376000001
3.285e-07,-3.1250303999999574,-0.3750001664,-49.99998464000001,0.8125005312000004
3.29e-07,3.1249689599999897,-0.3750001664,-49.99998464000001,0.7500005376000001
3.2950000000000003e-07,3.1249689599999897,-0.3750001664,-46.874984960000006,0.8125005312000004
3.3e-07,6.24996864000002,-0.3125001728000001,-46.874984960000006,0.8750005247999999
3.305e-07,9.374968319999994,-0.3125001728000001,-46.874984960000006,0.8750005247999999
3.3100000000000004e-07,9.374968319999994,-0.25000017920000017,-49.99998464000001,0.8750005247999999
3.315e-07,15.624967679999997,-0.18750018560000004,-49.99998464000001,0.8750005247999999
3.32e-07,12.499968000000024,-0.18750018560000004,-49.99998464000001,1.0000005119999997
3.3250000000000005e-07,18.749967360000028,-0.18750018560000004,-49.99998464000001,0.9375005184000003
3.3300000000000003e-07,18.749967360000028,-0.18750018560000004,-53.12498432000001,0.8750005247999999
3.335e-07,21.87496704,-0.18750018560000004,-49.99998464000001,0.9375005184000003
3.34e-07,21.87496704,-0.12500019200000012,-56.24998400000001,1.0000005119999997
3.3450000000000004e-07,28.124966400000005,-0.12500019200000012,-56.24998400000001,0.9375005184000003
3.35e-07,24.99996672000003,-0.06250019839999998,-53.12498432000001,1.0000005119999997
3.355e-07,24.99996672000003,-0.06250019839999998,-53.12498432000001,1.0000005119999997
3.3600000000000004e-07,24.99996672000003,-2.04800000069838e-07,-56.24998400000001,1.0000005119999997
3.3650000000000003e-07,24.99996672000003,-2.04800000069838e-07,-56.24998400000001,1.0625005056
3.37e-07,31.249966080000036,-2.04800000069838e-07,-59.374983680000014,0.9375005184000003
3.375e-07,28.124966400000005,0.062499788799999845,-53.12498432000001,1.0000005119999997
3.3800000000000004e-07,31.249966080000036,0.062499788799999845,-56.24998400000001,1.0625005056
3.385e-07,31.249966080000036,0.062499788799999845,-53.12498432000001,1.1250004992000004
3.39e-07,31.249966080000036,0.18749977600000012,-53.12498432000001,1.0625005056
3.3950000000000004e-07,37.49996544000004,0.18749977600000012,-53.12498432000001,1.1250004992000004
3.4000000000000003e-07,34.37496576000001,0.24999976960000003,-49.99998464000001,1.1250004992000004
3.405e-07,34.37496576000001,0.18749977600000012,-49.99998464000001,1.1875004928
3.41e-07,34.37496576000001,0.24999976960000003,-49.99998464000001,1.1250004992000004
3.4150000000000003e-07,34.37496576000001,0.31249976319999995,-46.874984960000006,1.1250004992000004
3.42e-07,34.37496576000001,0.31249976319999995,-46.874984960000006,1.1250004992000004
3.425e-07,37.49996544000004,0.31249976319999995,-49.99998464000001,1.1250004992000004
3.4300000000000004e-07,37.49996544000004,0.31249976319999995,-46.874984960000006,1.1250004992000004
3.435e-07,34.37496576000001,0.37499975679999986,-46.874984960000006,1.1250004992000004
3.44e-07,37.49996544000004,0.37499975679999986,-49.99998464000001,1.1875004928
3.4450000000000005e-07,34.37496576000001,0.4374997503999998,-46.874984960000006,1.1250004992000004
3.4500000000000003e-07,40.62496512000001,0.4374997503999998,-49.99998464000001,1.1250004992000004
3.455e-07,40.62496512000001,0.49999974400000013,-49.99998464000001,1.1875004928
3.46e-07,37.49996544000004,0.49999974400000013,-49.99998464000001,1.2500004864000003
3.4650000000000004e-07,37.49996544000004,0.49999974400000013,-49.99998464000001,1.2500004864000003
3.47e-07,37.49996544000004,0.5624997376,-53.12498432000001,1.1875004928
3.475e-07,40.62496512000001,0.6249997312,-49.99998464000001,1.2500004864000003
3.4800000000000005e-07,37.49996544000004,0.6874997247999999,-49.99998464000001,1.2500004864000003
3.4850000000000003e-07,40.62496512000001,0.6249997312,-53.12498432000001,1.1875004928
3.49e-07,40.62496512000001,0.6249997312,-53.12498432000001,1.1875004928
3.495e-07,37.49996544000004,0.6874997247999999,-46.874984960000006,1.2500004864000003
3.5000000000000004e-07,37.49996544000004,0.7499997183999998,-49.99998464000001,1.1875004928
3.505e-07,40.62496512000001,0.7499997183999998,-53.12498432000001,1.1875004928
3.51e-07,40.62496512000001,0.6874997247999999,-49.99998464000001,1.2500004864000003
3.5150000000000004e-07,40.62496512000001,0.7499997183999998,-46.874984960000006,1.1875004928
3.5200000000000003e-07,40.62496512000001,0.8124997119999997,-53.12498432000001,1.1250004992000004
3.525e-07,34.37496576000001,0.8124997119999997,-53.12498432000001,1.1875004928
3.53e-07,37.49996544000004,0.8124997119999997,-49.99998464000001,1.1875004928
3.5350000000000004e-07,34.37496576000001,0.8124997119999997,-46.874984960000006,1.1875004928
3.54e-07,37.49996544000004,0.8749997056000001,-49.99998464000001,1.1875004928
3.545e-07,37.49996544000004,0.8749997056000001,-46.874984960000006,1.1875004928
3.5500000000000004e-07,37.49996544000004,0.8749997056000001,-49.99998464000001,1.1875004928
3.5550000000000003e-07,37.49996544000004,0.8749997056000001,-49.99998464000001,1.1875004928
3.56e-07,34.37496576000001,0.8749997056000001,-46.874984960000006,1.1875004928
3.565e-07,37.49996544000004,0.8749997056000001,-46.874984960000006,1.1875004928
3.5700000000000003e-07,34.37496576000001,0.9374996992,-46.874984960000006,1.1250004992000004
3.575e-07,37.49996544000004,0.9374996992,-43.749985280000004,1.1250004992000004
3.58e-07,37.49996544000004,0.9374996992,-46.874984960000006,1.1250004992000004
3.5850000000000004e-07,37.49996544000004,0.9999996927999999,-46.874984960000006,1.1875004928
3.59e-07,37.49996544000004,0.9999996927999999,-46.874984960000006,1.1250004992000004
3.595e-07,37.49996544000004,1.0624996863999998,-46.874984960000006,1.0625005056
3.6000000000000005e-07,34.37496576000001,0.9999996927999999,-49.99998464000001,1.1250004992000004
3.6050000000000003e-07,34.37496576000001,0.9999996927999999,-49.99998464000001,1.0625005056
3.61e-07,37.49996544000004,0.9999996927999999,-46.874984960000006,1.0000005119999997
3.615e-07,34.37496576000001,1.0624996863999998,-49.99998464000001,1.0625005056
3.6200000000000004e-07,34.37496576000001,1.0624996863999998,-53.12498432000001,1.0625005056
3.625e-07,37.49996544000004,1.0624996863999998,-49.99998464000001,1.0625005056
3.63e-07,37.49996544000004,1.0624996863999998,-53.12498432000001,1.0000005119999997
3.6350000000000005e-07,37.49996544000004,1.1249996799999997,-49.99998464000001,0.9375005184000003
3.6400000000000003e-07,37.49996544000004,1.0624996863999998,-49.99998464000001,1.0000005119999997
3.645e-07,37.49996544000004,1.1249996799999997,-49.99998464000001,1.0000005119999997
3.65e-07,40.62496512000001,1.1249996799999997,-53.12498432000001,0.8750005247999999
3.6550000000000004e-07,40.62496512000001,1.0624996863999998,-46.874984960000006,0.9375005184000003
3.66e-07,37.49996544000004,1.0624996863999998,-49.99998464000001,0.9375005184000003
3.665e-07,40.62496512000001,1.0624996863999998,-49.99998464000001,0.8750005247999999
3.6700000000000004e-07,37.49996544000004,1.0624996863999998,-46.874984960000006,0.8750005247999999
3.6750000000000003e-07,37.49996544000004,1.0624996863999998,-46.874984960000006,0.8125005312000004
3.68e-07,37.49996544000004,1.1249996799999997,-46.874984960000006,0.8125005312000004
3.685e-07,37.49996544000004,1.1249996799999997,-46.874984960000006,0.7500005376000001
3.6900000000000004e-07,40.62496512000001,1.0624996863999998,-46.874984960000006,0.7500005376000001
3.695e-07,40.62496512000001,1.1249996799999997,-43.749985280000004,0.6875005440000006
3.7e-07,40.62496512000001,1.1249996799999997,-43.749985280000004,0.7500005376000001
3.7050000000000004e-07,37.49996544000004,1.0624996863999998,-43.749985280000004,0.7500005376000001
3.7100000000000003e-07,37.49996544000004,1.0624996863999998,-43.749985280000004,0.6875005440000006
3.715e-07,40.62496512000001,1.1249996799999997,-43.749985280000004,0.6875005440000006
3.7200000000000005e-07,37.49996544000004,1.0624996863999998,-43.749985280000004,0.6875005440000006
3.7250000000000003e-07,40.62496512000001,0.9999996927999999,-43.749985280000004,0.6875005440000006
3.73e-07,40.62496512000001,1.0624996863999998,-43.749985280000004,0.5625005567999999
3.735e-07,40.62496512000001,1.0624996863999998,-40.6249856,0.5000005632000004
3.7400000000000004e-07,40.62496512000001,1.0624996863999998,-40.6249856,0.5000005632000004
3.745e-07,40.62496512000001,1.0624996863999998,-43.749985280000004,0.5000005632000004
3.75e-07,43.74996480000004,1.0624996863999998,-43.749985280000004,0.5000005632000004
3.7550000000000005e-07,43.74996480000004,1.0624996863999998,-43.749985280000004,0.43750056960000006
3.7600000000000003e-07,43.74996480000004,1.0624996863999998,-40.6249856,0.3750005760000006
3.765e-07,40.62496512000001,1.1249996799999997,-43.749985280000004,0.3750005760000006
3.77e-07,40.62496512000001,0.9999996927999999,-46.874984960000006,0.3125005824000002
3.7750000000000004e-07,40.62496512000001,0.9999996927999999,-40.6249856,0.3125005824000002
3.78e-07,40.62496512000001,1.0624996863999998,-40.6249856,0.3125005824000002
3.785e-07,40.62496512000001,1.0624996863999998,-37.49998592,0.3125005824000002
3.7900000000000005e-07,37.49996544000004,0.9999996927999999,-40.6249856,0.25000058879999987
3.7950000000000003e-07,43.74996480000004,0.9999996927999999,-37.49998592,0.25000058879999987
3.8e-07,40.62496512000001,0.9999996927999999,-37.49998592,0.1875005952000004
3.805e-07,43.74996480000004,0.9999996927999999,-31.249986559999996,0.1875005952000004
3.8100000000000004e-07,43.74996480000004,0.9999996927999999,-34.37498624,0.12500060160000004
3.815e-07,40.62496512000001,0.9999996927999999,-28.124986879999994,0.12500060160000004
3.82e-07,43.74996480000004,0.9374996992,-24.999987200000007,0.06250060800000057
3.8250000000000004e-07,43.74996480000004,0.9374996992,-24.999987200000007,0.06250060800000057
3.8300000000000003e-07,40.62496512000001,0.8749997056000001,-21.874987520000005,6.14400000209514e-07
3.835e-07,40.62496512000001,0.9999996927999999,-15.624988160000001,-0.06249937920000015
3.8400000000000005e-07,40.62496512000001,0.8749997056000001,-15.624988160000001,-0.06249937920000015
3.8450000000000004e-07,37.49996544000004,0.8749997056000001,-15.624988160000001,-0.06249937920000015
3.85e-07,40.62496512000001,0.8749997056000001,-18.749987840000003,-0.12499937279999962
3.855e-07,40.62496512000001,0.8124997119999997,-9.374988800000011,-0.12499937279999962
3.8600000000000004e-07,40.62496512000001,0.8749997056000001,-6.249989120000009,-0.12499937279999962
3.865e-07,40.62496512000001,0.8124997119999997,-3.1249894400000073,-0.12499937279999962
3.87e-07,37.49996544000004,0.7499997183999998,-6.249989120000009,-0.18749936639999998
3.8750000000000005e-07,40.62496512000001,0.8749997056000001,1.0239999994610116e-05,-0.18749936639999998
3.8800000000000003e-07,37.49996544000004,0.8124997119999997,3.1250099199999966,-0.18749936639999998
3.885e-07,40.62496512000001,0.7499997183999998,6.2500095999999985,-0.24999935999999945
3.89e-07,40.62496512000001,0.8124997119999997,9.37500928,-0.24999935999999945
3.8950000000000004e-07,37.49996544000004,0.7499997183999998,18.750008319999992,-0.3124993535999998
3.9e-07,37.49996544000004,0.7499997183999998,21.875007999999994,-0.3124993535999998
3.905e-07,34.37496576000001,0.6874997247999999,18.750008319999992,-0.3124993535999998
3.9100000000000005e-07,34.37496576000001,0.6874997247999999,25.000007679999996,-0.37499934720000017
3.9150000000000003e-07,31.249966080000036,0.6874997247999999,28.125007359999998,-0.43749934079999964
3.92e-07,31.249966080000036,0.6249997312,34.37500672,-0.4999993344
3.925e-07,28.124966400000005,0.6249997312,37.5000064,-0.4999993344
3.9300000000000004e-07,28.124966400000005,0.5624997376,37.5000064,-0.4999993344
3.935e-07,24.99996672000003,0.5624997376,43.75000575999999,-0.4999993344
3.94e-07,21.87496704,0.6249997312,40.62500608,-0.43749934079999964
3.9450000000000005e-07,18.749967360000028,0.5624997376,43.75000575999999,-0.4999993344
3.9500000000000003e-07,15.624967679999997,0.5624997376,46.875005439999995,-0.5624993279999995
3.955e-07,15.624967679999997,0.5624997376,43.75000575999999,-0.6249993215999998
3.96e-07,12.499968000000024,0.49999974400000013,46.875005439999995,-0.6249993215999998
3.9650000000000004e-07,9.374968319999994,0.49999974400000013,43.75000575999999,-0.6249993215999998
3.97e-07,6.24996864000002,0.49999974400000013,43.75000575999999,-0.6874993152000002
3.975e-07,3.1249689599999897,0.49999974400000013,46.875005439999995,-0.6874993152000002
3.9800000000000004e-07,3.1249689599999897,0.4374997503999998,40.62500608,-0.7499993087999997
3.9850000000000003e-07,3.1249689599999897,0.31249976319999995,43.75000575999999,-0.6874993152000002
3.99e-07,-3.1250303999999574,0.37499975679999986,46.875005439999995,-0.7499993087999997
3.9950000000000005e-07,-6.250030079999988,0.4374997503999998,46.875005439999995,-0.7499993087999997
4.0000000000000003e-07,-9.375029759999961,0.37499975679999986,40.62500608,-0.8124993024
4.005e-07,-15.625029119999965,0.31249976319999995,43.75000575999999,-0.8124993024
4.01e-07,-15.625029119999965,0.24999976960000003,37.5000064,-0.8124993024
4.0150000000000004e-07,-15.625029119999965,0.24999976960000003,43.75000575999999,-0.8749992959999995
4.02e-07,-18.750028799999995,0.24999976960000003,43.75000575999999,-0.8749992959999995
4.025e-07,-25.00002816,0.18749977600000012,43.75000575999999,-0.8124993024
4.0300000000000005e-07,-28.125027839999973,0.24999976960000003,40.62500608,-0.8749992959999995
4.0350000000000003e-07,-31.250027520000003,0.24999976960000003,40.62500608,-0.8749992959999995
4.04e-07,-34.37502719999998,0.18749977600000012,40.62500608,-0.8749992959999995
4.045e-07,-34.37502719999998,0.12499978239999976,40.62500608,-0.9374992895999998
4.0500000000000004e-07,-34.37502719999998,0.18749977600000012,40.62500608,-0.9374992895999998
4.055e-07,-37.50002688000001,0.18749977600000012,46.875005439999995,-0.9374992895999998
4.06e-07,-40.62502655999998,0.062499788799999845,46.875005439999995,-0.9374992895999998
4.0650000000000005e-07,-43.75002624000001,-2.04800000069838e-07,43.75000575999999,-0.9999992831999993
4.0700000000000003e-07,-43.75002624000001,0.062499788799999845,46.875005439999995,-0.9999992831999993
4.075e-07,-43.75002624000001,0.062499788799999845,50.00000512,-0.9999992831999993
4.08e-07,-46.875025919999985,-2.04800000069838e-07,46.875005439999995,-1.0624992767999997
4.0850000000000004e-07,-50.00002559999999,-0.06250019839999998,46.875005439999995,-1.0624992767999997
4.09e-07,-50.00002559999999,-0.12500019200000012,46.875005439999995,-1.1249992704
4.095e-07,-50.00002559999999,-0.12500019200000012,50.00000512,-1.0624992767999997
4.1000000000000004e-07,-53.12502527999999,-0.12500019200000012,50.00000512,-1.1249992704
4.1050000000000003e-07,-56.25002495999999,-0.18750018560000004,50.00000512,-1.0624992767999997
4.11e-07,-56.25002495999999,-0.18750018560000004,50.00000512,-1.0624992767999997
4.1150000000000005e-07,-53.12502527999999,-0.12500019200000012,43.75000575999999,-1.1249992704
4.1200000000000004e-07,-59.37502463999999,-0.18750018560000004,50.00000512,-1.1874992639999995
4.125e-07,-59.37502463999999,-0.25000017920000017,43.75000575999999,-1.1249992704
4.13e-07,-59.37502463999999,-0.25000017920000017,43.75000575999999,-1.2499992575999999
4.1350000000000004e-07,-56.25002495999999,-0.25000017920000017,50.00000512,-1.1249992704
4.1400000000000003e-07,-56.25002495999999,-0.3125001728000001,46.875005439999995,-1.1249992704
4.145e-07,-56.25002495999999,-0.3750001664,40.62500608,-1.1874992639999995
4.1500000000000005e-07,-59.37502463999999,-0.3750001664,40.62500608,-1.1249992704
4.1550000000000003e-07,-59.37502463999999,-0.3750001664,43.75000575999999,-1.2499992575999999
4.16e-07,-59.37502463999999,-0.43750016000000014,40.62500608,-1.3124992511999993
4.165e-07,-62.500024319999994,-0.5000001536,40.62500608,-1.2499992575999999
4.1700000000000004e-07,-62.500024319999994,-0.5000001536,40.62500608,-1.3124992511999993
4.175e-07,-62.500024319999994,-0.5625001472,40.62500608,-1.2499992575999999
4.18e-07,-65.625024,-0.5625001472,43.75000575999999,-1.2499992575999999
4.1850000000000005e-07,-65.625024,-0.6250001408000001,43.75000575999999,-1.2499992575999999
4.1900000000000003e-07,-68.75002368,-0.6250001408000001,43.75000575999999,-1.1874992639999995
4.195e-07,-62.500024319999994,-0.6250001408000001,43.75000575999999,-1.2499992575999999
4.2e-07,-65.625024,-0.6250001408000001,43.75000575999999,-1.2499992575999999
4.2050000000000004e-07,-65.625024,-0.6875001344,43.75000575999999,-1.2499992575999999
4.21e-07,-62.500024319999994,-0.6875001344,43.75000575999999,-1.3124992511999993
4.215e-07,-65.625024,-0.6875001344,46.875005439999995,-1.2499992575999999
4.2200000000000005e-07,-62.500024319999994,-0.7500001279999999,46.875005439999995,-1.2499992575999999
4.2250000000000003e-07,-65.625024,-0.8125001216000001,43.75000575999999,-1.2499992575999999
4.23e-07,-62.500024319999994,-0.8125001216000001,43.75000575999999,-1.2499992575999999
4.235e-07,-62.500024319999994,-0.8125001216000001,46.875005439999995,-1.3124992511999993
4.2400000000000004e-07,-62.500024319999994,-0.8750001152,43.75000575999999,-1.3124992511999993
4.245e-07,-65.625024,-0.8750001152,46.875005439999995,-1.3124992511999993
4.25e-07,-65.625024,-0.9375001088000001,43.75000575999999,-1.3124992511999993
4.2550000000000004e-07,-62.500024319999994,-0.8750001152,46.875005439999995,-1.2499992575999999
4.2600000000000003e-07,-68.75002368,-0.9375001088000001,46.875005439999995,-1.2499992575999999
4.265e-07,-65.625024,-0.9375001088000001,43.75000575999999,-1.2499992575999999
4.2700000000000005e-07,-62.500024319999994,-0.9375001088000001,43.75000575999999,-1.2499992575999999
4.2750000000000004e-07,-59.37502463999999,-0.9375001088000001,43.75000575999999,-1.2499992575999999
4.28e-07,-62.500024319999994,-1.0000001024,43.75000575999999,-1.1874992639999995
4.285e-07,-59.37502463999999,-1.0000001024,40.62500608,-1.1874992639999995
4.2900000000000004e-07,-59.37502463999999,-0.9375001088000001,40.62500608,-1.2499992575999999
4.2950000000000003e-07,-59.37502463999999,-1.062500096,43.75000575999999,-1.2499992575999999
4.3e-07,-59.37502463999999,-1.062500096,40.62500608,-1.1874992639999995
4.3050000000000005e-07,-59.37502463999999,-1.1250000896,37.5000064,-1.1874992639999995
4.3100000000000003e-07,-56.25002495999999,-1.062500096,40.62500608,-1.1249992704
4.315e-07,-56.25002495999999,-1.062500096,40.62500608,-1.2499992575999999
4.32e-07,-53.12502527999999,-1.1250000896,40.62500608,-1.1874992639999995
4.3250000000000004e-07,-56.25002495999999,-1.1250000896,40.62500608,-1.1874992639999995
4.33e-07,-56.25002495999999,-1.1250000896,37.5000064,-1.1874992639999995
4.335e-07,-59.37502463999999,-1.1250000896,43.75000575999999,-1.1249992704
4.3400000000000005e-07,-59.37502463999999,-1.1250000896,40.62500608,-1.1249992704
4.3450000000000003e-07,-56.25002495999999,-1.1250000896,43.75000575999999,-1.1249992704
4.35e-07,-59.37502463999999,-1.1250000896,40.62500608,-1.1249992704
4.355e-07,-56.25002495999999,-1.1250000896,43.75000575999999,-1.0624992767999997
4.3600000000000004e-07,-59.37502463999999,-1.1875000832,43.75000575999999,-1.1249992704
4.365e-07,-56.25002495999999,-1.2500000768000001,43.75000575999999,-1.0624992767999997
4.37e-07,-56.25002495999999,-1.1875000832,40.62500608,-1.0624992767999997
4.3750000000000005e-07,-59.37502463999999,-1.1875000832,46.875005439999995,-1.0624992767999997
4.3800000000000003e-07,-62.500024319999994,-1.2500000768000001,46.875005439999995,-1.0624992767999997
4.385e-07,-62.500024319999994,-1.3125000704,43.75000575999999,-0.9999992831999993
4.3900000000000005e-07,-59.37502463999999,-1.2500000768000001,40.62500608,-0.9374992895999998
4.3950000000000004e-07,-59.37502463999999,-1.1875000832,46.875005439999995,-0.9999992831999993
4.4e-07,-62.500024319999994,-1.2500000768000001,43.75000575999999,-0.9374992895999998
4.405e-07,-62.500024319999994,-1.2500000768000001,43.75000575999999,-0.9374992895999998
4.4100000000000004e-07,-62.500024319999994,-1.2500000768000001,37.5000064,-0.9374992895999998
4.4150000000000003e-07,-65.625024,-1.3125000704,43.75000575999999,-0.8749992959999995
4.42e-07,-68.75002368,-1.2500000768000001,37.5000064,-0.8749992959999995
4.4250000000000005e-07,-65.625024,-1.2500000768000001,40.62500608,-0.8124993024
4.4300000000000004e-07,-68.75002368,-1.2500000768000001,37.5000064,-0.8124993024
4.435e-07,-62.500024319999994,-1.1875000832,40.62500608,-0.7499993087999997
4.44e-07,-65.625024,-1.1875000832,37.5000064,-0.7499993087999997
4.4450000000000004e-07,-62.500024319999994,-1.3125000704,34.37500672,-0.7499993087999997
4.4500000000000003e-07,-65.625024,-1.2500000768000001,34.37500672,-0.7499993087999997
4.455e-07,-65.625024,-1.2500000768000001,40.62500608,-0.6874993152000002
4.4600000000000005e-07,-65.625024,-1.2500000768000001,37.5000064,-0.6874993152000002
4.4650000000000003e-07,-65.625024,-1.3125000704,34.37500672,-0.6249993215999998
4.47e-07,-62.500024319999994,-1.2500000768000001,37.5000064,-0.5624993279999995
4.475e-07,-65.625024,-1.1875000832,37.5000064,-0.6249993215999998
4.4800000000000004e-07,-68.75002368,-1.2500000768000001,37.5000064,-0.5624993279999995
4.485e-07,-65.625024,-1.1875000832,34.37500672,-0.5624993279999995
4.49e-07,-65.625024,-1.2500000768000001,37.5000064,-0.6249993215999998
4.4950000000000005e-07,-65.625024,-1.2500000768000001,40.62500608,-0.5624993279999995
4.5000000000000003e-07,-65.625024,-1.1875000832,37.5000064,-0.43749934079999964
4.505e-07,-68.75002368,-1.1875000832,37.5000064,-0.43749934079999964
4.51e-07,-65.625024,-1.2500000768000001,31.25000704,-0.43749934079999964
4.5150000000000004e-07,-62.500024319999994,-1.1875000832,34.37500672,-0.37499934720000017
4.52e-07,-62.500024319999994,-1.1875000832,31.25000704,-0.3124993535999998
4.525e-07,-62.500024319999994,-1.1875000832,31.25000704,-0.37499934720000017
4.5300000000000005e-07,-62.500024319999994,-1.1875000832,28.125007359999998,-0.37499934720000017
4.5350000000000003e-07,-65.625024,-1.1250000896,31.25000704,-0.3124993535999998
4.54e-07,-65.625024,-1.1250000896,28.125007359999998,-0.24999935999999945
4.5450000000000005e-07,-65.625024,-1.1875000832,21.875007999999994,-0.18749936639999998
4.5500000000000004e-07,-62.500024319999994,-1.1250000896,25.000007679999996,-0.18749936639999998
4.555e-07,-62.500024319999994,-1.062500096,21.875007999999994,-0.18749936639999998
4.56e-07,-62.500024319999994,-1.1250000896,15.62500863999999,-0.18749936639999998
4.5650000000000004e-07,-65.625024,-1.062500096,15.62500863999999,-0.18749936639999998
4.5700000000000003e-07,-62.500024319999994,-1.062500096,9.37500928,-0.12499937279999962
4.575e-07,-62.500024319999994,-1.062500096,12.500008960000002,-0.12499937279999962
4.5800000000000005e-07,-62.500024319999994,-1.062500096,3.1250099199999966,6.14400000209514e-07
4.5850000000000004e-07,-68.75002368,-1.062500096,6.2500095999999985,6.14400000209514e-07
4.59e-07,-65.625024,-1.0000001024,1.0239999994610116e-05,6.14400000209514e-07
4.595e-07,-62.500024319999994,-1.0000001024,1.0239999994610116e-05,0.06250060800000057
4.6000000000000004e-07,-68.75002368,-1.0000001024,1.0239999994610116e-05,0.06250060800000057
4.6050000000000003e-07,-62.500024319999994,-1.0000001024,-6.249989120000009,0.12500060160000004
4.61e-07,-62.500024319999994,-0.9375001088000001,-9.374988800000011,0.06250060800000057
4.6150000000000005e-07,-62.500024319999994,-0.9375001088000001,-6.249989120000009,0.12500060160000004
4.6200000000000003e-07,-62.500024319999994,-1.0000001024,-12.499988480000013,0.1875005952000004
4.625e-07,-62.500024319999994,-0.9375001088000001,-15.624988160000001,0.25000058879999987
4.63e-07,-62.500024319999994,-0.9375001088000001,-21.874987520000005,0.25000058879999987
4.6350000000000004e-07,-56.25002495999999,-0.8750001152,-18.749987840000003,0.1875005952000004
4.64e-07,-59.37502463999999,-0.8750001152,-28.124986879999994,0.25000058879999987
4.645e-07,-59.37502463999999,-0.8125001216000001,-31.249986559999996,0.3125005824000002
4.6500000000000005e-07,-56.25002495999999,-0.8750001152,-31.249986559999996,0.3125005824000002
4.6550000000000003e-07,-56.25002495999999,-0.8125001216000001,-34.37498624,0.25000058879999987
4.66e-07,-53.12502527999999,-0.7500001279999999,-37.49998592,0.3750005760000006
4.6650000000000005e-07,-53.12502527999999,-0.8125001216000001,-40.6249856,0.3125005824000002
4.6700000000000004e-07,-50.00002559999999,-0.7500001279999999,-46.874984960000006,0.3750005760000006
4.675e-07,-46.875025919999985,-0.6875001344,-46.874984960000006,0.3750005760000006
4.68e-07,-46.875025919999985,-0.6875001344,-49.99998464000001,0.5000005632000004
4.6850000000000005e-07,-43.75002624000001,-0.6875001344,-53.12498432000001,0.5000005632000004
4.6900000000000003e-07,-43.75002624000001,-0.6875001344,-56.24998400000001,0.5000005632000004
4.695e-07,-40.62502655999998,-0.6250001408000001,-49.99998464000001,0.5625005567999999
4.7000000000000005e-07,-37.50002688000001,-0.6250001408000001,-53.12498432000001,0.5625005567999999
4.7050000000000004e-07,-34.37502719999998,-0.6250001408000001,-53.12498432000001,0.6250005504000002
4.71e-07,-31.250027520000003,-0.5625001472,-46.874984960000006,0.6250005504000002
4.715e-07,-31.250027520000003,-0.5625001472,-49.99998464000001,0.6250005504000002
4.7200000000000004e-07,-25.00002816,-0.5625001472,-49.99998464000001,0.5625005567999999
4.7250000000000003e-07,-21.87502847999997,-0.5000001536,-53.12498432000001,0.6250005504000002
4.73e-07,-18.750028799999995,-0.5625001472,-49.99998464000001,0.6250005504000002
4.7350000000000005e-07,-15.625029119999965,-0.5625001472,-46.874984960000006,0.6250005504000002
4.7400000000000004e-07,-15.625029119999965,-0.5000001536,-46.874984960000006,0.6875005440000006
4.745e-07,-12.500029439999992,-0.43750016000000014,-46.874984960000006,0.6875005440000006
4.75e-07,-9.375029759999961,-0.5000001536,-49.99998464000001,0.6875005440000006
4.7550000000000004e-07,-3.1250303999999574,-0.3750001664,-46.874984960000006,0.7500005376000001
4.7600000000000003e-07,-3.1250303999999574,-0.43750016000000014,-46.874984960000006,0.8125005312000004
4.765e-07,3.1249689599999897,-0.43750016000000014,-46.874984960000006,0.8125005312000004
4.77e-07,6.24996864000002,-0.3125001728000001,-49.99998464000001,0.8125005312000004
4.775e-07,6.24996864000002,-0.3125001728000001,-43.749985280000004,0.8125005312000004
4.78e-07,9.374968319999994,-0.25000017920000017,-46.874984960000006,0.7500005376000001
4.785000000000001e-07,12.499968000000024,-0.25000017920000017,-49.99998464000001,0.8750005247999999
4.79e-07,12.499968000000024,-0.3125001728000001,-46.874984960000006,0.8750005247999999
4.795e-07,12.499968000000024,-0.18750018560000004,-46.874984960000006,0.8125005312000004
4.800000000000001e-07,15.624967679999997,-0.18750018560000004,-49.99998464000001,0.8750005247999999
4.805e-07,12.499968000000024,-0.12500019200000012,-53.12498432000001,0.9375005184000003
4.81e-07,18.749967360000028,-0.18750018560000004,-53.12498432000001,0.9375005184000003
4.815000000000001e-07,21.87496704,-0.12500019200000012,-53.12498432000001,0.9375005184000003
4.82e-07,21.87496704,-0.12500019200000012,-56.24998400000001,0.9375005184000003
4.825e-07,21.87496704,-0.06250019839999998,-53.12498432000001,1.0000005119999997
4.830000000000001e-07,21.87496704,-0.06250019839999998,-59.374983680000014,1.0000005119999997
4.835e-07,24.99996672000003,-2.04800000069838e-07,-59.374983680000014,1.0000005119999997
4.84e-07,21.87496704,-0.06250019839999998,-56.24998400000001,1.0625005056
4.845e-07,28.124966400000005,-2.04800000069838e-07,-53.12498432000001,1.0000005119999997
4.85e-07,28.124966400000005,0.062499788799999845,-56.24998400000001,1.0000005119999997
4.855e-07,28.124966400000005,0.062499788799999845,-49.99998464000001,1.0625005056
4.86e-07,31.249966080000036,0.062499788799999845,-53.12498432000001,1.1250004992000004
4.865e-07,31.249966080000036,0.12499978239999976,-56.24998400000001,1.1250004992000004
4.870000000000001e-07,37.49996544000004,0.18749977600000012,-49.99998464000001,1.0625005056
4.875e-07,34.37496576000001,0.18749977600000012,-46.874984960000006,1.0625005056
4.88e-07,31.249966080000036,0.12499978239999976,-49.99998464000001,1.1250004992000004
4.885000000000001e-07,31.249966080000036,0.24999976960000003,-46.874984960000006,1.0625005056
4.89e-07,34.37496576000001,0.24999976960000003,-49.99998464000001,1.0625005056
4.895e-07,34.37496576000001,0.24999976960000003,-46.874984960000006,1.1250004992000004
4.900000000000001e-07,34.37496576000001,0.37499975679999986,-46.874984960000006,1.1875004928
4.905e-07,34.37496576000001,0.31249976319999995,-46.874984960000006,1.1250004992000004
4.91e-07,37.49996544000004,0.37499975679999986,-46.874984960000006,1.1875004928
4.915000000000001e-07,37.49996544000004,0.4374997503999998,-46.874984960000006,1.1250004992000004
4.92e-07,34.37496576000001,0.4374997503999998,-46.874984960000006,1.1875004928
4.925e-07,40.62496512000001,0.4374997503999998,-49.99998464000001,1.1875004928
4.93e-07,37.49996544000004,0.4374997503999998,-53.12498432000001,1.1250004992000004
4.935e-07,40.62496512000001,0.49999974400000013,-46.874984960000006,1.1875004928
4.940000000000001e-07,37.49996544000004,0.49999974400000013,-49.99998464000001,1.1875004928
4.945e-07,37.49996544000004,0.49999974400000013,-49.99998464000001,1.2500004864000003
4.95e-07,37.49996544000004,0.49999974400000013,-49.99998464000001,1.2500004864000003
4.955000000000001e-07,37.49996544000004,0.6249997312,-49.99998464000001,1.1875004928
4.96e-07,37.49996544000004,0.6249997312,-53.12498432000001,1.1875004928
4.965e-07,34.37496576000001,0.6249997312,-53.12498432000001,1.2500004864000003
4.970000000000001e-07,40.62496512000001,0.6249997312,-53.12498432000001,1.1875004928
4.975e-07,37.49996544000004,0.6874997247999999,-53.12498432000001,1.2500004864000003
4.98e-07,34.37496576000001,0.7499997183999998,-53.12498432000001,1.1875004928
4.985000000000001e-07,34.37496576000001,0.7499997183999998,-49.99998464000001,1.1875004928
4.99e-07,34.37496576000001,0.7499997183999998,-56.24998400000001,1.1875004928
4.995e-07,37.49996544000004,0.8124997119999997,-53.12498432000001,1.1875004928
